"location","year","pressure_mean_second_minus_first","pressure_median_second_minus_first","discrimination_iqr_second_minus_first","n_nurseries_first","n_nurseries_second"
"Jashore",2018,-4.41034502262443,-3.1925,-2.53625,2,2
"Jashore",2019,-6.42096662170905,-6.345,-20,5,5
"Jashore",2020,2.03423351183498,0,0,5,5
"Jashore",2021,-3.26408090577244,0,-4.73636363625,3,3
"Jashore",2022,4.03229662287793,0,0,5,5
"Jashore",2023,-5.96562422200892,-2.98494397775,-0.918410770625,4,4
"Jashore",2024,3.4312213157484,6.1904761905,1.3753132835,2,2
"Okinawa",2018,2.75901366919586,0,2.91125,4,4
"Okinawa",2019,-4.126331958343,0,-19.5475,5,5
"Okinawa",2020,-1.90622295460809,0,0,5,5
"Okinawa",2021,2.07574605115385,0,2.8273809525,1,1
"Okinawa",2023,1.84226967044216,0,0,4,4
"Okinawa",2024,0.700512604513688,0,0,3,3
"Quirusillas",2018,1.22415894660915,0,-0.1625,4,4
"Quirusillas",2019,1.5321929279963,0,0,5,5
"Quirusillas",2020,-1.66393760672928,0,0,5,5
"Quirusillas",2021,-0.547271195214868,0,0,4,4
"Quirusillas",2023,-0.466072364304934,0,0,4,4
