nursery,series,source_file,environment_original,location,year,sowing,n_rows,observed,missing,invalid,zero_prop,mean,median,q1,q3,max
8HLBSN,HLBSN,8HLBSN_WB.csv,Quirusillas_2018_1st_sowing,Quirusillas,2018,1st,58,51,7,0,0.7058823529411765,7.37921568627451,0.0,0.0,5.58,63.35
8HLBSN,HLBSN,8HLBSN_WB.csv,Quirusillas_2018_2nd_sowing,Quirusillas,2018,2nd,58,51,7,0,0.7254901960784313,9.91235294117647,0.0,0.0,6.16,66.31
8HLBSN,HLBSN,8HLBSN_WB.csv,Jashore_2018_1st_sowing,Jashore,2018,1st,58,51,7,0,0.4117647058823529,12.341568627450979,6.47,0.0,10.0,95.37
8HLBSN,HLBSN,8HLBSN_WB.csv,Jashore_2018_2nd_sowing,Jashore,2018,2nd,58,51,7,0,0.4117647058823529,9.305686274509803,3.04,0.0,10.0,57.87
8HLBSN,HLBSN,8HLBSN_WB.csv,Okinawa_2018_1st_sowing,Okinawa,2018,1st,58,51,7,0,0.7843137254901961,3.7203921568627454,0.0,0.0,0.0,52.8
8HLBSN,HLBSN,8HLBSN_WB.csv,Okinawa_2018_2nd_sowing,Okinawa,2018,2nd,58,51,7,0,0.7254901960784313,8.773137254901961,0.0,0.0,2.55,66.43
9HLBSN,HLBSN,9HLBSN_WB.csv,Quirusillas_2018_1st_sowing,Quirusillas,2018,1st,56,51,5,0,0.8431372549019608,3.9835294117647058,0.0,0.0,0.0,66.89
9HLBSN,HLBSN,9HLBSN_WB.csv,Quirusillas_2018_2nd_sowing,Quirusillas,2018,2nd,56,52,4,0,0.9038461538461539,2.8128846153846156,0.0,0.0,0.0,69.78
9HLBSN,HLBSN,9HLBSN_WB.csv,Jashore_2018_1st_sowing,Jashore,2018,1st,56,52,4,0,0.28846153846153844,13.35576923076923,7.994999999999999,0.0,15.0725,77.0
9HLBSN,HLBSN,9HLBSN_WB.csv,Jashore_2018_2nd_sowing,Jashore,2018,2nd,56,52,4,0,0.4423076923076923,7.570961538461538,5.04,0.0,10.0,66.79
9HLBSN,HLBSN,9HLBSN_WB.csv,Okinawa_2018_1st_sowing,Okinawa,2018,1st,56,52,4,0,0.8653846153846154,2.7553846153846155,0.0,0.0,0.0,59.32
9HLBSN,HLBSN,9HLBSN_WB.csv,Okinawa_2018_2nd_sowing,Okinawa,2018,2nd,56,52,4,0,0.7307692307692307,6.052692307692308,0.0,0.0,3.2725,56.67
10HLBSN,HLBSN,10HLBSN_WB.csv,Quirusillas_2019_1st_sowing,Quirusillas,2019,1st,52,52,0,0,0.8269230769230769,8.013461538461538,0.0,0.0,0.0,90.17
10HLBSN,HLBSN,10HLBSN_WB.csv,Quirusillas_2019_2nd_sowing,Quirusillas,2019,2nd,52,52,0,0,0.7884615384615384,10.392307692307693,0.0,0.0,0.0,89.19
10HLBSN,HLBSN,10HLBSN_WB.csv,Jashore_2019_1st_sowing,Jashore,2019,1st,52,52,0,0,0.17307692307692307,30.644615384615385,22.6,10.0,40.24,100.0
10HLBSN,HLBSN,10HLBSN_WB.csv,Jashore_2019_2nd_sowing,Jashore,2019,2nd,52,52,0,0,0.5,16.411538461538463,5.0,0.0,18.5375,100.0
10HLBSN,HLBSN,10HLBSN_WB.csv,Okinawa_2019_1st_sowing,Okinawa,2019,1st,52,52,0,0,0.5,17.53673076923077,0.91,0.0,20.6475,100.0
10HLBSN,HLBSN,10HLBSN_WB.csv,Okinawa_2019_2nd_sowing,Okinawa,2019,2nd,52,52,0,0,0.75,12.640576923076923,0.0,0.0,1.1,100.0
11HLBSN,HLBSN,11HLBSN_WB.csv,Quirusillas_2020_1st_sowing,Quirusillas,2020,1st,52,52,0,0,0.8846153846153846,3.3201923076923077,0.0,0.0,0.0,84.34
11HLBSN,HLBSN,11HLBSN_WB.csv,Quirusillas_2020_2nd_sowing,Quirusillas,2020,2nd,52,52,0,0,0.9038461538461539,1.5138461538461538,0.0,0.0,0.0,53.09
11HLBSN,HLBSN,11HLBSN_WB.csv,Jashore_2020_1st_sowing,Jashore,2020,1st,52,52,0,0,0.8269230769230769,1.5144230769230769,0.0,0.0,0.0,10.0
11HLBSN,HLBSN,11HLBSN_WB.csv,Jashore_2020_2nd_sowing,Jashore,2020,2nd,52,52,0,0,0.7884615384615384,2.398653846153846,0.0,0.0,0.0,20.0
11HLBSN,HLBSN,11HLBSN_WB.csv,Okinawa_2020_1st_sowing,Okinawa,2020,1st,52,52,0,0,0.8461538461538461,2.338461538461538,0.0,0.0,0.0,72.14
11HLBSN,HLBSN,11HLBSN_WB.csv,Okinawa_2020_2nd_sowing,Okinawa,2020,2nd,52,52,0,0,0.9038461538461539,1.4732692307692308,0.0,0.0,0.0,31.51
12HLBSN,HLBSN,12HLBSN_WB.csv,Quirusillas_2021_1st_sowing,Quirusillas,2021,1st,52,52,0,0,0.9038461538461539,6.136595425576923,0.0,0.0,0.0,100.0
12HLBSN,HLBSN,12HLBSN_WB.csv,Quirusillas_2021_2nd_sowing,Quirusillas,2021,2nd,52,52,0,0,0.9038461538461539,3.944052085192308,0.0,0.0,0.0,73.5483871
12HLBSN,HLBSN,12HLBSN_WB.csv,Jashore_2021_1st_sowing,Jashore,2021,1st,52,52,0,0,0.6538461538461539,8.192307692307692,0.0,0.0,10.0,100.0
12HLBSN,HLBSN,12HLBSN_WB.csv,Jashore_2021_2nd_sowing,Jashore,2021,2nd,52,52,0,0,0.6346153846153846,8.240384615384615,0.0,0.0,10.0,100.0
12HLBSN,HLBSN,12HLBSN_WB.csv,Okinawa_2021_1st_sowing,Okinawa,2021,1st,52,52,0,0,0.8269230769230769,3.470757270192308,0.0,0.0,0.0,32.71604938
12HLBSN,HLBSN,12HLBSN_WB.csv,Okinawa_2021_2nd_sowing,Okinawa,2021,2nd,52,52,0,0,0.75,5.5465033213461545,0.0,0.0,2.8273809525,33.14285714
13HLBSN,HLBSN,13HLBSN_WB.csv.gz,Jashore_2022_1st_sowing,Jashore,2022,1st,50,50,0,0,0.1,16.3812769067,10.0,7.738095238,10.0,100.0
13HLBSN,HLBSN,13HLBSN_WB.csv.gz,Jashore_2022_2nd_sowing,Jashore,2022,2nd,50,50,0,0,0.06,23.8,10.0,10.0,20.0,100.0
13HLBSN,HLBSN,13HLBSN_WB.csv.gz,Okinawa_2022_2nd_sowing,Okinawa,2022,2nd,50,50,0,0,0.76,6.97155325508,0.0,0.0,0.0,61.05769231
14HLBSN,HLBSN,14HLBSN_WB.csv.gz,Jashore_2023_1st_sowing,Jashore,2023,1st,50,50,0,0,0.18,18.22084326262,7.888888889,4.80263157875,15.992089655000001,100.0
14HLBSN,HLBSN,14HLBSN_WB.csv.gz,Jashore_2023_2nd_sowing,Jashore,2023,2nd,50,50,0,0,0.24,9.639343007139999,6.470588235,2.0864661655,10.0,92.30769231
14HLBSN,HLBSN,14HLBSN_WB.csv.gz,Quirusillas_2023_1st_sowing,Quirusillas,2023,1st,50,50,0,0,0.88,5.3236584224,0.0,0.0,0.0,65.19337017
14HLBSN,HLBSN,14HLBSN_WB.csv.gz,Quirusillas_2023_2nd_sowing,Quirusillas,2023,2nd,50,50,0,0,0.88,6.1883796472000006,0.0,0.0,0.0,97.72727273
14HLBSN,HLBSN,14HLBSN_WB.csv.gz,Okinawa_2023_1st_sowing,Okinawa,2023,1st,50,50,0,0,0.88,6.8914264658,0.0,0.0,0.0,83.33333333
14HLBSN,HLBSN,14HLBSN_WB.csv.gz,Okinawa_2023_2nd_sowing,Okinawa,2023,2nd,50,50,0,0,0.82,10.8782721542,0.0,0.0,0.0,91.66666667
15HLBSN,HLBSN,15HLBSN_WB.csv,Quirusillas_2024_1st_sowing,Quirusillas,2024,1st,52,52,0,0,0.9423076923076923,2.7677388626923074,0.0,0.0,0.0,67.1641791
15HLBSN,HLBSN,15HLBSN_WB.csv,Jashore_2024_1st_sowing,Jashore,2024,1st,52,50,2,0,0.64,2.46456140358,0.0,0.0,4.166666667,18.66666667
15HLBSN,HLBSN,15HLBSN_WB.csv,Jashore_2024_2nd_sowing,Jashore,2024,2nd,52,50,2,0,0.46,2.7199937343200005,2.380952381,0.0,4.285714286,20.5
15HLBSN,HLBSN,15HLBSN_WB.csv,Okinawa_2024_1st_sowing,Okinawa,2024,1st,52,52,0,0,0.9423076923076923,2.2188217021153847,0.0,0.0,0.0,44.36619718
15HLBSN,HLBSN,15HLBSN_WB.csv,Okinawa_2024_2nd_sowing,Okinawa,2024,2nd,52,52,0,0,0.9615384615384616,2.1259455742307694,0.0,0.0,0.0,62.96296296
13HZAN,HZAN,13HZAN_WB.csv.gz,Jashore_2022_1st_sowing,Jashore,2022,1st,300,296,4,0,0.28378378378378377,14.972046482097973,10.0,0.0,10.0,98.02955665
13HZAN,HZAN,13HZAN_WB.csv.gz,Jashore_2022_2nd_sowing,Jashore,2022,2nd,300,296,4,0,0.46959459459459457,14.436700085128379,10.0,0.0,10.0,100.0
13HZAN,HZAN,13HZAN_WB.csv.gz,Okinawa_2022_2nd_sowing,Okinawa,2022,2nd,300,300,0,0,0.8433333333333334,5.063341418669999,0.0,0.0,0.0,93.47826087
14HZAN,HZAN,14HZAN_WB.csv.gz,Jashore_2023_1st_sowing,Jashore,2023,1st,234,234,0,0,0.11965811965811966,14.547525987397437,10.0,6.111111111,10.0,100.0
14HZAN,HZAN,14HZAN_WB.csv.gz,Jashore_2023_2nd_sowing,Jashore,2023,2nd,234,234,0,0,0.34615384615384615,11.133849414346155,6.111111111,0.0,10.0,100.0
14HZAN,HZAN,14HZAN_WB.csv.gz,Quirusillas_2023_1st_sowing,Quirusillas,2023,1st,234,234,0,0,0.9273504273504274,4.4796607996196585,0.0,0.0,0.0,96.42857143
14HZAN,HZAN,14HZAN_WB.csv.gz,Quirusillas_2023_2nd_sowing,Quirusillas,2023,2nd,234,234,0,0,0.9102564102564102,4.7419013851068375,0.0,0.0,0.0,100.0
14HZAN,HZAN,14HZAN_WB.csv.gz,Okinawa_2023_1st_sowing,Okinawa,2023,1st,234,234,0,0,0.9188034188034188,4.48591649534188,0.0,0.0,0.0,100.0
14HZAN,HZAN,14HZAN_WB.csv.gz,Okinawa_2023_2nd_sowing,Okinawa,2023,2nd,234,234,0,0,0.9358974358974359,5.074767275,0.0,0.0,0.0,98.8700565
15HZAN,HZAN,15HZAN_WB.csv,Jashore_2023_1st_sowing,Jashore,2023,1st,234,234,0,0,0.11965811965811966,14.547525987397437,10.0,6.111111111,10.0,100.0
15HZAN,HZAN,15HZAN_WB.csv,Jashore_2023_2nd_sowing,Jashore,2023,2nd,234,234,0,0,0.34615384615384615,11.133849414346155,6.111111111,0.0,10.0,100.0
15HZAN,HZAN,15HZAN_WB.csv,Quirusillas_2023_1st_sowing,Quirusillas,2023,1st,234,234,0,0,0.9273504273504274,4.4796607996196585,0.0,0.0,0.0,96.42857143
15HZAN,HZAN,15HZAN_WB.csv,Quirusillas_2023_2nd_sowing,Quirusillas,2023,2nd,234,234,0,0,0.9102564102564102,4.7419013851068375,0.0,0.0,0.0,100.0
15HZAN,HZAN,15HZAN_WB.csv,Okinawa_2023_1st_sowing,Okinawa,2023,1st,234,234,0,0,0.9188034188034188,4.48591649534188,0.0,0.0,0.0,100.0
15HZAN,HZAN,15HZAN_WB.csv,Okinawa_2023_2nd_sowing,Okinawa,2023,2nd,234,234,0,0,0.9358974358974359,5.074767275,0.0,0.0,0.0,98.8700565
50IBWSN,IBWSN,50IBWSN_WB.csv.gz,Quirusillas_2018_1st_sowing,Quirusillas,2018,1st,285,283,2,0,0.7491166077738516,7.454558303886925,0.0,0.0,0.325,87.15
50IBWSN,IBWSN,50IBWSN_WB.csv.gz,Quirusillas_2018_2nd_sowing,Quirusillas,2018,2nd,285,285,0,0,0.8736842105263158,9.996421052631579,0.0,0.0,0.0,100.0
50IBWSN,IBWSN,50IBWSN_WB.csv.gz,Okinawa_2018_1st_sowing,Okinawa,2018,1st,285,285,0,0,0.8456140350877193,5.28978947368421,0.0,0.0,0.0,72.87
50IBWSN,IBWSN,50IBWSN_WB.csv.gz,Okinawa_2018_2nd_sowing,Okinawa,2018,2nd,285,285,0,0,0.8035087719298246,5.197368421052632,0.0,0.0,0.0,73.19
50IBWSN,IBWSN,50IBWSN_WB.csv.gz,Quirusillas_2019_1st_sowing,Quirusillas,2019,1st,285,285,0,0,0.7964912280701755,8.399333333333333,0.0,0.0,0.0,100.0
50IBWSN,IBWSN,50IBWSN_WB.csv.gz,Quirusillas_2019_2nd_sowing,Quirusillas,2019,2nd,285,285,0,0,0.775438596491228,8.049087719298244,0.0,0.0,0.0,100.0
50IBWSN,IBWSN,50IBWSN_WB.csv.gz,Jashore_2019_1st_sowing,Jashore,2019,1st,285,204,81,0,0.45098039215686275,17.677254901960783,6.345000000000001,0.0,30.0,100.0
50IBWSN,IBWSN,50IBWSN_WB.csv.gz,Jashore_2019_2nd_sowing,Jashore,2019,2nd,285,173,112,0,0.47398843930635837,9.586473988439307,2.86,0.0,8.95,100.0
50IBWSN,IBWSN,50IBWSN_WB.csv.gz,Okinawa_2019_1st_sowing,Okinawa,2019,1st,285,285,0,0,0.6596491228070176,13.658526315789473,0.0,0.0,13.19,100.0
50IBWSN,IBWSN,50IBWSN_WB.csv.gz,Okinawa_2019_2nd_sowing,Okinawa,2019,2nd,285,284,1,0,0.7816901408450704,9.156091549295775,0.0,0.0,0.0,100.0
51IBWSN,IBWSN,51IBWSN_WB.csv.gz,Quirusillas_2019_1st_sowing,Quirusillas,2019,1st,302,301,1,0,0.7973421926910299,9.53156146179402,0.0,0.0,0.0,97.53
51IBWSN,IBWSN,51IBWSN_WB.csv.gz,Quirusillas_2019_2nd_sowing,Quirusillas,2019,2nd,302,302,0,0,0.804635761589404,12.448112582781457,0.0,0.0,0.0,100.0
51IBWSN,IBWSN,51IBWSN_WB.csv.gz,Jashore_2019_1st_sowing,Jashore,2019,1st,302,302,0,0,0.5165562913907285,15.01930463576159,0.0,0.0,14.665,100.0
51IBWSN,IBWSN,51IBWSN_WB.csv.gz,Jashore_2019_2nd_sowing,Jashore,2019,2nd,302,302,0,0,0.695364238410596,12.515165562913907,0.0,0.0,10.0,100.0
51IBWSN,IBWSN,51IBWSN_WB.csv.gz,Okinawa_2019_1st_sowing,Okinawa,2019,1st,302,302,0,0,0.6854304635761589,15.864072847682118,0.0,0.0,15.23,100.0
51IBWSN,IBWSN,51IBWSN_WB.csv.gz,Okinawa_2019_2nd_sowing,Okinawa,2019,2nd,302,302,0,0,0.7483443708609272,11.63271523178808,0.0,0.0,0.9450000000000001,95.73
51IBWSN,IBWSN,51IBWSN_WB.csv.gz,Jashore_2020_1st_sowing,Jashore,2020,1st,302,302,0,0,0.8245033112582781,4.895993377483443,0.0,0.0,0.0,100.0
51IBWSN,IBWSN,51IBWSN_WB.csv.gz,Jashore_2020_2nd_sowing,Jashore,2020,2nd,302,302,0,0,0.7615894039735099,7.406291390728477,0.0,0.0,0.0,100.0
51IBWSN,IBWSN,51IBWSN_WB.csv.gz,Quirusillas_2020_1st_sowing,Quirusillas,2020,1st,302,302,0,0,0.8344370860927153,6.993973509933774,0.0,0.0,0.0,97.4
51IBWSN,IBWSN,51IBWSN_WB.csv.gz,Quirusillas_2020_2nd_sowing,Quirusillas,2020,2nd,302,302,0,0,0.8543046357615894,4.686556291390728,0.0,0.0,0.0,83.83
51IBWSN,IBWSN,51IBWSN_WB.csv.gz,Okinawa_2020_1st_sowing,Okinawa,2020,1st,302,302,0,0,0.7152317880794702,9.772880794701987,0.0,0.0,3.6225,98.59
51IBWSN,IBWSN,51IBWSN_WB.csv.gz,Okinawa_2020_2nd_sowing,Okinawa,2020,2nd,302,296,6,0,0.8175675675675675,5.929054054054054,0.0,0.0,0.0,84.4
52IBWSN,IBWSN,52IBWSN_WB.csv.gz,Quirusillas_2020_1st_sowing,Quirusillas,2020,1st,286,286,0,0,0.8811188811188811,5.675664335664336,0.0,0.0,0.0,100.0
52IBWSN,IBWSN,52IBWSN_WB.csv.gz,Quirusillas_2020_2nd_sowing,Quirusillas,2020,2nd,286,286,0,0,0.8951048951048951,4.641013986013986,0.0,0.0,0.0,76.97
52IBWSN,IBWSN,52IBWSN_WB.csv.gz,Jashore_2020_1st_sowing,Jashore,2020,1st,286,286,0,0,0.8986013986013986,1.8869930069930068,0.0,0.0,0.0,74.63
52IBWSN,IBWSN,52IBWSN_WB.csv.gz,Jashore_2020_2nd_sowing,Jashore,2020,2nd,286,286,0,0,0.8986013986013986,2.6813986013986013,0.0,0.0,0.0,80.0
52IBWSN,IBWSN,52IBWSN_WB.csv.gz,Okinawa_2020_1st_sowing,Okinawa,2020,1st,286,275,11,0,0.7672727272727272,5.202072727272727,0.0,0.0,0.0,79.06
52IBWSN,IBWSN,52IBWSN_WB.csv.gz,Okinawa_2020_2nd_sowing,Okinawa,2020,2nd,286,286,0,0,0.8741258741258742,3.8711188811188815,0.0,0.0,0.0,77.54
52IBWSN,IBWSN,52IBWSN_WB.csv.gz,Jashore_2021_1st_sowing,Jashore,2021,1st,286,286,0,0,0.486013986013986,12.349895104895106,3.505,0.0,10.0,100.0
52IBWSN,IBWSN,52IBWSN_WB.csv.gz,Jashore_2021_2nd_sowing,Jashore,2021,2nd,286,286,0,0,0.7867132867132867,6.737377622377623,0.0,0.0,0.0,100.0
52IBWSN,IBWSN,52IBWSN_WB.csv.gz,Quirusillas_2021_1st_sowing,Quirusillas,2021,1st,286,286,0,0,0.8881118881118881,7.03020979020979,0.0,0.0,0.0,100.0
52IBWSN,IBWSN,52IBWSN_WB.csv.gz,Quirusillas_2021_2nd_sowing,Quirusillas,2021,2nd,286,286,0,0,0.8846153846153846,6.437132867132867,0.0,0.0,0.0,92.22
53IBWSN,IBWSN,53IBWSN_WB.csv.gz,Jashore_2021_1st_sowing,Jashore,2021,1st,284,284,0,0,0.5633802816901409,13.488171798880282,0.0,0.0,10.0,100.0
53IBWSN,IBWSN,53IBWSN_WB.csv.gz,Jashore_2021_2nd_sowing,Jashore,2021,2nd,284,284,0,0,0.7429577464788732,9.260369641003521,0.0,0.0,5.26363636375,100.0
53IBWSN,IBWSN,53IBWSN_WB.csv.gz,quirusillas_2021_1st_sowing,Quirusillas,2021,1st,284,283,1,0,0.8374558303886925,11.463592501413427,0.0,0.0,0.0,100.0
53IBWSN,IBWSN,53IBWSN_WB.csv.gz,quirusillas_2021_2nd_sowing,Quirusillas,2021,2nd,284,283,1,0,0.8374558303886925,12.43847886120848,0.0,0.0,0.0,100.0
53IBWSN,IBWSN,53IBWSN_WB.csv.gz,Jashore_2022_1st_sowing,Jashore,2022,1st,284,284,0,0,0.47183098591549294,20.243445740049296,7.368421053,0.0,30.0,100.0
53IBWSN,IBWSN,53IBWSN_WB.csv.gz,Jashore_2022_2nd_sowing,Jashore,2022,2nd,284,284,0,0,0.22887323943661972,30.04888626887324,10.0,10.0,60.0,100.0
53IBWSN,IBWSN,53IBWSN_WB.csv.gz,Okinawa_2022_2nd_sowing,Okinawa,2022,2nd,284,284,0,0,0.7676056338028169,8.551346644179578,0.0,0.0,0.0,96.1352657
54IBWSN,IBWSN,54IBWSN_WB.csv.gz,Jashore_2022_1st_sowing,Jashore,2022,1st,256,256,0,0,0.6640625,11.237005117089844,0.0,0.0,10.0,100.0
54IBWSN,IBWSN,54IBWSN_WB.csv.gz,Jashore_2022_2nd_sowing,Jashore,2022,2nd,256,256,0,0,0.53125,13.554530103226563,0.0,0.0,10.0,100.0
54IBWSN,IBWSN,54IBWSN_WB.csv.gz,Okinawa_2022_2nd_sowing,Okinawa,2022,2nd,256,256,0,0,0.828125,8.036804189898437,0.0,0.0,0.0,100.0
55IBWSN,IBWSN,55IBWSN_WB.csv.gz,Jashore_2023_1st_sowing,Jashore,2023,1st,228,228,0,0,0.13596491228070176,31.120837755280704,10.945945945,7.368421053,47.29681891,100.0
55IBWSN,IBWSN,55IBWSN_WB.csv.gz,Jashore_2023_2nd_sowing,Jashore,2023,2nd,228,228,0,0,0.34649122807017546,14.84515418141228,7.5595238095,0.0,19.352636535000002,96.95431472
55IBWSN,IBWSN,55IBWSN_WB.csv.gz,Quirusillas_2023_1st_sowing,Quirusillas,2023,1st,228,228,0,0,0.8421052631578947,4.728890671171053,0.0,0.0,0.0,98.63945578
55IBWSN,IBWSN,55IBWSN_WB.csv.gz,Quirusillas_2023_2nd_sowing,Quirusillas,2023,2nd,228,227,1,0,0.920704845814978,3.059482387356828,0.0,0.0,0.0,78.84955752
55IBWSN,IBWSN,55IBWSN_WB.csv.gz,Okinawa_2023_1st_sowing,Okinawa,2023,1st,228,228,0,0,0.8947368421052632,5.209169837004386,0.0,0.0,0.0,100.0
55IBWSN,IBWSN,55IBWSN_WB.csv.gz,Okinawa_2023_2nd_sowing,Okinawa,2023,2nd,228,228,0,0,0.8728070175438597,6.940616016574561,0.0,0.0,0.0,98.06451613
56IBWSN,IBWSN,56IBWSN_WB.csv,Quirusillas_2024_1st_sowing,Quirusillas,2024,1st,231,214,17,0,0.9719626168224299,0.448899661635514,0.0,0.0,0.0,22.69503546
56IBWSN,IBWSN,56IBWSN_WB.csv,Jashore_2024_1st_sowing,Jashore,2024,1st,231,231,0,0,0.7142857142857143,4.814296182064935,0.0,0.0,2.631578947,80.72916667
56IBWSN,IBWSN,56IBWSN_WB.csv,Jashore_2024_2nd_sowing,Jashore,2024,2nd,231,230,1,0,0.08260869565217391,11.421306482821738,10.0,4.736842105,10.0,76.88442211
56IBWSN,IBWSN,56IBWSN_WB.csv,Okinawa_2024_1st_sowing,Okinawa,2024,1st,231,228,3,0,0.9736842105263158,1.1301799844736842,0.0,0.0,0.0,45.83333333
56IBWSN,IBWSN,56IBWSN_WB.csv,Okinawa_2024_2nd_sowing,Okinawa,2024,2nd,231,230,1,0,0.9347826086956522,2.185924644326087,0.0,0.0,0.0,76.98412698
35SAWSN,SAWSN,35SAWSN_WB.csv.gz,Quirusillas_2018_1st_sowing,Quirusillas,2018,1st,279,277,2,0,0.8122743682310469,7.346859205776173,0.0,0.0,0.0,69.46
35SAWSN,SAWSN,35SAWSN_WB.csv.gz,Quirusillas_2018_2nd_sowing,Quirusillas,2018,2nd,279,279,0,0,0.8207885304659498,8.339139784946235,0.0,0.0,0.0,85.0
35SAWSN,SAWSN,35SAWSN_WB.csv.gz,Okinawa_2018_1st_sowing,Okinawa,2018,1st,279,279,0,0,0.7992831541218638,6.952724014336917,0.0,0.0,0.0,74.81
35SAWSN,SAWSN,35SAWSN_WB.csv.gz,Okinawa_2018_2nd_sowing,Okinawa,2018,2nd,279,279,0,0,0.7275985663082437,9.731146953405018,0.0,0.0,4.25,71.13
35SAWSN,SAWSN,35SAWSN_WB.csv.gz,Quirusillas_2019_1st_sowing,Quirusillas,2019,1st,279,279,0,0,0.7132616487455197,12.569713261648745,0.0,0.0,4.9399999999999995,100.0
35SAWSN,SAWSN,35SAWSN_WB.csv.gz,Quirusillas_2019_2nd_sowing,Quirusillas,2019,2nd,279,279,0,0,0.6451612903225806,12.434301075268818,0.0,0.0,6.83,97.42
35SAWSN,SAWSN,35SAWSN_WB.csv.gz,Jashore_2019_1st_sowing,Jashore,2019,1st,279,259,20,0,0.42857142857142855,20.928416988416988,10.0,0.0,40.0,100.0
35SAWSN,SAWSN,35SAWSN_WB.csv.gz,Jashore_2019_2nd_sowing,Jashore,2019,2nd,279,246,33,0,0.5447154471544715,14.98138211382114,0.0,0.0,10.0,100.0
35SAWSN,SAWSN,35SAWSN_WB.csv.gz,Okinawa_2019_1st_sowing,Okinawa,2019,1st,279,278,1,0,0.6618705035971223,19.944208633093524,0.0,0.0,21.9475,100.0
35SAWSN,SAWSN,35SAWSN_WB.csv.gz,Okinawa_2019_2nd_sowing,Okinawa,2019,2nd,279,279,0,0,0.5985663082437276,17.243906810035842,0.0,0.0,13.915,98.9
36SAWSN,SAWSN,36SAWNS_WB.csv.gz,Quirusillas_2019_1st_sowing,Quirusillas,2019,1st,302,302,0,0,0.7251655629139073,11.425066225165562,0.0,0.0,5.6425,96.0
36SAWSN,SAWSN,36SAWNS_WB.csv.gz,Quirusillas_2019_2nd_sowing,Quirusillas,2019,2nd,302,302,0,0,0.7682119205298014,14.276291390728476,0.0,0.0,0.0,100.0
36SAWSN,SAWSN,36SAWNS_WB.csv.gz,Jashore_2019_1st_sowing,Jashore,2019,1st,302,302,0,0,0.6390728476821192,13.085066225165564,0.0,0.0,11.32,100.0
36SAWSN,SAWSN,36SAWNS_WB.csv.gz,Jashore_2019_2nd_sowing,Jashore,2019,2nd,302,302,0,0,0.5364238410596026,11.755264900662253,0.0,0.0,12.4425,98.94
36SAWSN,SAWSN,36SAWNS_WB.csv.gz,Okinawa_2019_1st_sowing,Okinawa,2019,1st,302,302,0,0,0.6225165562913907,20.76506622516556,0.0,0.0,29.065,100.0
36SAWSN,SAWSN,36SAWNS_WB.csv.gz,Okinawa_2019_2nd_sowing,Okinawa,2019,2nd,302,301,1,0,0.5614617940199336,16.463654485049837,0.0,0.0,13.3,100.0
36SAWSN,SAWSN,36SAWNS_WB.csv.gz,Jashore_2020_1st_sowing,Jashore,2020,1st,302,302,0,0,0.8774834437086093,3.1024834437086093,0.0,0.0,0.0,100.0
36SAWSN,SAWSN,36SAWNS_WB.csv.gz,Jashore_2020_2nd_sowing,Jashore,2020,2nd,302,302,0,0,0.8112582781456954,4.260927152317881,0.0,0.0,0.0,98.88
36SAWSN,SAWSN,36SAWNS_WB.csv.gz,Quirusillas_2020_1st_sowing,Quirusillas,2020,1st,302,302,0,0,0.7748344370860927,9.07228476821192,0.0,0.0,0.0,100.0
36SAWSN,SAWSN,36SAWNS_WB.csv.gz,Quirusillas_2020_2nd_sowing,Quirusillas,2020,2nd,302,302,0,0,0.7980132450331126,8.61658940397351,0.0,0.0,0.0,83.97
36SAWSN,SAWSN,36SAWNS_WB.csv.gz,Okinawa_2020_1st_sowing,Okinawa,2020,1st,302,296,6,0,0.6993243243243243,8.378310810810811,0.0,0.0,4.46,90.73
36SAWSN,SAWSN,36SAWNS_WB.csv.gz,Okinawa_2020_2nd_sowing,Okinawa,2020,2nd,302,302,0,0,0.7781456953642384,4.493344370860927,0.0,0.0,0.0,72.37
37SAWSN,SAWSN,37SAWSN_WB.csv.gz,Quirusillas_2020_1st_sowing,Quirusillas,2020,1st,285,285,0,0,0.8280701754385965,7.202350877192982,0.0,0.0,0.0,100.0
37SAWSN,SAWSN,37SAWSN_WB.csv.gz,Quirusillas_2020_2nd_sowing,Quirusillas,2020,2nd,285,285,0,0,0.8631578947368421,4.486771929824561,0.0,0.0,0.0,85.53
37SAWSN,SAWSN,37SAWSN_WB.csv.gz,Jashore_2020_1st_sowing,Jashore,2020,1st,285,285,0,0,0.9333333333333333,0.8154736842105264,0.0,0.0,0.0,30.0
37SAWSN,SAWSN,37SAWSN_WB.csv.gz,Jashore_2020_2nd_sowing,Jashore,2020,2nd,285,285,0,0,0.8035087719298246,5.639263157894737,0.0,0.0,0.0,100.0
37SAWSN,SAWSN,37SAWSN_WB.csv.gz,Okinawa_2020_1st_sowing,Okinawa,2020,1st,285,285,0,0,0.8596491228070176,3.825754385964912,0.0,0.0,0.0,75.71
37SAWSN,SAWSN,37SAWSN_WB.csv.gz,Okinawa_2020_2nd_sowing,Okinawa,2020,2nd,285,285,0,0,0.8771929824561403,4.21957894736842,0.0,0.0,0.0,78.08
37SAWSN,SAWSN,37SAWSN_WB.csv.gz,Quirusillas_2021_1st_sowing,Quirusillas,2021,1st,285,285,0,0,0.8912280701754386,7.629719298245614,0.0,0.0,0.0,100.0
37SAWSN,SAWSN,37SAWSN_WB.csv.gz,Quirusillas_2021_2nd_sowing,Quirusillas,2021,2nd,285,285,0,0,0.8982456140350877,7.251368421052631,0.0,0.0,0.0,100.0
38SAWSN,SAWSN,38SAWSN_WB.csv.gz,Jashore_2022_1st_sowing,Jashore,2022,1st,284,284,0,0,0.24647887323943662,20.98711553166549,10.0,2.3308270675,10.0,100.0
38SAWSN,SAWSN,38SAWSN_WB.csv.gz,Jashore_2022_2nd_sowing,Jashore,2022,2nd,284,284,0,0,0.38028169014084506,22.142256434764086,10.0,0.0,20.0,100.0
38SAWSN,SAWSN,38SAWSN_WB.csv.gz,Okinawa_2022_2nd_sowing,Okinawa,2022,2nd,284,284,0,0,0.8028169014084507,9.381011542507043,0.0,0.0,0.0,94.40993789
40SAWSN,SAWSN,40SAWSN_WB.csv.gz,Jashore_2023_1st_sowing,Jashore,2023,1st,228,228,0,0,0.29385964912280704,20.27146814192105,10.0,0.0,20.0,100.0
40SAWSN,SAWSN,40SAWSN_WB.csv.gz,Jashore_2023_2nd_sowing,Jashore,2023,2nd,228,228,0,0,0.34649122807017546,24.67983165628509,10.0,0.0,40.0,100.0
40SAWSN,SAWSN,40SAWSN_WB.csv.gz,Quirusillas_2023_1st_sowing,Quirusillas,2023,1st,228,227,1,0,0.8766519823788547,5.291537156933921,0.0,0.0,0.0,88.0794702
40SAWSN,SAWSN,40SAWSN_WB.csv.gz,Quirusillas_2023_2nd_sowing,Quirusillas,2023,2nd,228,228,0,0,0.9035087719298246,3.969694173241228,0.0,0.0,0.0,96.42857143
40SAWSN,SAWSN,40SAWSN_WB.csv.gz,Okinawa_2023_1st_sowing,Okinawa,2023,1st,228,228,0,0,0.8903508771929824,6.353065422789474,0.0,0.0,0.0,98.73417722
40SAWSN,SAWSN,40SAWSN_WB.csv.gz,Okinawa_2023_2nd_sowing,Okinawa,2023,2nd,228,228,0,0,0.881578947368421,7.415001456929825,0.0,0.0,0.0,98.94736842
41SAWSN,SAWSN,41SAWSN_WB.csv,Quirusillas_2024_1st_sowing,Quirusillas,2024,1st,232,232,0,0,0.9612068965517241,1.413699448836207,0.0,0.0,0.0,52.34899329
41SAWSN,SAWSN,41SAWSN_WB.csv,Okinawa_2024_1st_sowing,Okinawa,2024,1st,232,232,0,0,0.9525862068965517,1.301313264150862,0.0,0.0,0.0,44.7761194
41SAWSN,SAWSN,41SAWSN_WB.csv,Okinawa_2024_2nd_sowing,Okinawa,2024,2nd,232,232,0,0,0.9310344827586207,2.439982545724138,0.0,0.0,0.0,60.13071895
