dataset_key,source_file,nursery,series,nursery_number,rows,columns_raw,columns_retained,empty_columns_removed,entry_present,entry_generated_from_row,identity_fields_missing,environment_columns,environment_years,locations,sowings,potential_cells,observed_cells,missing_cells,blank_missing_cells,explicit_na_cells,missing_rate,invalid_numeric_cells,invalid_tokens,out_of_range_cells,exact_duplicate_rows_affected,gid_unique,gid_duplicate_rows,filename_typo_normalized,unexpected_columns,bytes,md5,complete_scan
HLBSN_2018_2021,8HLBSN_WB.csv,8HLBSN,HLBSN,8,58,12,12,0,True,False,,6,2018,Jashore;Okinawa;Quirusillas,1st;2nd,348,306,42,36,6,0.1206896551724138,0,,0,6,51,1,False,,9293,621a40cd4301e5a05c6877e0f5350d8c,True
HLBSN_2018_2021,9HLBSN_WB.csv,9HLBSN,HLBSN,9,56,16,12,4,True,False,,6,2018,Jashore;Okinawa;Quirusillas,1st;2nd,336,311,25,25,0,0.0744047619047619,0,,0,4,51,1,False,,9482,c4993bb4ab2dabea23a219949c7f28ba,True
HLBSN_2018_2021,10HLBSN_WB.csv,10HLBSN,HLBSN,10,52,12,12,0,True,False,,6,2019,Jashore;Okinawa;Quirusillas,1st;2nd,312,312,0,0,0,0.0,0,,0,0,51,1,False,,7782,7dded43c24dfd289ff43d38e7f9020bb,True
HLBSN_2018_2021,11HLBSN_WB.csv,11HLBSN,HLBSN,11,52,12,12,0,True,False,,6,2020,Jashore;Okinawa;Quirusillas,1st;2nd,312,312,0,0,0,0.0,0,,0,0,51,1,False,,8554,a3facf55e66dd7730e1e62400390f929,True
HLBSN_2018_2021,12HLBSN_WB.csv,12HLBSN,HLBSN,12,52,12,12,0,True,False,,6,2021,Jashore;Okinawa;Quirusillas,1st;2nd,312,312,0,0,0,0.0,0,,0,0,51,1,False,,8102,36beb76bde258a09d18920a075febb80,True
cycle_2022,13HLBSN_WB.csv.gz,13HLBSN,HLBSN,13,50,9,9,0,True,False,,3,2022,Jashore;Okinawa,1st;2nd,150,150,0,0,0,0.0,0,,0,0,50,0,False,,2902,2cb373e5176869064e086d3b30533faf,True
cycle_2023,14HLBSN_WB.csv.gz,14HLBSN,HLBSN,14,50,12,12,0,True,False,,6,2023,Jashore;Okinawa;Quirusillas,1st;2nd,300,300,0,0,0,0.0,0,,0,0,50,0,False,,2992,79fa22d01d4859d2af8e79a03661f889,True
cycle_2024,15HLBSN_WB.csv,15HLBSN,HLBSN,15,52,11,11,0,True,False,,5,2024,Jashore;Okinawa;Quirusillas,1st;2nd,260,256,4,4,0,0.015384615384615385,0,,0,0,51,1,False,,8110,481603c6c1d4eabcf61f4e28797fc67b,True
cycle_2022,13HZAN_WB.csv.gz,13HZAN,HZAN,13,300,8,8,0,False,True,,3,2022,Jashore;Okinawa,1st;2nd,900,892,8,0,8,0.008888888888888889,0,,0,0,295,3,False,,7762,a4bb903ae08b240d0bbf9a664a0ad6d8,True
cycle_2023,14HZAN_WB.csv.gz,14HZAN,HZAN,14,234,50,12,38,True,False,,6,2023,Jashore;Okinawa;Quirusillas,1st;2nd,1404,1404,0,0,0,0.0,0,,0,0,233,1,False,,8166,5395b2c3e460e029b7168d5d52ac7c4b,True
cycle_2024,15HZAN_WB.csv,15HZAN,HZAN,15,234,50,12,38,True,False,,6,2023,Jashore;Okinawa;Quirusillas,1st;2nd,1404,1404,0,0,0,0.0,0,,0,0,233,1,False,,63695,73446ef45f0d366286f9e6eee38035d0,True
IBWSN_2018_2021,50IBWSN_WB.csv.gz,50IBWSN,IBWSN,50,285,16,16,0,True,False,,10,2018;2019,Jashore;Okinawa;Quirusillas,1st;2nd,2850,2654,196,1,195,0.0687719298245614,0,,0,0,273,10,False,,9853,0644e66a6b1bafb3ea7d5c140316e39c,True
IBWSN_2018_2021,51IBWSN_WB.csv.gz,51IBWSN,IBWSN,51,302,18,18,0,True,False,,12,2019;2020,Jashore;Okinawa;Quirusillas,1st;2nd,3624,3617,7,0,7,0.0019315673289183224,0,,0,0,289,11,False,,10258,4f1670d8fb419a8830fad38145e265f5,True
IBWSN_2018_2021,52IBWSN_WB.csv.gz,52IBWSN,IBWSN,52,286,16,16,0,True,False,,10,2020;2021,Jashore;Okinawa;Quirusillas,1st;2nd,2860,2849,11,0,11,0.0038461538461538464,0,,0,0,274,10,False,,8887,c123467b127aaf8d855cc861b6f7e01c,True
cycle_2022,53IBWSN_WB.csv.gz,53IBWSN,IBWSN,53,284,13,13,0,True,False,,7,2021;2022,Jashore;Okinawa;Quirusillas,1st;2nd,1988,1986,2,0,2,0.001006036217303823,0,,0,0,274,10,False,,9520,349a5240644b934de8fe0ac812dec967,True
cycle_2022,54IBWSN_WB.csv.gz,54IBWSN,IBWSN,54,256,8,8,0,False,True,,3,2022,Jashore;Okinawa,1st;2nd,768,768,0,0,0,0.0,0,,0,0,247,9,False,,7678,db121a2666f5a697c3c71c89ff531dc3,True
cycle_2023,55IBWSN_WB.csv.gz,55IBWSN,IBWSN,55,228,12,12,0,True,False,,6,2023,Jashore;Okinawa;Quirusillas,1st;2nd,1368,1367,1,1,0,0.0007309941520467836,0,,0,0,220,8,False,,9492,3db437bb6d8cfe5b5cfa632f1db8b55f,True
cycle_2024,56IBWSN_WB.csv,56IBWSN,IBWSN,56,231,11,11,0,True,False,,5,2024,Jashore;Okinawa;Quirusillas,1st;2nd,1155,1133,22,0,22,0.01904761904761905,0,,0,0,223,8,False,,38393,c1d19586ab14f6db9f7bc3648fdcbc02,True
SAWSN_2018_2021,35SAWSN_WB.csv.gz,35SAWSN,SAWSN,35,279,16,16,0,True,False,,10,2018;2019,Jashore;Okinawa;Quirusillas,1st;2nd,2790,2734,56,0,56,0.02007168458781362,0,,0,0,267,10,False,,10391,20882e9582af0265f595d22aaad48e6e,True
SAWSN_2018_2021,36SAWNS_WB.csv.gz,36SAWSN,SAWSN,36,302,18,18,0,True,False,,12,2019;2020,Jashore;Okinawa;Quirusillas,1st;2nd,3624,3617,7,0,7,0.0019315673289183224,0,,0,0,289,11,True,,10668,a11fc0d7f5eac7978aece63bb5a520ee,True
SAWSN_2018_2021,37SAWSN_WB.csv.gz,37SAWSN,SAWSN,37,285,14,14,0,True,False,,8,2020;2021,Jashore;Okinawa;Quirusillas,1st;2nd,2280,2280,0,0,0,0.0,0,,0,0,273,10,False,,8566,7140eb61aef0e5d7274c795549874258,True
cycle_2022,38SAWSN_WB.csv.gz,38SAWSN,SAWSN,38,284,8,8,0,False,True,,3,2022,Jashore;Okinawa,1st;2nd,852,852,0,0,0,0.0,0,,0,0,274,10,False,,7982,ed69e7d33019587f80edf986b304c29b,True
cycle_2023,40SAWSN_WB.csv.gz,40SAWSN,SAWSN,40,228,12,12,0,True,False,,6,2023,Jashore;Okinawa;Quirusillas,1st;2nd,1368,1367,1,1,0,0.0007309941520467836,0,,0,0,220,8,False,,8703,0d9961d0b35de1ff2c20c761b8438fe6,True
cycle_2024,41SAWSN_WB.csv,41SAWSN,SAWSN,41,232,9,9,0,True,False,,3,2024,Okinawa;Quirusillas,1st;2nd,696,696,0,0,0,0.0,0,,0,0,224,8,False,,35218,4812bd51ec5529dfcbb269fcf70b0f07,True
