series,nursery,nursery_number,dataset_key,source_file,environment_years,dataset_cycle_year,cycle_year_mismatch,mapping_basis,mapping_status,exact_duplicate_of
HLBSN,8HLBSN,8,HLBSN_2018_2021,8HLBSN_WB.csv,2018,multi-year package,False,filename nursery code + environment column years,compatible,
HLBSN,9HLBSN,9,HLBSN_2018_2021,9HLBSN_WB.csv,2018,multi-year package,False,filename nursery code + environment column years,compatible,
HLBSN,10HLBSN,10,HLBSN_2018_2021,10HLBSN_WB.csv,2019,multi-year package,False,filename nursery code + environment column years,compatible,
HLBSN,11HLBSN,11,HLBSN_2018_2021,11HLBSN_WB.csv,2020,multi-year package,False,filename nursery code + environment column years,compatible,
HLBSN,12HLBSN,12,HLBSN_2018_2021,12HLBSN_WB.csv,2021,multi-year package,False,filename nursery code + environment column years,compatible,
HLBSN,13HLBSN,13,cycle_2022,13HLBSN_WB.csv.gz,2022,2022,False,filename nursery code + environment column years,compatible,
HLBSN,14HLBSN,14,cycle_2023,14HLBSN_WB.csv.gz,2023,2023,False,filename nursery code + environment column years,compatible,
HLBSN,15HLBSN,15,cycle_2024,15HLBSN_WB.csv,2024,2024,False,filename nursery code + environment column years,compatible,
HZAN,13HZAN,13,cycle_2022,13HZAN_WB.csv.gz,2022,2022,False,filename nursery code + environment column years,compatible,
HZAN,14HZAN,14,cycle_2023,14HZAN_WB.csv.gz,2023,2023,False,filename nursery code + environment column years,compatible,
HZAN,15HZAN,15,cycle_2024,15HZAN_WB.csv,2023,2024,True,filename nursery code + environment column years,exclude_exact_duplicate,14HZAN
IBWSN,50IBWSN,50,IBWSN_2018_2021,50IBWSN_WB.csv.gz,2018;2019,multi-year package,False,filename nursery code + environment column years,compatible,
IBWSN,51IBWSN,51,IBWSN_2018_2021,51IBWSN_WB.csv.gz,2019;2020,multi-year package,False,filename nursery code + environment column years,compatible,
IBWSN,52IBWSN,52,IBWSN_2018_2021,52IBWSN_WB.csv.gz,2020;2021,multi-year package,False,filename nursery code + environment column years,compatible,
IBWSN,53IBWSN,53,cycle_2022,53IBWSN_WB.csv.gz,2021;2022,2022,False,filename nursery code + environment column years,compatible,
IBWSN,54IBWSN,54,cycle_2022,54IBWSN_WB.csv.gz,2022,2022,False,filename nursery code + environment column years,compatible,
IBWSN,55IBWSN,55,cycle_2023,55IBWSN_WB.csv.gz,2023,2023,False,filename nursery code + environment column years,compatible,
IBWSN,56IBWSN,56,cycle_2024,56IBWSN_WB.csv,2024,2024,False,filename nursery code + environment column years,compatible,
SAWSN,35SAWSN,35,SAWSN_2018_2021,35SAWSN_WB.csv.gz,2018;2019,multi-year package,False,filename nursery code + environment column years,compatible,
SAWSN,36SAWSN,36,SAWSN_2018_2021,36SAWNS_WB.csv.gz,2019;2020,multi-year package,False,filename nursery code + environment column years,compatible,
SAWSN,37SAWSN,37,SAWSN_2018_2021,37SAWSN_WB.csv.gz,2020;2021,multi-year package,False,filename nursery code + environment column years,compatible,
SAWSN,38SAWSN,38,cycle_2022,38SAWSN_WB.csv.gz,2022,2022,False,filename nursery code + environment column years,compatible,
SAWSN,40SAWSN,40,cycle_2023,40SAWSN_WB.csv.gz,2023,2023,False,filename nursery code + environment column years,compatible,
SAWSN,41SAWSN,41,cycle_2024,41SAWSN_WB.csv,2024,2024,False,filename nursery code + environment column years,compatible,
