Entry,Cid,Sid,GID,Cross,Sel_Hist,Quirusillas_2024_1st_sowing,Jashore_2024_1st_sowing,Jashore_2024_2nd_sowing,Okinawa_2024_1st_sowing,Okinawa_2024_2nd_sowing
1,698446,60,9086910,BORL14/MUNAL #1//MOKUE #1,CMSS16B01165S-099M-099NJ-099NJ-7Y-0WGY,0,2.380952381,2.380952381,0,0
2,708546,25,9084889,BECARD//ND643/2*WBLL1*2/3/KSW/SAUAL//SAUAL*2/4/MOKUE #1,CMSS17Y01058T-099TOPM-099Y-099M-4Y-0RGY,0,0,0,0,0
3,707647,37,9082278,BOKOTA*2/MOKUE #1,CMSS17Y00159T-099TOPM-099Y-099M-15Y-0WGY,0,0,0,0,0
4,697962,59,9086267,NADI#1/3/PBW343*2/KUKUNA*2//FRTL/PIFED/4/NADI#2/5/FRANCOLIN #1/3/PBW343*2/KUKUNA*2//YANAC/4/KINGBIRD #1//INQALAB 91*2/TUKURU,CMSS16B00681S-099M-099NJ-099NJ-22Y-0WGY,0,3.684210526,4.285714286,0,0
5,708860,32,8935740,KOKILA/BOKOTA/8/ATTILA/3*BCN//BAV92/3/TILHI/4/SUP152/5/SUP152/6/KFA/2*KACHU/7/ATTILA/3*BCN//BAV92/3/PASTOR/4/TACUPETO F2001*2/BRAMBLING/5/PAURAQ/9/ATTILA/3*BCN//BAV92/3/TILHI/4/SUP152/5/SUP152/6/KFA/2*KACHU/7/ATTILA/3*BCN//BAV92/3/PASTOR/4/TACUPETO F,CMSS17Y01372T-099TOPM-099Y-099M-15Y-0WGY,0,0,0,0,0
6,707824,41,9082871,BAJ #1/CIRO16*2//MOKUE #1,CMSS17Y00336T-099TOPM-099Y-099M-27Y-0WGY,0,5.789473684,4.285714286,0,0
7,693262,37,9088713,SAUAL/MUTUS/4/KACHU #1//WBLL1*2/KUKUNA/3/BRBT1*2/KIRITATI/5/2*KACHU/SAUAL*2//COPIO,CMSS16Y01031T-099TOPM-099Y-099M-099NJ-099NJ-31Y-0RGY,0,0,0,0,0
8,692595,56,9087410,MUCUY/3/KACHU//KIRITATI/2*TRCH/4/MOKUE #1,CMSS16Y00364T-099TOPM-099Y-099M-099NJ-099NJ-28Y-0WGY,0,10,10,0,0
9,692752,111,9087739,KIRITATI//HUW234+LR34/PRINIA/3/CHONTE/5/PRL/2*PASTOR/4/CHOIX/STAR/3/HE1/3*CNO79//2*SERI*2/6/BORL14,CMSS16Y00521T-099TOPM-099Y-099M-099NJ-099NJ-18Y-0WGY,0,5.789473684,5.238095238,0,0
10,708773,22,9079915,BL 1724*2/3/T.DICOCCON PI272533/AE.SQUARROSA (458)//CMH81A.1261/VEE#10/4/2*UP2338*2/KKTS*2//YANAC/5/MANKU/6/PFAU/WEAVER*2//BRAMBLING/3/DIAMONDBIRD/4/IWA 8600211//2*PBW343*2/KUKUNA/5/PBW343*2/KUKUNA*2//FRTL/PIFED,CMSS17Y01285T-099TOPM-099Y-099M-2Y-0WGY,0,10,3.333333333,0,0
11,707929,40,9083211,SAUAL/MUTUS//KINGBIRD #1/3/SAUAL/MUTUS/4/2*KASUKO,CMSS17Y00441T-099TOPM-099Y-099M-18Y-0RGY,0,3.80952381,2.631578947,0,0
12,708076,30,9083554,KUTZ//KFA/2*KACHU/6/WBLL1*2/KKTS//PASTOR/KUKUNA/3/KINGBIRD #1//INQALAB 91*2/TUKURU/5/KAUZ//ALTAR 84/AOS/3/MILAN/KAUZ/4/SAUAL/7/KUTZ//KFA/2*KACHU,CMSS17Y00588T-099TOPM-099Y-099M-8Y-0WGY,0,0,0,0,0
13,698543,51,9087058,ND643/2*TRCH//BECARD/3/BECARD/4/SUP152*2/TECUE #1/5/KUTZ*2//KFA/2*KACHU,CMSS16B01262S-099M-099NJ-099NJ-11Y-0WGY,0,10,1.428571429,0,0
14,698446,55,9082028,BORL14/MUNAL #1//MOKUE #1,CMSS16B01165S-099M-0SY-099M-10Y-0WGY,0,4.285714286,3.80952381,0,0
15,698161,90,9086526,PREMIO/4/CROC_1/AE.SQUARROSA (205)//KAUZ/3/PIFED/5/VORB/FISCAL//KACHU/3/WBLL1*2/BRAMBLING/6/KASUKO,CMSS16B00880S-099M-099NJ-099NJ-10Y-0WGY,0,0,4.285714286,0,0
16,707889,37,9083043,KACHU/3/WHEAR//2*PRL/2*PASTOR/4/BOKOTA*2/5/MOKUE #1,CMSS17Y00401T-099TOPM-099Y-099M-21Y-0WGY,0,0,5.625,0,0
17,708826,33,8935464,T.SPELTA PI348599//2*PBW343*2/KUKUNA/3/WBLL1*2/KURUKU//HEILO/4/WBLL1*2/KURUKU//HEILO/8/ATTILA/3*BCN//BAV92/3/TILHI/4/SUP152/5/SUP152/6/KFA/2*KACHU/7/ATTILA/3*BCN//BAV92/3/PASTOR/4/TACUPETO F2001*2/BRAMBLING/5/PAURAQ/9/ATTILA/3*BCN//BAV92/3/TILHI/4/SU,CMSS17Y01338T-099TOPM-099Y-099M-11Y-0WGY,0,10,5.789473684,0,0
18,708517,33,9084782,ATTILA/3*BCN//BAV92/3/PASTOR/4/TACUPETO F2001*2/BRAMBLING/5/PAURAQ/6/KFA/2*KACHU/7/MOKUE #1/8/BORL14*2//MUNAL #1/FRANCOLIN #1,CMSS17Y01029T-099TOPM-099Y-099M-6Y-0WGY,0,4.285714286,2.631578947,0,0
19,707932,37,9083225,SAUAL/MUTUS//KINGBIRD #1/3/SAUAL/MUTUS/4/KUTZ//KFA/2*KACHU/5/KUTZ*2//KFA/2*KACHU,CMSS17Y00444T-099TOPM-099Y-099M-3Y-0WGY,0,0,0,0,0
20,697454,69,9080989,KACHU*2/3/ND643//2*PRL/2*PASTOR/4/MOKUE #1,CMSS16B00173S-099M-0SY-099M-13Y-0WGY,0,2.631578947,5.789473684,0,0
21,698108,57,9081586,BAJ #1*2/PREMIO//MOKUE #1,CMSS16B00827S-099M-0SY-099M-8Y-0WGY,0,2.380952381,0,0,0
22,698456,76,9086931,KUTZ//KFA/2*KACHU/3/KASUKO,CMSS16B01175S-099M-099NJ-099NJ-7Y-0WGY,0,0,0,0,0
23,707820,29,9082838,KACHU/3/WHEAR//2*PRL/2*PASTOR/4/KASUKO/5/PRL/2*PASTOR//KACHU,CMSS17Y00332T-099TOPM-099Y-099M-1Y-0WGY,0,0,0,0,0
24,697779,89,9086010,FRET2/KUKUNA//FRET2/3/YANAC/4/FRET2/KIRITATI/5/2*UP2338*2/SHAMA/3/MILAN/KAUZ//CHIL/CHUM18/4/UP2338*2/SHAMA/6/BORL14*2//KFA/2*KACHU,CMSS16B00498S-099M-099NJ-099NJ-16Y-0WGY,0,0,3.333333333,0,0
25,707971,31,9083322,FRET2*2/SHAMA//PARUS/3/FRET2*2/KUKUNA/4/WBLL1/KUKUNA//TACUPETO F2001/3/UP2338*2/VIVITSI/5/PRL/2*PASTOR//KACHU/6/KACHU//WBLL1*2/BRAMBLING*2/3/KACHU/KIRITATI,CMSS17Y00483T-099TOPM-099Y-099M-7Y-0WGY,0,4.285714286,2.380952381,0,0
26,692485,88,9087200,MUNAL #1/CHIPAK//KASUKO,CMSS16Y00254T-099TOPM-099Y-099M-099NJ-099NJ-17Y-0RGY,0,0,0,0,0
27,708401,28,9084399,SUP152/AKURI//SUP152/3/MUCUY/4/NELOKI*2//KACHU/KIRITATI/5/MOKUE,CMSS17Y00913T-099TOPM-099Y-099M-16Y-0WGY,0,0,4.285714286,0,0
28,708680,21,9079518,FRANCOLIN #1/3/IWA 8600211//2*PBW343*2/KUKUNA/7/MICH95.3.1.4/HUW468/5/SITE/MO/4/NAC/TH.AC//3*PVN/3/MIRLO/BUC/6/WAXWING/4/BL 1496/MILAN/3/CROC_1/AE.SQUARROSA (205)//KAUZ/5/FRNCLN/8/BORL14*2//MUNAL #1/FRANCOLIN #1,CMSS17Y01192T-099TOPM-099Y-099M-8Y-0WGY,0,0,0,0,0
29,693234,66,9088606,KACHU/SUP152//KASUKO/3/KASUKO,CMSS16Y01003T-099TOPM-099Y-099M-099NJ-099NJ-24Y-0WGY,0,0,2.380952381,0,0
30,708862,32,9080408,KOKILA/BOKOTA/7/2*ATTILA/3*BCN//BAV92/3/PASTOR/4/TACUPETO F2001*2/BRAMBLING/5/PAURAQ/6/KFA/2*KACHU,CMSS17Y01374T-099TOPM-099Y-099M-7Y-0WGY,0,10,4.736842105,0,0
31,692633,65,9087481,KACHU//KIRITATI/2*TRCH*2/3/MUCUY,CMSS16Y00402T-099TOPM-099Y-099M-099NJ-099NJ-20Y-0WGY,0,0,0,0,0
32,692951,107,9087991,KACHU/SAUAL//CIRO16/3/BORL14/4/BORL14//KFA/2*KACHU,CMSS16Y00720T-099TOPM-099Y-099M-099NJ-099NJ-44Y-0WGY,0,0,0,0,0
33,697287,57,9085393,BORL14/KASUKO,CMSS16B00006S-099M-099NJ-099NJ-4Y-0WGY,0,0,10,0,0
34,698570,62,9082196,BL3063/WAXBI/4/ND643/2*WBLL1//ATTILA*2/PBW65/3/MUNAL/5/MOKUE #1,CMSS16B01289S-099M-0SY-099M-1Y-0WGY,0,0,0,0,0
35,708961,15,9085044,NO5581A/3/KFA/2*KACHU*2//WAXBI/4/KUTZ*2//KFA/2*KACHU,CMWS17Y00015T-099TOPM-099Y-099M-3Y-0WGY,0,0,3.684210526,0,0
36,698072,83,9086404,KASUKO/MOKUE #1,CMSS16B00791S-099M-099NJ-099NJ-19Y-0WGY,0,0,0,0,0
37,698223,88,9086675,BORL14*2/3/WBLL1*2/TUKURU//CROSBILL #1/4/KASUKO,CMSS16B00942S-099M-099NJ-099NJ-16Y-0WGY,0,0,0,0,0
38,698379,34,9081904,KSW/SAUAL//SAUAL/3/TRCH/HUIRIVIS #1/5/UP2338*2/SHAMA/3/MILAN/KAUZ//CHIL/CHUM18/4/UP2338*2/SHAMA/6/KASUKO,CMSS16B01098S-099M-0SY-099M-23Y-0WGY,0,0,0,0,0
39,707795,41,9082756,SOKOLL/3/PASTOR//HXL7573/2*BAU/4/MASSIV/PPR47.89C/5/2*BORL14*2//KFA/2*KACHU,CMSS17Y00307T-099TOPM-099Y-099M-30Y-0WGY,0,5.238095238,2.380952381,0,0
40,697422,55,9085537,BAJ #1*2/KISKADEE #1//KASUKO,CMSS16B00141S-099M-099NJ-099NJ-12Y-0WGY,0,0,0,0,0
41,698258,45,9086752,KACHU//WBLL1*2/BRAMBLING*2/3/KACHU/KIRITATI/4/BORL14//KFA/2*KACHU,CMSS16B00977S-099M-099NJ-099NJ-13Y-0WGY,0,0,5.789473684,0,0
42,708077,35,9083556,MOKUE #1*2/4/SHORTENED SR26 TRANSLOCATION//2*WBLL1*2/KKTS/3/BECARD,CMSS17Y00589T-099TOPM-099Y-099M-9Y-0WGY,0,0,0,0,0
43,698068,40,9086384,SAUAL/MUTUS/4/KACHU #1//WBLL1*2/KUKUNA/3/BRBT1*2/KIRITATI/5/BORL14*2//KFA/2*KACHU,CMSS16B00787S-099M-099NJ-099NJ-5Y-0WGY,0,0,2.631578947,0,0
44,697826,71,9086096,CTRIGO/5/KAUZ//ALTAR 84/AOS/3/KAUZ/4/SW94.15464/6/2*UP2338*2/SHAMA/3/MILAN/KAUZ//CHIL/CHUM18/4/UP2338*2/SHAMA/7/KASUKO,CMSS16B00545S-099M-099NJ-099NJ-24Y-0RGY,0,0,0,0,0
45,697495,82,9085657,PRL/2*PASTOR//KACHU/3/BORL14*2//KFA/2*KACHU,CMSS16B00214S-099M-099NJ-099NJ-19Y-0WGY,0,0,0,0,0
46,708525,34,9084822,ATTILA*2/PBW65*2//KACHU/3/FRNCLN*2/TECUE #1*2/4/KACHU/3/WHEAR//2*PRL/2*PASTOR,CMSS17Y01037T-099TOPM-099Y-099M-19Y-0WGY,0,0,0,0,0
47,707806,26,9082789,PRL/2*PASTOR//KACHU/3/KAKURU/4/SUP152//WBLL1*2/BRAMBLING*2/3/KSW/SAUAL//SAUAL,CMSS17Y00318T-099TOPM-099Y-099M-10Y-0WGY,0,0,2.380952381,0,0
48,698073,80,9086411,KASUKO/3/SUP152/QUAIU #2//BECARD/QUAIU #1,CMSS16B00792S-099M-099NJ-099NJ-25Y-0WGY,0,0,0,0,0
49,6977,3,6387,SONALIKA,II18427-4R-1M,67.1641791,18.66666667,20.5,32.66666667,0
50,54384,230,911521,CHIRYA.3,CIGM87.116-3Y-2M-1PR-3M-2PR-4B-0PR-1Y-0M,0,10,10,0,0
51,61665,1,304660,LOCAL CHECK,,42.14285714,,,44.36619718,47.5862069
52,61665,1,304660,LOCAL CHECK,,34.61538462,,,38.34586466,62.96296296
