"GID","location","sowing","n_strata","n_years","median_delta","q90_delta","worst_delta","pct_not_worse","portfolio_role","loss_of_advantage_flag"
"6176368","Jashore","1st",3,2,-29.415,-8.739,-3.57,100,"intermediate_candidate",FALSE
"6176368","Okinawa","1st",4,3,-78.225,-61.038,-54.33,100,"intermediate_candidate",FALSE
"6176368","Quirusillas","1st",4,3,-70.37,-63.0615,-61.785,100,"intermediate_candidate",FALSE
"6176368","Jashore","2nd",3,2,-34.345,-26.869,-25,100,"intermediate_candidate",FALSE
"6176368","Okinawa","2nd",4,3,-78.835,-54.324,-47.55,100,"intermediate_candidate",FALSE
"6176368","Quirusillas","2nd",4,3,-66.135,-41.9875,-36.685,100,"intermediate_candidate",FALSE
"6341870","Quirusillas","2nd",7,4,-65.31,-47.29,-36.685,100,"long_term_anchor",FALSE
"6341870","Okinawa","1st",5,3,-76.69,-59.618,-54.33,100,"long_term_anchor",FALSE
"6341870","Quirusillas","1st",7,4,-74.7,-64.338,-61.785,100,"long_term_anchor",FALSE
"6341870","Jashore","2nd",7,4,-60,-34.507,-25,100,"long_term_anchor",FALSE
"6341870","Jashore","1st",7,4,-40.67431096,-9.654,-3.57,100,"long_term_anchor",FALSE
"6341870","Okinawa","2nd",6,4,-70.25,-54.666719745,-47.55,100,"long_term_anchor",FALSE
"7310617","Quirusillas","2nd",3,2,-54.36,-38.784,-34.89,100,"provisional_strong_unique_pedigree",FALSE
"7310617","Jashore","1st",2,2,-43.24,-38.872,-37.78,100,"provisional_strong_unique_pedigree",FALSE
"7310617","Okinawa","1st",3,2,-54.33,-34.594,-29.66,100,"provisional_strong_unique_pedigree",FALSE
"7310617","Okinawa","2nd",3,2,-47.55,-30.802,-26.615,100,"provisional_strong_unique_pedigree",FALSE
"7310617","Quirusillas","1st",3,2,-66.04,-39.964,-33.445,100,"provisional_strong_unique_pedigree",FALSE
"7310617","Jashore","2nd",1,1,-36.29,-36.29,-36.29,100,"provisional_strong_unique_pedigree",FALSE
"7398245","Quirusillas","2nd",3,3,-52.77,-48.28534328,-47.1641791,100,"long_term_anchor",FALSE
"7398245","Okinawa","2nd",5,5,-62.26415094,-45.656769232,-40.71,100,"long_term_anchor",FALSE
"7398245","Jashore","1st",2,2,-85,-73,-70,100,"long_term_anchor",FALSE
"7398245","Okinawa","1st",4,4,-59.23,-38.229718307,-38.02816901,100,"long_term_anchor",FALSE
"7398245","Jashore","2nd",2,2,-95,-91,-90,100,"long_term_anchor",FALSE
"7398245","Quirusillas","1st",4,4,-69.62130719,-35.029391301,-21.73913043,100,"long_term_anchor",FALSE
"7400724","Quirusillas","2nd",3,2,-54.36,-38.784,-34.89,100,"provisional_strong_unique_pedigree",FALSE
"7400724","Okinawa","2nd",3,2,-47.55,-30.802,-26.615,100,"provisional_strong_unique_pedigree",FALSE
"7400724","Jashore","2nd",1,1,-36.29,-36.29,-36.29,100,"provisional_strong_unique_pedigree",FALSE
"7400724","Quirusillas","1st",3,2,-66.04,-39.964,-33.445,100,"provisional_strong_unique_pedigree",FALSE
"7400724","Jashore","1st",2,2,-43.005,-42.257,-42.07,100,"provisional_strong_unique_pedigree",FALSE
"7400724","Okinawa","1st",3,2,-54.33,-34.594,-29.66,100,"provisional_strong_unique_pedigree",FALSE
"7462304","Quirusillas","2nd",3,2,-36.685,-30.849,-29.39,100,"provisional_strong_unique_pedigree",FALSE
"7462304","Okinawa","2nd",3,2,-70.13,-54.026,-50,100,"provisional_strong_unique_pedigree",FALSE
"7462304","Jashore","2nd",3,2,-63.695,-32.739,-25,100,"provisional_strong_unique_pedigree",FALSE
"7462304","Quirusillas","1st",3,2,-58.965,-36.581,-30.985,100,"provisional_strong_unique_pedigree",FALSE
"7462304","Okinawa","1st",3,2,-76.69,-60.718,-56.725,100,"provisional_strong_unique_pedigree",FALSE
"7462304","Jashore","1st",3,2,-39.415,-10.739,-3.57,100,"provisional_strong_unique_pedigree",FALSE
"7624738","Quirusillas","2nd",3,2,-36.685,-30.849,-29.39,100,"provisional_strong_unique_pedigree",FALSE
"7624738","Okinawa","2nd",3,2,-70.13,-54.026,-50,100,"provisional_strong_unique_pedigree",FALSE
"7624738","Jashore","2nd",3,2,-53.695,-30.739,-25,100,"provisional_strong_unique_pedigree",FALSE
"7624738","Quirusillas","1st",3,2,-61.785,-37.145,-30.985,100,"provisional_strong_unique_pedigree",FALSE
"7624738","Okinawa","1st",3,2,-76.69,-60.718,-56.725,100,"provisional_strong_unique_pedigree",FALSE
"7624738","Jashore","1st",3,2,-39.415,-10.739,-3.57,100,"provisional_strong_unique_pedigree",FALSE
"7626498","Quirusillas","2nd",3,2,-36.685,-30.849,-29.39,100,"provisional_strong_unique_pedigree",FALSE
"7626498","Okinawa","2nd",3,2,-70.13,-54.026,-50,100,"provisional_strong_unique_pedigree",FALSE
"7626498","Jashore","2nd",3,2,-63.695,-26.195,-16.82,100,"provisional_strong_unique_pedigree",FALSE
"7626498","Quirusillas","1st",3,2,-61.785,-31.153,-23.495,100,"provisional_strong_unique_pedigree",FALSE
"7626498","Okinawa","1st",3,2,-76.69,-60.718,-56.725,100,"provisional_strong_unique_pedigree",FALSE
"7626498","Jashore","1st",3,2,-39.415,-10.739,-3.57,100,"provisional_strong_unique_pedigree",FALSE
"7627645","Quirusillas","2nd",3,2,-36.685,-30.849,-29.39,100,"provisional_strong_unique_pedigree",FALSE
"7627645","Okinawa","2nd",3,2,-70.13,-54.026,-50,100,"provisional_strong_unique_pedigree",FALSE
"7627645","Jashore","2nd",3,2,-63.695,-32.739,-25,100,"provisional_strong_unique_pedigree",FALSE
"7627645","Quirusillas","1st",3,2,-61.785,-37.145,-30.985,100,"provisional_strong_unique_pedigree",FALSE
"7627645","Okinawa","1st",3,2,-76.69,-60.718,-56.725,100,"provisional_strong_unique_pedigree",FALSE
"7627645","Jashore","1st",3,2,-39.415,-10.739,-3.57,100,"provisional_strong_unique_pedigree",FALSE
"7629600","Okinawa","2nd",3,2,-70.13,-54.026,-50,100,"provisional_strong_unique_pedigree",FALSE
"7629600","Quirusillas","2nd",3,2,-36.685,-30.849,-29.39,100,"provisional_strong_unique_pedigree",FALSE
"7629600","Jashore","2nd",3,2,-63.695,-32.739,-25,100,"provisional_strong_unique_pedigree",FALSE
"7629600","Quirusillas","1st",3,2,-61.785,-37.145,-30.985,100,"provisional_strong_unique_pedigree",FALSE
"7629600","Okinawa","1st",3,2,-76.69,-60.718,-56.725,100,"provisional_strong_unique_pedigree",FALSE
"7629600","Jashore","1st",3,2,-39.415,-10.739,-3.57,100,"provisional_strong_unique_pedigree",FALSE
"7630418","Jashore","2nd",3,3,-80,-36,-25,100,"intermediate_candidate",FALSE
"7630418","Quirusillas","1st",2,2,-71.7725,-63.7825,-61.785,100,"intermediate_candidate",FALSE
"7630418","Okinawa","2nd",3,3,-70.13,-61.779798208,-59.69224776,100,"intermediate_candidate",FALSE
"7630418","Quirusillas","2nd",2,2,-67.315,-42.811,-36.685,100,"intermediate_candidate",FALSE
"7630418","Okinawa","1st",2,2,-79.42,-77.236,-76.69,100,"intermediate_candidate",FALSE
"7630418","Jashore","1st",3,3,-39.415,-10.739,-3.57,100,"intermediate_candidate",FALSE
"7694609","Quirusillas","1st",4,3,-70.37,-63.0615,-61.785,100,"intermediate_candidate",FALSE
"7694609","Jashore","2nd",3,2,-44.345,-28.869,-25,100,"intermediate_candidate",FALSE
"7694609","Okinawa","1st",4,3,-76.025,-57.636,-50.04,100,"intermediate_candidate",FALSE
"7694609","Okinawa","2nd",4,3,-78.835,-54.324,-47.55,100,"intermediate_candidate",FALSE
"7694609","Quirusillas","2nd",4,3,-66.135,-41.9875,-36.685,100,"intermediate_candidate",FALSE
"7694609","Jashore","1st",3,2,-31.415,-9.139,-3.57,100,"intermediate_candidate",FALSE
"8048389","Okinawa","1st",2,2,-79.173773005,-69.874754601,-67.55,100,"intermediate_candidate",FALSE
"8048389","Quirusillas","2nd",3,3,-57.32,-49.19534328,-47.1641791,100,"intermediate_candidate",FALSE
"8048389","Quirusillas","1st",3,3,-90.28,-76.618091504,-73.20261438,100,"intermediate_candidate",FALSE
"8048389","Jashore","2nd",3,3,-90,-58,-50,100,"intermediate_candidate",FALSE
"8048389","Okinawa","2nd",2,2,-70.7554698,-70.44709396,-70.37,100,"intermediate_candidate",FALSE
"8048389","Jashore","1st",3,3,-81.05,-27.178,-13.71,100,"intermediate_candidate",FALSE
"8048669","Jashore","1st",4,4,-75.935970882,-29.035775511,-13.71,100,"intermediate_candidate",FALSE
"8048669","Okinawa","1st",3,3,-67.55,-47.671682424,-42.70210303,100,"intermediate_candidate",FALSE
"8048669","Quirusillas","1st",4,4,-82.811232875,-22.602739725,0,100,"intermediate_candidate",FALSE
"8048669","Jashore","2nd",4,4,-66.8315018305,-47.5428072214,-46.489724602,100,"intermediate_candidate",FALSE
"8048669","Okinawa","2nd",3,3,-62.58992806,-50.535994564,-47.52251119,100,"intermediate_candidate",FALSE
"8048669","Quirusillas","2nd",3,3,-57.32,-48.047216784,-45.72902098,100,"intermediate_candidate",FALSE
