"GID","excluded_year","remaining_years","remaining_strata","median_delta","mean_delta","pct_not_worse"
"6176368",2018,2,18,-75.695,-63.0841666666667,100
"6176368",2019,2,10,-54.345,-49.614,100
"6176368",2020,2,16,-76.305,-67.7459375,100
"6341870",2018,4,35,-70.37,-65.8795502705714,100
"6341870",2019,4,27,-65.31,-61.5710836840741,100
"6341870",2020,4,27,-77.23404255,-70.1834910914815,100
"6341870",2021,4,31,-67.55,-63.1287502435484,100
"6341870",2022,4,36,-68.069871795,-63.66966672,100
"7310617",2018,1,5,-77.91,-73.848,100
"7310617",2019,1,10,-37.035,-42.096,100
"7398245",2018,4,16,-72.17177699,-69.550853284375,100
"7398245",2019,4,16,-64.15207547,-63.576478284375,100
"7398245",2022,4,17,-66.04,-63.5505589182353,100
"7398245",2023,4,14,-58.31207547,-60.0227409614286,100
"7398245",2024,4,17,-71.1409396,-70.57526059,100
"7400724",2018,1,5,-77.91,-72.896,100
"7400724",2019,1,10,-39.18,-42.525,100
"7462304",2019,1,6,-47.825,-45.1733333333333,100
"7462304",2020,1,12,-61.8475,-63.6354166666667,100
"7624738",2019,1,6,-49.235,-45.6433333333333,100
"7624738",2020,1,12,-63.3625,-63.6354166666667,100
"7626498",2019,1,6,-49.235,-44.28,100
"7626498",2020,1,12,-60.21,-62.4229166666667,100
"7627645",2019,1,6,-49.235,-45.6433333333333,100
"7627645",2020,1,12,-66.8475,-64.46875,100
"7629600",2019,1,6,-49.235,-45.6433333333333,100
"7629600",2020,1,12,-61.8475,-63.6354166666667,100
"7630418",2019,2,9,-61.785,-56.3663743066667,100
"7630418",2020,2,9,-81.76,-78.0274854177778,100
"7630418",2022,2,12,-73.41,-61.8891666666667,100
"7694609",2018,2,18,-72.415,-62.8591666666667,100
"7694609",2019,2,10,-52.2,-49.185,100
"7694609",2020,2,16,-72.35,-67.2246875,100
"8048389",2020,2,10,-85.525,-78.411527909,100
"8048389",2021,2,12,-70.7554698,-68.4629399241667,100
"8048389",2023,2,10,-68.96,-68.106,100
"8048669",2020,3,15,-64.79591837,-63.9117273538,100
"8048669",2021,3,17,-64.79591837,-58.0997594298235,100
"8048669",2023,3,15,-64.79591837,-59.3993504794667,100
"8048669",2024,3,16,-71.452605635,-69.7759783196875,100
