"GID","n_exclusions","negative_median_fraction","not_worse_75pct_fraction","min_remaining_strata","median_delta_range","portfolio_role"
"6176368",3,1,1,10,"-76.31 to -54.34","intermediate_candidate"
"6341870",5,1,1,27,"-77.23 to -65.31","long_term_anchor"
"7310617",2,1,1,5,"-77.91 to -37.04","provisional_strong_unique_pedigree"
"7398245",5,1,1,14,"-72.17 to -58.31","long_term_anchor"
"7400724",2,1,1,5,"-77.91 to -39.18","provisional_strong_unique_pedigree"
"7462304",2,1,1,6,"-61.85 to -47.83","provisional_strong_unique_pedigree"
"7624738",2,1,1,6,"-63.36 to -49.23","provisional_strong_unique_pedigree"
"7626498",2,1,1,6,"-60.21 to -49.23","provisional_strong_unique_pedigree"
"7627645",2,1,1,6,"-66.85 to -49.23","provisional_strong_unique_pedigree"
"7629600",2,1,1,6,"-61.85 to -49.23","provisional_strong_unique_pedigree"
"7630418",3,1,1,9,"-81.76 to -61.78","intermediate_candidate"
"7694609",3,1,1,10,"-72.41 to -52.20","intermediate_candidate"
"8048389",3,1,1,10,"-85.53 to -68.96","intermediate_candidate"
"8048669",4,1,1,15,"-71.45 to -64.80","intermediate_candidate"
