"path","bytes","sha256"
".gitattributes","179","16f7ec2a259bcfd53c384839f7afb918e71ab3779c7da323fdf6379dfc3adfe2"
".gitignore","217","c8ae6ec6727f912c30956167a19f196bd03f04ad78f81bb397df4b476744d185"
"00_分析方案与数据字典.md","4437","4bcdf1f3626eb84cfa427fc6ffd4520d9ef54a97c784fb31bfd1a67774f3aeac"
"01_第一阶段分析.R","22137","b29c46e903fd8bbeb75d3487df069cbc2cd0e75ec677f42afa46bf72e32c06a7"
"02_四项深化分析.R","17887","87bd7fc9995ade7fe82c8d9a121415b4c4a0b052e1b8c7ad83a9bde5c70ad111"
"03_下载历年数据.ps1","3925","ca59c3fd189ad5019de2a64b96b9d55d47807fa18176eae17d1eb098aa976259"
"04_历年字段审计与育种圃映射.py","22521","493ab8c4719ec01b77281633f55c989b783e9b78885aa00e2b63fa89ba03f6e6"
"05_跨年度环境与候选稳健性分析.R","19880","cd186f1aa8e27cdb9d4b5168d43d2f9213868106ec1e9f7ab6441809b0c6be87"
"06_证据分层与系谱来源分析.R","12851","0692fc0c1061283bf728fc7bc42b6b17fa0b85e73a2ed0320eb0c6e29898ff10"
"07_候选复验组合与敏感性分析.R","14185","f0c6782479a01cfb02c85013084cc10a752a56a8e860fab99ad9025cb0355402"
"08_共同对照锚定优势分析.R","14286","4e7d8449e77a189f857a434a4f30e8d4b0186cf36121674ed105af1f746c0a9e"
"09_时间外伪前瞻验证.R","16033","ab18202bcbc3d68a5277bb9b49308e757911e4bf4808008319a0cfd5bc44f6bb"
"10_环境校正材料效应与失效边界.R","11281","d9c9460a6354769875426892fd4f571943308bc5dee4b4b7c037a04e0bd2ad6c"
"11_候选阈值敏感性与基线比较.R","19071","6b283458ed2d59189baa35c876b84e2d32d5068ad53bc19fcaddcd6a94de8337"
"12_跨年度不确定性与负对照.R","7808","1b4eb0daa50bafdcf79b485d283a5b59c4669f1c84b86b54585a6c3e98985c90"
"13_研究流程图.R","2591","4bbdead1f14089e61d90b3fa83d5b63b7fcd21193f0882d00dc5e0bbf9c7395a"
"14_编辑意见方法透明度与敏感性分析.R","7444","77a3cac559f98f90bc919a2a9d874206b7ab3cab994ac9867d595ae81d519d92"
"CHECK_BEFORE_UPLOAD.ps1","1988","91344d7cbc0badea65692f03d10c0e714991dece3ce1091700acaafd95d6e383"
"CITATION.cff","856","120b3b4e83aee8fd228f76f64e4bbe4dba77462a28b2a087a7e26d44f8693855"
"DATA_LICENSE.md","1293","a10adfa0adc14c89b0ed2fad5d681dfe360a96df2102395bd75ed02696dc06b2"
"DEPENDENCIES.md","2115","f749c16c0b39e3576b37519f77ab22955ac9d456edca90026f4e47ac5cde135f"
"LICENSE","1320","e76606e7f6b39be801f32565286482dee4e1711f2f1c40ef9b3693aa59eb0da1"
"PARAMETER_DICTIONARY.md","6053","484107d2206d2b93d1cda401ae802910961950be8a5f41daee4239bc5f5c2b95"
"README_FOR_EDITORIAL_REVIEW.txt","1625","f775efdd54d035d7909d9941dff546e4835fbff5f12393ca062a3cf257a0d689"
"README.md","5016","e55d876c0e949f9a5e55b1922d6ec96ea23936f914212a952fa78a526e7cfde1"
"README.zh-CN.md","1114","419176ecb0371716e96e0893d04cb57a5d189a153b435e5edc9b5563fddfcb3e"
"REPOSITORY_FILE_MANIFEST.csv","43596","0db45c0acedec7ff1ef8559b88378c51256b5131fadde7e394d8b9e3bb1a65ed"
"requirements.txt","36","06b0e4e8cb47457e460b5d70c57919a332815eda38fcb782c44673528ef44929"
"RUN_ALL.ps1","3269","1c862dcbbfe7e60dab910863c750ba40ab56354e946abdaa07bf680cdd35821b"
"RUN_ORDER.md","1272","5536d072f8dd1507168002077b24a62da9a57512efacb3fa45ce6b8ae24e93a6"
"UPLOAD_TO_GITHUB.ps1","2013","00b8af0ab85d732e7ef026b6bc7b87c8b13c13d9db68a955f8abf9eb26467c35"
"history\audit\audit_summary.json","574","d0077747a8c727e9c32249204b532d1c3064405b8576de3c3257db2038064201"
"history\audit\cross_year_gid_overlap.csv","3631","1b20ca3ec2f01cf2d7b044b55115853ac6343fc3c89f7d9b9b666a599af223b7"
"history\audit\data_dictionary_inspection.json","38116","2e2cde4aa3b30965d53df3f64b3227a22c066a1934989ca2844be81f63c51d51"
"history\audit\environment_audit.csv","22297","a99777056825645d2e419e861f91a2178253df710897298378b313584330edbe"
"history\audit\exact_duplicate_nursery_files.csv","217","9e0ae21e87040227e9cc1216527d47128302aa8de963e1b1d9c92b5256d48e58"
"history\audit\file_compatibility_audit.csv","5435","f7ac2e120762201fc9129da9b7698738feb7150749482edb60871c8a4743b427"
"history\audit\nursery_year_mapping.csv","3359","69de36465a52b6cf154e8ea295d464e3f4029ad753843a27c9a523d82c485796"
"history\audit\official_data_dictionary_fields.csv","12225","13d160a3586f032a14b05a953134cf28ad7e598aa771f92a8c64650e949ae4bc"
"history\audit\series_mapping_summary.csv","466","80371b50987e76aad1d71b9d3c81236e8f245802948f13caa45266a0aa1df752"
"history\candidate_sensitivity_baseline_analysis\figures\Figure_S1_threshold_and_baseline_sensitivity.pdf","42304","701984773a2c8f73c354b541b533b261885d3182adea8fb661c3aae6a5239bcd"
"history\candidate_sensitivity_baseline_analysis\figures\Figure_S1_threshold_and_baseline_sensitivity.png","59497","1f88d519a5ad93835a46b975f92b717379108375a7f460de621ddf2e009429b0"
"history\candidate_sensitivity_baseline_analysis\figures\Figure_S1_threshold_and_baseline_sensitivity.svg","112678","f314cdc98dc9d0fef1ffedfe7c21964d889194ed39839863ce05b948cc89303f"
"history\candidate_sensitivity_baseline_analysis\figures\Figure_S1_threshold_and_baseline_sensitivity.tiff","501294","ca5518a8942a2b78e90ba0ba3c68c45d584e75ee67c7408a392c19638b2f9396"
"history\candidate_sensitivity_baseline_analysis\logs\sessionInfo.txt","542","000898a87ec96395643f543d9308488d2c66cc410b43097c2dfc9b2050df4a11"
"history\candidate_sensitivity_baseline_analysis\reports\candidate_sensitivity_baseline_report.md","1067","4468751944a46fec873594a6b3edef878df85d2af24ec66baf11b8cbc5353c96"
"history\candidate_sensitivity_baseline_analysis\reports\QA_notes.md","759","cbe024fc94f07d01e4f520a8bb170f4f94c2be3f172123711701d3b37b397d96"
"history\candidate_sensitivity_baseline_analysis\tables\00_analysis_summary.csv","466","00b7223def7906e4af51b7ed3391a897a71173df3d0cfc90e276500adcee4ec5"
"history\candidate_sensitivity_baseline_analysis\tables\01_transition_baseline_comparison.csv","890","490970a9fc600c43a09f128a0b818beb32b82f6f36b68bb0d2abe6ac9fc6769b"
"history\candidate_sensitivity_baseline_analysis\tables\02_pooled_baseline_comparison.csv","280","fa267cc40d8f300a19355dd4eee49ef0a9721904cbfb6ec10f94c3157e2660c0"
"history\candidate_sensitivity_baseline_analysis\tables\03_candidate_threshold_grid.csv","26715","af81621bfd2b1ef162a5594e37d2431e719d860a660f9aedbd70ad2c99d11628"
"history\candidate_sensitivity_baseline_analysis\tables\04_candidate_threshold_stability.csv","11338","0479d1a6a6f359f387719326944d956602261f46f4a88311eeaeaf446c0c95e0"
"history\candidate_sensitivity_baseline_analysis\tables\05_candidate_breeding_application_table.csv","8455","53ec1c58ee47526f841f629f7ddaa08a47b88be2dba33c4a9a105ef14964c0f7"
"history\candidate_sensitivity_baseline_analysis\tables\06_candidate_breeding_application_compact.csv","3353","07201e09085adfca8c17db37309846a0db55ceeab4b50b7c1879a7526c614c26"
"history\candidate_sensitivity_baseline_analysis\tables\07_full_funnel_multiverse.csv","88804","4a44ab2529fca9b8bf7cfcc31e4cddc3e19a7cca277b4aaf5932787e85f6dd14"
"history\candidate_sensitivity_baseline_analysis\tables\08_full_funnel_candidate_stability.csv","10880","963701cce5f9f947a909b652dd3401b5411cf3c79cbde7d28515974365c77175"
"history\cross_year_analysis\figures\Figure_1_environment_pressure_discrimination.pdf","43721","5be765393aa00f7c989583ec5ef47a7c068023fe70d8c510ab84721e2762a693"
"history\cross_year_analysis\figures\Figure_1_environment_pressure_discrimination.png","73535","761f712b5f3ffd242c8cda35019aad94709161ee402ac62504825a1b2ddaabf8"
"history\cross_year_analysis\figures\Figure_1_environment_pressure_discrimination.svg","40304","981bc469bdb07e92565ecf053de3e105882c058a04fb8d234f2afa458593cc34"
"history\cross_year_analysis\figures\Figure_1_environment_pressure_discrimination.tiff","298942","7de5b5890c8c2e081942c7af352576a05b1350abe4c1028c0f98f672e01805c5"
"history\cross_year_analysis\figures\Figure_2_cross_year_gid_robustness.pdf","37241","7bf73bfc860b62d4bcbe61861309f8443c45c2ad215873366f2a1600fd900d1c"
"history\cross_year_analysis\figures\Figure_2_cross_year_gid_robustness.png","45193","3fa3c0568d9ac72a3f2a96f55581eddc22cfa62d9d17d8e625289259efead1f8"
"history\cross_year_analysis\figures\Figure_2_cross_year_gid_robustness.svg","165850","03ed4d0ae6941e9099bdcaa14500bc5ce37f7932f49a790e7c0266f31e5db616"
"history\cross_year_analysis\figures\Figure_2_cross_year_gid_robustness.tiff","193820","35297c3a0427729a9e40c6e47408928d30953bded772b9df77c961c4b89f6018"
"history\cross_year_analysis\logs\sessionInfo.txt","621","f95c8d1d71a40ba0a142351da9c24e6924258b4a7b2101735c6ecfd73647b1a0"
"history\cross_year_analysis\reports\cross_year_analysis_report.md","2383","cd38129152f964750ab57bbf269d9c7c70037ea23c19b8a312d930fb99f96494"
"history\cross_year_analysis\reports\QA_notes.md","938","56f329d9830d8cecb9c5061fa280c0eb66418e50430f75a1c9621ca1f13c914f"
"history\cross_year_analysis\tables\00_analysis_summary.csv","206","807a3ae6ea43776e844f05e0c26783e240b4142b3b83839c559337a9c160d282"
"history\cross_year_analysis\tables\01_nursery_environment_statistics.csv","22316","f2b1c8e8efbd552b9a1ba23eb03d2bd5f77635217c47267f3040b24d3c555b51"
"history\cross_year_analysis\tables\02_environment_pressure_and_discrimination.csv","7518","5ec0b750485eac6a7e4e92649501c15c4752acd632f37be6b19f91a0d4d0e74b"
"history\cross_year_analysis\tables\03_environment_temporal_trends.csv","537","e203afd2161b19328988c71d6ae59dd2bb05e99e8ffe96fa619ec6e0ca6b41d3"
"history\cross_year_analysis\tables\04_gid_nursery_year_evidence.csv","1213433","9e48057edab16d58c09db49e040431b2d58486c94162c64921e0121048c45b19"
"history\cross_year_analysis\tables\05_gid_cross_year_robustness.csv","1107927","aded00bb24672e528fa7c57b019cca2b4187a19c58f6c93c42068f9eb31da908"
"history\cross_year_analysis\tables\06_eligible_cross_year_gid_candidates.csv","25603","cf2046d1c2293de89074be472441fa6dc7ea4aea3eaafc680a7f47d4260177d8"
"history\cross_year_analysis\tables\07_gid_year_candidate_evidence.csv","1129444","f3fce6ae171057ec20f7c660759730d6331f79f264e0baeee5b01f1bd3468e10"
"history\cross_year_analysis\tables\08_sowing_contrasts_by_location_year.csv","1050","20236dfeba4c286266367ff3ea9439e307420b3a26c6bb53ef490af53893290d"
"history\derived\data_dictionaries\cycle_2022\Data Dictionary_Template_XHe.xlsx","13157","19d0de07a69b03b182f770d5a3ecf2bd31a21fce489e86b4c1e335b9b8f4f2cf"
"history\derived\data_dictionaries\cycle_2023\Data Dictionary_Template_XHe.xlsx","13459","a2bcc8244ec2dc6f9f09e050813641425d242e5702329729c987b4e03012ddc6"
"history\derived\data_dictionaries\HLBSN_2018_2021\Data Dictionary_Wheat_Blast.xlsx","13038","2dbef49de57d8f287b1abdf7d6f3f6a292ee6002ec6409cb5608d9cc0fe63e25"
"history\derived\data_dictionaries\IBWSN_2018_2021\Data Dictionary_Template_IBWSN_WB.xlsx","13033","a5e10843b9a7c69bf2bfccf7922a8d68feb900607441f25bc39db075a6b6d9cd"
"history\derived\data_dictionaries\SAWSN_2018_2021\Data Dictionary_Template_SAWSN_WB.xlsx","13039","d16a58a270d7c348106691d6a1408366bb1861b109fb5fbfbf15ecb72eb7adad"
"history\derived\extracted_HLBSN\10HLBSN_WB.csv","7782","5d909c185a0f34b8ed66d7e658874cddc81fa5b7dca1b390b8b95ae544c793ea"
"history\derived\extracted_HLBSN\11HLBSN_WB.csv","8554","221c7b5e3bc1495658bc5baffdd78a324517428f2f6cc0299e6ac63c37736c30"
"history\derived\extracted_HLBSN\12HLBSN_WB.csv","8102","2654254dcdc5a21c54755106f4919c3d32ca4a9ad52351fce1e35aecfc81802a"
"history\derived\extracted_HLBSN\8HLBSN_WB.csv","9293","0d2d56e53c972ad12df620508949bc7bc1dadbbaada0c6d00360d4936cbadf04"
"history\derived\extracted_HLBSN\9HLBSN_WB.csv","9482","f888bfc2b6ed7ff331e9facf2faf550d2877bdf74fd9de08b170764084b99649"
"history\editor_requested_transparency_analysis\figures\Figure_S4_method_transparency_checks.pdf","40334","1ef717e4cd6081fe8193252d21bf4ceadf6d575162baf2160aa055cbacb66a6f"
"history\editor_requested_transparency_analysis\figures\Figure_S4_method_transparency_checks.png","83318","f69a8792f2f81fb5a916e3b7669f489542ded981d70741c46215b7f5b0142021"
"history\editor_requested_transparency_analysis\figures\Figure_S4_method_transparency_checks.svg","19307","4ef272ad3563cf6db909bb7e67dcb11d3de89221fc5f84a1c90c02eef3d71ff3"
"history\editor_requested_transparency_analysis\figures\Figure_S4_method_transparency_checks.tiff","227760","dfb773bc103eba0f37e25b2131156c1ca1fe1063385cb9965a1c1a4cc55cc134"
"history\editor_requested_transparency_analysis\reports\analysis_report.md","635","ade7ceed0e080a292a5cd5baffeae9f63eb556a2bc425b150df778aaec579ec5"
"history\editor_requested_transparency_analysis\reports\sessionInfo.txt","524","5dc26be34b9385e2f3006496e90a9431d9f01255ae509ef2ad3133fcce0f6804"
"history\editor_requested_transparency_analysis\tables\01_environment_score_sensitivity.csv","709","aa89fefc30ca2e7453fdc0effb643d1f53b9aae939ce28554e91f58aa82c9f64"
"history\editor_requested_transparency_analysis\tables\02_environment_rankings_all_variants.csv","17590","008d66b1bd3822e8eba7a37ec7cdb6197873fd3389438867332f1dac1fdb6c3b"
"history\editor_requested_transparency_analysis\tables\03_balanced_vs_pooled_summary.csv","218","ebe71e02b9ad6bb5c9b23c9de0d795afc1c59e515fbd9d3a81c5c2ada6a550f8"
"history\editor_requested_transparency_analysis\tables\04_balanced_vs_pooled_environments.csv","3535","ab4301a5cb3b7a0d7c7d670155d7de5a4b8b664ab7c8bdbde7e848ceb56cd42e"
"history\editor_requested_transparency_analysis\tables\05_candidate_selection_funnel.csv","485","8d543e623d0c3228b4029f5d9844c913452a7cf5e9d790615d6985c5dda7ce73"
"history\environment_adjusted_response_analysis\figures\Figure_14_environment_adjusted_candidate_effects.pdf","31608","e5373119f340a02bef100a4a09b91733be40cca52a4cdc6dd9593416b46bec4f"
"history\environment_adjusted_response_analysis\figures\Figure_14_environment_adjusted_candidate_effects.png","27441","d7ff6222b4dd16e7654a6070587874fe55db0c4b4d19aab9a18a3f523bdf7efa"
"history\environment_adjusted_response_analysis\figures\Figure_14_environment_adjusted_candidate_effects.svg","73860","0eee594d3da57ff438221643b3377f1d44c35fc869cd4060d110a4708035030e"
"history\environment_adjusted_response_analysis\figures\Figure_14_environment_adjusted_candidate_effects.tiff","136472","e99b756d9bca22986da8c2e51bb12f383c88aef55d89231927954908d3ca803c"
"history\environment_adjusted_response_analysis\figures\Figure_15_candidate_reaction_norms.pdf","32198","98a16eacbd8adeae8a08a9ba15fa6991335817b485ccc5640152424f3135349e"
"history\environment_adjusted_response_analysis\figures\Figure_15_candidate_reaction_norms.png","31732","60f845fb61dcbb520322767ce0d155a2de6c995f2a97ff6bb240f758d3ccf06e"
"history\environment_adjusted_response_analysis\figures\Figure_15_candidate_reaction_norms.svg","137297","721cc398da1695f302ee015f8f74babe43856710699d824684062f02faf5a8c3"
"history\environment_adjusted_response_analysis\figures\Figure_15_candidate_reaction_norms.tiff","133334","bd7419df2d67a5334a171fbc0b20c844e08a7aa012e4473ebb0e69ebdd9fd6e1"
"history\environment_adjusted_response_analysis\figures\Figure_16_empirical_failure_frequency.pdf","29627","3dda99389e295a8101272192dced845d61865183e181fc2f190e275b481c9d72"
"history\environment_adjusted_response_analysis\figures\Figure_16_empirical_failure_frequency.png","25360","9ba3a52a6532cfaff0b2e96ee74669c99c7e4473301666bd1c33edba4ad9f591"
"history\environment_adjusted_response_analysis\figures\Figure_16_empirical_failure_frequency.svg","67542","2e6dd57a77f6c6d31a13cbb587c430129cf950b056e65cffe1d9ea6b9d511ec1"
"history\environment_adjusted_response_analysis\figures\Figure_16_empirical_failure_frequency.tiff","115404","d07b7fb7596a9fb2f5e533e63ea481dccb3dd0b8367abd92469596f5c94842cb"
"history\environment_adjusted_response_analysis\logs\sessionInfo.txt","621","f95c8d1d71a40ba0a142351da9c24e6924258b4a7b2101735c6ecfd73647b1a0"
"history\environment_adjusted_response_analysis\reports\environment_adjusted_response_report.md","1072","de2790ef4d0416d44ed7d2a7cd3df81f6b8ff660dac7138c23197f66099684dd"
"history\environment_adjusted_response_analysis\reports\QA_notes.md","399","c2a834a9dd366e6ae3f1dc9fafc1f3bab494aa35749cc4e86853ea7e2f5abf86"
"history\environment_adjusted_response_analysis\tables\00_analysis_summary.csv","221","66768a1c4f61a0ee9783d13349ae37ee6f009a93469fc0dcd30a6debc7d09ef0"
"history\environment_adjusted_response_analysis\tables\01_environment_background_pressure.csv","19900","a6710bd621bb85a00c722fab84e8133e6f813a7b048a0db65a812ded3802b750"
"history\environment_adjusted_response_analysis\tables\02_candidate_environment_response.csv","44890","33ee280a93ea747ac2f4a23f15509fab79feaced485a6a1830ed3663ee66e729"
"history\environment_adjusted_response_analysis\tables\03_environment_adjusted_candidate_summary.csv","4191","b13ca30d5a3dae2f4b59691ca3c73f5d4192e4e0ea50a8822b9045947b183e6c"
"history\environment_adjusted_response_analysis\tables\04_environment_cluster_bootstrap_draws.csv","645350","6697cb145be48e19df23220e7f698a051ed456f1f0fe7c53c70642c3f72a9aa7"
"history\environment_adjusted_response_analysis\tables\05_leave_one_year_out_response.csv","2048","2d561f5d1d64fe95d866a90151b8d3a56ac5cbf24fa864d4a4a43fddd7eaf976"
"history\environment_adjusted_response_analysis\tables\06_leave_one_year_out_summary.csv","954","56264a4813aad008cc3197f9866ec6ef57458cc1932df8499071e85e1a3cc87f"
"history\environment_adjusted_response_analysis\tables\07_empirical_failure_boundaries.csv","511","78b5183ab81b029f27c70f7f7b84c9ac48b177db432c3091dd89f0d60cf79c7d"
"history\evidence_pedigree_analysis\figures\Figure_3_evidence_duration_and_robustness.pdf","38765","09a6c6c1c0371fb0231f6f6f234d54613bfd2377bd561d96bedd720b77ca57b4"
"history\evidence_pedigree_analysis\figures\Figure_3_evidence_duration_and_robustness.png","40748","6818ac28fc136da3c176e50a4aef0bf65bec349e3b7d72cc853508552369b5c9"
"history\evidence_pedigree_analysis\figures\Figure_3_evidence_duration_and_robustness.svg","180486","eef30d3e8bb1852f07c2144c0cde2731f0a9b88660e88d95109d78fd0e81f2f5"
"history\evidence_pedigree_analysis\figures\Figure_3_evidence_duration_and_robustness.tiff","183442","fb3334ccd032b3cd7c454cfcac49ee001b81c6ef20f1bd6aa521803d7e5b3fbc"
"history\evidence_pedigree_analysis\figures\Figure_4_pedigree_similarity_and_ancestry.pdf","33504","00b7e6b2267fe8621b5506473bc1631f19b2ba5d1f35a37d18537ddb57357c3e"
"history\evidence_pedigree_analysis\figures\Figure_4_pedigree_similarity_and_ancestry.png","48161","8d2edcd9974878b20477ea073c524440ce044c312c0d734450e5c5834a3d4ed0"
"history\evidence_pedigree_analysis\figures\Figure_4_pedigree_similarity_and_ancestry.svg","163669","888fd9658014eee034c06d721740dd2a923e9577a85d95f5ff30d9018d564f8a"
"history\evidence_pedigree_analysis\figures\Figure_4_pedigree_similarity_and_ancestry.tiff","379012","0b9465d1bbb4a17c9d6937eacc52fb4314611e86802d8a32f3dc281c395339fa"
"history\evidence_pedigree_analysis\logs\sessionInfo.txt","621","f95c8d1d71a40ba0a142351da9c24e6924258b4a7b2101735c6ecfd73647b1a0"
"history\evidence_pedigree_analysis\reports\evidence_pedigree_report.md","1488","d6e1f24d6a4379411ebd1d004ecbf0a2c26532ab0b09fe92964eca4866849d5f"
"history\evidence_pedigree_analysis\reports\QA_notes.md","327","aa4be86771ba28c118759fdf630f8d32af2e50906e9042b564c07886478b474a"
"history\evidence_pedigree_analysis\tables\00_analysis_summary.csv","230","d61f91c8c6c68928540e38c3dc0e1e1e86f41e88ab962a4bbac792d83fa09f94"
"history\evidence_pedigree_analysis\tables\01_evidence_stratified_candidates.csv","30055","0764b4dd9bfbebaec02038225f9b0cb185091754bd8ecc3759394b5fb422a9a5"
"history\evidence_pedigree_analysis\tables\02_evidence_band_summary.csv","290","53976bd5853b395d5ed11d8d21d87751d6a1c271585e26c01bc7ad806d9e7177"
"history\evidence_pedigree_analysis\tables\03_long_term_repeated_gid_assessment.csv","2944","474f90bd5b4bef70b95f0b140d2c1f2fcaf6b569fc898297534d3ea3dc8ba7b6"
"history\evidence_pedigree_analysis\tables\04_priority_validation_portfolio.csv","4772","8eef6f04446e4418346b57a85b271f54a2fbe92226afde582a440225a2163285"
"history\evidence_pedigree_analysis\tables\05_gid_year_trajectories.csv","15154","7ff803baf6260be1d3a1f39852d0f6766a5132f8ed23ccc83fc13544033f718d"
"history\evidence_pedigree_analysis\tables\06_gid_ancestor_tokens.csv","12643","3a133dde2941ffc1dc5322e598ad946a6ae7583cfd46e1da4dd7ea136fd0ed28"
"history\evidence_pedigree_analysis\tables\07_pairwise_pedigree_similarity.csv","177218","d418067c78d5cbde0ae81b050ba18edbe7132e8fb84242a6877485f4e8f5d3e9"
"history\evidence_pedigree_analysis\tables\08_candidates_with_pedigree_clusters.csv","30692","d47b308e859c72bddedfa45f080aabda64e23e1bde3b53abbdfa6ac3cd06ded7"
"history\evidence_pedigree_analysis\tables\09_cluster_threshold_sensitivity.csv","84","27ea1a59e8d9165393b7d0dc90532901ead24a85802f290c2421315897526a45"
"history\evidence_pedigree_analysis\tables\10_ancestor_frequency.csv","5543","e99b506d8c490ca6a9a9d618bad7c3567f364cb51c2ef7eb47b4d5496a6ad6f2"
"history\evidence_pedigree_analysis\tables\11_strong_candidate_pedigree_similarity.csv","1145","d3d30aaaa91c202f79a4d118e8619bfc7c6ba764e8085f20d51158f5082f5772"
"history\evidence_pedigree_analysis\tables\12_strong_candidate_independence.csv","3016","c06ab5f420e1d0e8c1101010b8508b5ecb52fb67df9800400ee5a6ae09f64cef"
"history\metadata\download_manifest.csv","7546","796b8a14775f0c0492c97491151f3e76ef2d529b5a7aaf09c8456471839f334c"
"history\metadata\target_datasets.csv","414","29e882e972e19cc8564782540c8720150ce4bcf8dfdb1837f69c70cfe8029034"
"history\raw_downloads\cycle_2022\12HPAN_WB.csv.gz","8473","7bffa0b6ce929379afede6439abf195c8b67f74f130cf359980401a3e6ae29f5"
"history\raw_downloads\cycle_2022\13HLBSN_WB.csv.gz","2902","b12b402bc5f17c9412858f74114ba284c19195266b4e76cf456c9092125f561a"
"history\raw_downloads\cycle_2022\13HZAN_WB.csv.gz","7762","9ebdf66a1d28af4a20afdd59b0e09e4117e8d54b374d337f14c0dc2392de46d3"
"history\raw_downloads\cycle_2022\38SAWSN_WB.csv.gz","7982","f82242fff76cd1f324b03ca80dab6f1807ee86ffc26fd8af6202feeec641c3ec"
"history\raw_downloads\cycle_2022\52IDSN_WB.csv.gz","6519","845cb292da9df1b104415e4d21070f4f9f14e0d251e0fb54f29ba868b39d94be"
"history\raw_downloads\cycle_2022\53IBWSN_WB.csv.gz","9520","bcc1e3c44c13e66b39d375f9b8d8e713c163c24c6e6bc250d62875ecb73a9497"
"history\raw_downloads\cycle_2022\54IBWSN_WB.csv.gz","7678","ef63286e7f2c7791f67a6e4a7d14b19c6e7de4aadceb5be0e99388b4638a4ec0"
"history\raw_downloads\cycle_2022\Data Dictionary_XHe_20230630.xlsx.gz","10495","28dbb5051ad510a823fd0aeb42790abb6ddd5fbcc963316ce8ce8956d17bab4c"
"history\raw_downloads\cycle_2023\14HLBSN_WB.csv.gz","2992","ea7cc0ec573583e34f26785fd94bf51d54b89bc4ecbb755258012755e289cbdb"
"history\raw_downloads\cycle_2023\14HZAN_WB.csv.gz","8166","2bd9d7d4919f0b1b8a3c3f6282dee14f5ad1221337eb22a686ef5c8f447884d8"
"history\raw_downloads\cycle_2023\24FHBSN_WB.csv.gz","2538","1cd26c58bd8083e4437574914fce5a06565e7ad0af67d9114dcae47349476572"
"history\raw_downloads\cycle_2023\32ISEPTON_WB.csv.gz","2856","c74fb6a346691a82817366d09e548682d671c9e62a79ca20093a40089e3b0800"
"history\raw_downloads\cycle_2023\40SAWSN_WB.csv.gz","8703","1a63a23fa3669b6c85cd180f011e0758f5e910cd858ed302820158a6692cfbdd"
"history\raw_downloads\cycle_2023\55IBWSN_WB.csv.gz","9492","91faee5b6c71eb6a3edc878fb1b28e6627c9bf4074737a5fb0186b6e49657c84"
"history\raw_downloads\cycle_2023\Data Dictionary_Template_XHe.zip","10834","62fb71a51c72a6481bf82cb132f3154ac3a3dc8e78c10dce4ae1b9a6a99eaaa9"
"history\raw_downloads\cycle_2024\15HLBSN_WB.csv","8110","07ebe7f65c74832c85f5fc64476b3f73da6d051319a9db8a37f6c3a03752cac6"
"history\raw_downloads\cycle_2024\15HZAN_WB.csv","63695","c207cdbcd2906f83dae9d17bcf368f9d58a867fa777636dbcc85b818797e1624"
"history\raw_downloads\cycle_2024\41SAWSN_WB.csv","35218","8be49724aebbd3c8dc4d33b651b7359605414fc404de5bedb350c36c4c84f142"
"history\raw_downloads\cycle_2024\56IBWSN_WB.csv","38393","58fe5068bcddf3c7e0a35a359bd7a78907c5f46ef8fa60e4f733deef34658d02"
"history\raw_downloads\HLBSN_2018_2021\10HLBSN_WB.7z","2498","c9a2d2466653bbdddf85fda28792d0fed77315254a0e90871a507f6bb53142f2"
"history\raw_downloads\HLBSN_2018_2021\11HLBSN_WB.7z","2529","edffbcb8b6d0bba9ef433cf00ed46ece6129074128dad1d79ebddcd855c0e601"
"history\raw_downloads\HLBSN_2018_2021\12HLBSN_WB.7z","2510","860e9a195f8c2b3a822b4ca36693d0661d5d858309c8007229dd8c4e3680d05d"
"history\raw_downloads\HLBSN_2018_2021\8HLBSN_WB.7z","2756","12f010a6bde524d1558d7de38509977132ab6ca9756500c72d30df79854d0940"
"history\raw_downloads\HLBSN_2018_2021\9HLBSN_WB.7z","2807","0c9bf19c1e9682cec0d383b71337849db97135b208843206551b0306a0f54b60"
"history\raw_downloads\HLBSN_2018_2021\Data Dictionary_Wheat_Blast.xlsx.gz","10364","972b95c24ca7794ef0dc266eefcada358786635cd00aad6822ab1d80f893b9e9"
"history\raw_downloads\IBWSN_2018_2021\50IBWSN_WB.csv.gz","9853","6579e8bde0ff7a744fa6f9f7921e760262163f994ae7cc8974480f6718f8a89a"
"history\raw_downloads\IBWSN_2018_2021\51IBWSN_WB.csv.gz","10258","d50b1d1d4cd223478d581b6c01ee6fa5bf6e44e18747216e3147a4e8c68ad2fd"
"history\raw_downloads\IBWSN_2018_2021\52IBWSN_WB.csv.gz","8887","75396d7f78484411ca367326307e76dd9e3dca4c458b70f46ab0caff06a5e870"
"history\raw_downloads\IBWSN_2018_2021\Data Dictionary_Template_IBWSN_WB.xlsx.gz","10364","64b97d5b1cb8a985835aa8871480feb92516bf5ddd74ad166d91855b68ec535a"
"history\raw_downloads\SAWSN_2018_2021\35SAWSN_WB.csv.gz","10391","828b602f5efcb5c59b7849cf02f0b2ef8a8d739bb33508477459d544f94fd928"
"history\raw_downloads\SAWSN_2018_2021\36SAWNS_WB.csv.gz","10668","17682ebdf0a97dc42e91bc76fb80c7bd2e97360027284222ea2e44f811109467"
"history\raw_downloads\SAWSN_2018_2021\37SAWSN_WB.csv.gz","8566","92aeebdd64cf664aaefa99743a6bc8529bc47644549d7d45138114b86dfe63f3"
"history\raw_downloads\SAWSN_2018_2021\Data Dictionary_Template_SAWSN_WB.xlsx.gz","10369","09152a2c3dd19ba5a526a14572f66e4c95d9f0a3faf9434c396200ed93143432"
"history\reference_anchored_analysis\figures\Figure_10_reference_identity_sensitivity.pdf","35652","776ab81ca1032fe87a4c7ab392579bff90aefb9f7cb06c09094afa47cc72ade8"
"history\reference_anchored_analysis\figures\Figure_10_reference_identity_sensitivity.png","35283","4ea22966a77b0bf17ebd3319eb5c88476d92868cfd022bc5fb509b167e78d044"
"history\reference_anchored_analysis\figures\Figure_10_reference_identity_sensitivity.svg","76594","b686d5bd6b03e1af245cf19caa46465f07abb8752fb1f854cf013fbfce49da38"
"history\reference_anchored_analysis\figures\Figure_10_reference_identity_sensitivity.tiff","251298","4e636f2235fd26e4914e92fd46bc5e78b46a2ef22f41babd418a8280c971303b"
"history\reference_anchored_analysis\figures\Figure_8_local_check_anchored_advantage.pdf","34645","261ba579816916745f1a46472b93b62c3c2f77b144e71ff2cdefbdbdb5849d1d"
"history\reference_anchored_analysis\figures\Figure_8_local_check_anchored_advantage.png","32085","d8020656ba3bbde5d09c53a4801e4970ad9d47f5c79a3c0d805688f6e20b2367"
"history\reference_anchored_analysis\figures\Figure_8_local_check_anchored_advantage.svg","98994","19e32e64d1d46c08009d14736f1a62ef19662b47e7f40843e1b5398077692337"
"history\reference_anchored_analysis\figures\Figure_8_local_check_anchored_advantage.tiff","153748","738c305f6ab4a21887d42f97fbb0d153e80f65171f581a887bb99b73b9139ad0"
"history\reference_anchored_analysis\figures\Figure_9_location_sowing_anchored_advantage.pdf","36201","1cba9e460a8588bf387b38d1e3c67d78bf5f93efdbc46789f2d186d13adbf199"
"history\reference_anchored_analysis\figures\Figure_9_location_sowing_anchored_advantage.png","54648","587a3e0c92cd55ff25faad47fcc0dafd40703bb180afcf7c71b9c67cf6c71f07"
"history\reference_anchored_analysis\figures\Figure_9_location_sowing_anchored_advantage.svg","110203","4aaba732eb6ce2b9662d765074937dce7b16651e9ff6bf25e0ef687274179d57"
"history\reference_anchored_analysis\figures\Figure_9_location_sowing_anchored_advantage.tiff","582360","3cdd8f5ac1a2620ff618d78fbab2d95184df5bdf302d4df32a1a1ac83e510b33"
"history\reference_anchored_analysis\logs\sessionInfo.txt","621","f95c8d1d71a40ba0a142351da9c24e6924258b4a7b2101735c6ecfd73647b1a0"
"history\reference_anchored_analysis\reports\QA_notes.md","417","98731d5c2b8d402972c4488704a2eb096e1aef510ea86b6ac67682eae2409706"
"history\reference_anchored_analysis\reports\reference_anchored_report.md","1667","b6efe9621e4ad3c498f8e766bfdb9e128121060ad409421cec4dc88c56e16442"
"history\reference_anchored_analysis\tables\00_analysis_summary.csv","211","50013b6b57c40e46663688490e9dc4ba77c5bfe354e29e163974ff8f80eb34dc"
"history\reference_anchored_analysis\tables\01_reference_coverage_by_stratum.csv","24015","6521adcbdd899012c733bc04e927202a95fd0e366e035d207e5c813fdfbcc8d0"
"history\reference_anchored_analysis\tables\02_all_reference_anchored_observations.csv","47044","df0ac36312bda89e5f53a9a33a7fa14a6ba5a53399393c3be8db42edbf42d322"
"history\reference_anchored_analysis\tables\03_local_check_anchored_observations.csv","38530","1bef6756b4591f94d5235392999f95843366f506b460ccac897fc5154233e249"
"history\reference_anchored_analysis\tables\04_multi_reference_candidate_summary.csv","5987","5dd234793fbe0d25fc226b2a2a128aa4008fc9581fece4e3a444d738884a4d1d"
"history\reference_anchored_analysis\tables\05_local_check_candidate_advantage_summary.csv","3633","a4b1f689a21089d4a44898c0596533dfdfe9644e880d4c5ce735407dadfbed85"
"history\reference_anchored_analysis\tables\06_local_check_location_sowing_advantage.csv","8256","b5f700581f29e64ee99e67f06e08fefc86598d1f96115633036c69c7fbe43063"
"history\reference_anchored_analysis\tables\07_location_sowing_advantage_failures.csv","147","69ed759836af1f53157816b048b31384d67e6d75c748220beda180c22d8c674d"
"history\reference_anchored_analysis\tables\08_leave_one_year_out_anchor_results.csv","2060","884f0ddd1a6c1c773144c83457ab0daf36ff9cd371b517863cd25f82c0343751"
"history\reference_anchored_analysis\tables\09_leave_one_year_out_anchor_summary.csv","1097","1ccd07bd18f4e2cb07e346d2eb6aabe52ae4de0c0c084383afa303069a1baeeb"
"history\reference_anchored_analysis\tables\10_candidate_anchor_coverage.csv","451","2151a5b2ed08777b8efa2176990fee1555793a102eadb1525d9541a5694333d0"
"history\standardized\historical_long_all.csv","8556497","064b188d6443c1478b2cda9bd87f05a7e72ac75b4d8c0336b2c345705e6a09e0"
"history\standardized\historical_long_observed.csv","8466200","a0e9ee08a2e8199b1673fe0243fd84262b1434b80dd7dee064c323219db901c5"
"history\standardized\historical_long_primary_observed.csv","7995420","d4e3c5dde4fdc7adaaa57a9742bc55dbc140c11efbdbc0748937dffd61bfacc7"
"history\temporal_uncertainty_negative_control\figures\Figure_research_workflow.pdf","61248","a1859fd65b44331baf0350932feb24d0ee369c33b534a54d1a977dca3501645c"
"history\temporal_uncertainty_negative_control\figures\Figure_research_workflow.png","119663","1eef5f61fcf59a2cca83b14857cd866d45da55490dd3e46747a894d77d7ba351"
"history\temporal_uncertainty_negative_control\figures\Figure_research_workflow.svg","9916","5561b95996bfdf937fb11f04c41ccd964622bb340fcc481a6c9350776faeafd3"
"history\temporal_uncertainty_negative_control\figures\Figure_research_workflow.tiff","355254","a97c428fde9ed2e06d334888fa1933907abfbf244356e4ba189a573d61b1c26c"
"history\temporal_uncertainty_negative_control\figures\Figure_temporal_uncertainty_negative_control.pdf","31769","1841a618bedd1959b72e1994761d90e37bb1fba4e80573a1e05493eb820cd477"
"history\temporal_uncertainty_negative_control\figures\Figure_temporal_uncertainty_negative_control.png","54387","9b89ec83af504369229075ed173add5b2a68e79a0e3ffeeaa00d97788be5a024"
"history\temporal_uncertainty_negative_control\figures\Figure_temporal_uncertainty_negative_control.svg","18848","1965517f1cccba682e515a5087d3ba65a0ce684f269cacd04b3800a0764273a8"
"history\temporal_uncertainty_negative_control\figures\Figure_temporal_uncertainty_negative_control.tiff","163436","04355744f2b0bab0508814d45c9d97264138aefa4933dfc8d381b165916d6127"
"history\temporal_uncertainty_negative_control\logs\sessionInfo.txt","524","5dc26be34b9385e2f3006496e90a9431d9f01255ae509ef2ad3133fcce0f6804"
"history\temporal_uncertainty_negative_control\reports\analysis_report.md","547","8d9be2ed517c6c39dd63e1e33e9bd293e75f5af7f5607a7b2cf03b96fe8c964f"
"history\temporal_uncertainty_negative_control\tables\00_analysis_summary.csv","497","843e130d2120475cd4cede59fbba6a011006566ae944041f5628c856fc2139f9"
"history\temporal_uncertainty_negative_control\tables\01_transition_precision.csv","235","8c8e2972831da8162c8eedde5ee913c9af16cd0edbdadc3646bf6051f3f95233"
"history\temporal_uncertainty_negative_control\tables\02_cluster_bootstrap_summary.csv","254","e9c57f8231df256c35b396fce9ec283e95934fe39e8eac4e0aa61d5e53b94714"
"history\temporal_uncertainty_negative_control\tables\03_leave_one_transition_out.csv","248","bb7cca919a7c0d472ef36e508f5cff487c470d5b70d91cf456e0a7d6ce84acf1"
"history\temporal_uncertainty_negative_control\tables\04_permutation_summary.csv","210","642e49dad5e7decdaea35d9b2e40a05bd7703bc03b927486b5f942956db2ecb7"
"history\temporal_uncertainty_negative_control\tables\05_permutation_draws.csv","238157","49c209af5b449e2fff78673b5b7b68822d3d0b21ee5b9ed35128bdfd24903a3b"
"history\temporal_validation_analysis\figures\Figure_11_temporal_selection_and_rank_transport.pdf","39004","0c4c44367f6ebc9b61174ad340a02bbeff3a7fdba690e3a6608ddf4c59575734"
"history\temporal_validation_analysis\figures\Figure_11_temporal_selection_and_rank_transport.png","42887","2de71b850b188b842ec7b8ef35aecbab1f650f293805ae929d8ef10ad28e4c8f"
"history\temporal_validation_analysis\figures\Figure_11_temporal_selection_and_rank_transport.svg","12163","93e942281ea1e0b8e34805d629b205031d75d3d24ffcf0fd55ddae7e34111625"
"history\temporal_validation_analysis\figures\Figure_11_temporal_selection_and_rank_transport.tiff","301740","2462004f1e8a442ead30e54cbecbda438213185413d0933553627797d061d638"
"history\temporal_validation_analysis\figures\Figure_12_train_next_year_scatter.pdf","56511","ce930b6520cfc6168893b6b16e390dcc34f42d9f4269d3d9f316a221b5ae6c60"
"history\temporal_validation_analysis\figures\Figure_12_train_next_year_scatter.png","62807","e79501ce6633d60cd65978340dbd86378359f6c67135b3e12232caede01698ec"
"history\temporal_validation_analysis\figures\Figure_12_train_next_year_scatter.svg","189559","bc74a30d13fb7bc1ec6bf0c3e3b240632e48812c389c25e90f05a2ee47d0fe51"
"history\temporal_validation_analysis\figures\Figure_12_train_next_year_scatter.tiff","628642","8baede2ef116502326044a7ead702c0666117af222a3ebc4ae4ff8d6109cd434"
"history\temporal_validation_analysis\figures\Figure_13_portfolio_yearly_outcomes.pdf","31516","ba9b9426c73d215b3097128ca9df4fd86fd6f4156cb4d014f9dd1d8eb937ad07"
"history\temporal_validation_analysis\figures\Figure_13_portfolio_yearly_outcomes.png","36949","0eb93a797ba38888f7806b385498e6877e316566748bf9977431188370cf1c23"
"history\temporal_validation_analysis\figures\Figure_13_portfolio_yearly_outcomes.svg","12518","533493d58a5d62cca3843fb9825a4a9adfd2a5cb15513c358b0fcfa67315ce2c"
"history\temporal_validation_analysis\figures\Figure_13_portfolio_yearly_outcomes.tiff","263358","16bba165ff8616fef24aa8b39436a793c190a04decf0dd6ec558536f550effe8"
"history\temporal_validation_analysis\logs\sessionInfo.txt","542","a5c0e90cc48c201276b9cfeba82820245bac420399021ba4383dc190338e8407"
"history\temporal_validation_analysis\reports\QA_notes.md","438","c6567310126c13b452f21113bbbec4b3651f907d0f4dc324304ba537635eee5d"
"history\temporal_validation_analysis\reports\temporal_validation_report.md","1299","551ba22a01364709deee470e6346e2e4476850080baa34d793d8ba89382488ca"
"history\temporal_validation_analysis\tables\00_analysis_summary.csv","219","984c0621754e8a86f1aeb6e431b4e856fa3c5f970ae33f33a417a23b4569476b"
"history\temporal_validation_analysis\tables\01_gid_year_observed_metrics.csv","937923","502459d933b34c108e6dc4b4544bb3497de9867b5cb5ad9f0c86134b8b61f1f4"
"history\temporal_validation_analysis\tables\02_all_temporal_transition_predictions.csv","343026","ae0de7d28df0a1557094a902ea2b70d6dab8e1f2a0ffedf8fd2aa97750adcbcd"
"history\temporal_validation_analysis\tables\03_temporal_transition_summary.csv","663","a445f95f14d4d58be2c167897b97def7a61a2e68c5bdad91018191ffe3459f1b"
"history\temporal_validation_analysis\tables\04_overall_temporal_validation_metrics.csv","340","a9b57ff53a48673f8bb4b6ac4784ff10dc5e993a445e019f707b949e9a71bb0a"
"history\temporal_validation_analysis\tables\05_portfolio_chronological_year_outcomes.csv","6207","324f70d4f44d4a22a92d3e5f909c22a890f7cd4b33750d2adab2f65bce58eb21"
"history\temporal_validation_analysis\tables\06_portfolio_temporal_validation_summary.csv","1346","89f06b2feaa6145bbe3506da34d395d01569339d25c2f14736734097eac54739"
"history\temporal_validation_analysis\tables\07_temporal_rule_sensitivity.csv","180","cc64a80d56b7b3cd5d9320f19b26fc774ccefba7a5456cac79a9229fcd021bb0"
"history\validation_portfolio_analysis\figures\Figure_5_validation_environment_information.pdf","35984","a35e94207587b1fa3439204debcc69eac4ec19beb3a1923c6d2201e52de7e78a"
"history\validation_portfolio_analysis\figures\Figure_5_validation_environment_information.png","30251","6f50c2ec98f97ec3799492ee493c83e2c86ab0b65058a42a6b49d1cb8d0341a2"
"history\validation_portfolio_analysis\figures\Figure_5_validation_environment_information.svg","119804","818987ba245f5eb3b6795797aa3e1da66193f368665cb98265e90cc6353a0dc0"
"history\validation_portfolio_analysis\figures\Figure_5_validation_environment_information.tiff","132186","883815848ae171f10ddf0e55570aa0a89e0b3f0cf078b0a9252d77281276f3d3"
"history\validation_portfolio_analysis\figures\Figure_6_candidate_location_sowing_vulnerability.pdf","34373","509ff13d6ca4f4c56e36fa11d5a2b4b4cef7c2ef139b8f138bb1e761a4642b43"
"history\validation_portfolio_analysis\figures\Figure_6_candidate_location_sowing_vulnerability.png","53390","f7547fada5a7e7013b405fddae3023f86a15a9ebaf58491e0db2c73d3436ff3e"
"history\validation_portfolio_analysis\figures\Figure_6_candidate_location_sowing_vulnerability.svg","108225","b14d6ef52014dd1487133c3693c55b6e48df036ab6bb0b158d16bb248b70521e"
"history\validation_portfolio_analysis\figures\Figure_6_candidate_location_sowing_vulnerability.tiff","513102","7811875bf8e160a74f92f8b2a9082a2d7d768dd72b2302f1631ed04e84d567f3"
"history\validation_portfolio_analysis\figures\Figure_7_leave_one_year_out_robustness.pdf","36499","8608a9bddd7ee7a2cd3911d807aeb83855586c8a930ffbfcd956015f7de0aa7a"
"history\validation_portfolio_analysis\figures\Figure_7_leave_one_year_out_robustness.png","22263","5b4f96ef3ae4184a75bb2cb17381cbca73e1abccffe785113923480c218e36c3"
"history\validation_portfolio_analysis\figures\Figure_7_leave_one_year_out_robustness.svg","58045","9fcfc6982d0b6f2858604f944c8360a77a7353cc3b78386e01fd1432f1e8bb50"
"history\validation_portfolio_analysis\figures\Figure_7_leave_one_year_out_robustness.tiff","147116","7fe991c9b51a42efecf9c20f6692d71b2810cf7aaf857c71513131cc18fd8ec2"
"history\validation_portfolio_analysis\logs\sessionInfo.txt","621","f95c8d1d71a40ba0a142351da9c24e6924258b4a7b2101735c6ecfd73647b1a0"
"history\validation_portfolio_analysis\reports\QA_notes.md","445","2fe725bd9492d7c7eebd72b1d9b7bdaf8c0b517c2b433111730af674ee76f65f"
"history\validation_portfolio_analysis\reports\validation_portfolio_report.md","1356","324b9614a9445918f99307c1494d5ce44984369e5c5773e14f558b5477e1ae37"
"history\validation_portfolio_analysis\tables\00_analysis_summary.csv","218","d33ed9308b1c6f9523aa0b91c85d61ba1da7db30f3e2f13cd48246d751f4943c"
"history\validation_portfolio_analysis\tables\01_nonredundant_validation_portfolio.csv","5996","3dc0327a8edcab89eec80f37396c186fd0c9c9347a14a5c50239c7030b0e7134"
"history\validation_portfolio_analysis\tables\02_historical_environment_information_ranking.csv","11737","e50f86f1d60ee219a8ed8bb5930f9eaae2f3113f9bc35eeab33a236069f03c8a"
"history\validation_portfolio_analysis\tables\03_location_sowing_validation_value.csv","818","f2e198587958e760828ad1b6766a4f079867940dfdb49bddf016348524d5b106"
"history\validation_portfolio_analysis\tables\04_portfolio_location_sowing_profiles.csv","12168","951cdaae1988f4988f03b0cc2813f30dd1260001f44c426cbda16a256d9f5c8f"
"history\validation_portfolio_analysis\tables\05_candidate_vulnerability_flags.csv","3402","37d5f4ad566a5f78658624bbc856cd3a348f9fc811d7711e4e297ef4bfa3107a"
"history\validation_portfolio_analysis\tables\06_leave_one_year_out_results.csv","1911","2d6ba011e24f7e472e3410bc7751db40f81c263298fa6bf3aa6b1257af51645c"
"history\validation_portfolio_analysis\tables\07_leave_one_year_out_summary.csv","740","a9a2a0ab2f2eddf3c55885146a825219574a314aa8ac2809cff80d75522370b0"
"history\validation_portfolio_analysis\tables\08_threshold_sensitivity.csv","254","9c11e4d3acc06cec65036cbde3fdaefbda271c21ddd2a82a96f73a65fd4e07c7"
"结果表\01_数据概况.csv","260","d78b0ba8e482b77fde948db39285699d3d5782e4a4ade6768fad43a45b4ea87e"
"结果表\02_环境病害压力汇总.csv","3801","5912ad5243e17f5a4e30f2b46bc65625183d887f6d060922a4045577b11ff258"
"结果表\03_材料跨环境表现与候选筛选.csv","233358","2e70a67a926388cd92d690354e3453a385a8590b8cfd2970f6ffe8d5d47a8a46"
"结果表\04_候选材料数量汇总.csv","289","5a914b8ca23573edd3111edf4defefc475e9b10541c348db75a3214feef05ed0"
"结果表\05_各育种圃前20名候选材料.csv","22697","e46db58fe17c69a6225f3731a7b27998656acc62dd8a305a5ab1811dfdcabca2"
"结果表\06_环境间Spearman相关.csv","3855","741737a3a81290db3b18ec669c8280a489541f0137586459a63f7ada7fa4af75"
"结果表\07_播期材料内配对比较.csv","1751","5c36600126ea5ffa898400d42dca8dc90fe1b3c88f296c9e70591e853c5ceb30"
"结果表\08_播期配对差明细.csv","67826","e24f96f42be7d063a469a81cb92dd23e09dce153411e859c0e295fe9adc5b110"
"结果表\09_Finlay_Wilkinson稳定性.csv","69355","dd8239a108dec4b9a6936d602c5417b2c0cf35ca1495eb4e0974116304afd826"
"结果表\10_AMMI材料得分.csv","45941","4543fef015124e1f680e924cf0df049b57229ed710c75946594515c87c9da129"
"结果表\11_AMMI环境得分.csv","1284","ef796d45371897984a14a0049ddcc2534a52db4b6644a173a2d34ff463cf68ad"
"结果表\12_AMMI解释比例.csv","927","169ec7d31119b9bc1a9902e8ac9e25fb58b0e1e37c5cda0afbf6d52a61eb4b56"
"结果表\13_跨圃共享GID表现.csv","1337","966ad5b46b00d517c043f011cac1548075b29889e72a357a753386e8ca43fafe"
"结果表\14_重复GID对照一致性.csv","1422","f09136629a806ea5b6c2ccacb1e0aa6fa16969b24777ee2dae97716790904ed6"
"结果表\15_环境区分力综合评价.csv","6307","4b87a4ce1b9957efb93edfead062111a20b7386093b695ad3d2cb3daf34b8a88"
"结果表\16_候选材料六规则稳健性矩阵.csv","233096","5dcab1ab079b19f84a3beaf1986965af9d56297072dc7cb43b0506fa07faf062"
"结果表\17_候选稳健性数量汇总.csv","198","d96e45a644492f8cd0011f844bf8d40094f79f266939ccec464e0a3e15b12a73"
"结果表\18_环境间排名翻转汇总.csv","694","ff9351873315ab1027a94bba4a0b083b7a5edb7e827ce68a1926f63bf333f75e"
"结果表\19_材料排名稳定性与环境特异性.csv","82038","13a4394f34faddbe71a2847caefca3b4a722c5fc1ae44d64f8e0dc2aea7db968"
"结果表\20_材料地点层面播期响应.csv","129761","edfefe3a36460efa97d70835f23c3e1b7aa6fe88955e95598bb8f06064cf1889"
"结果表\21_材料播期响应综合分类.csv","88317","a54384225e7de99e4aae1b860dd98a9d66f094b9dcc5e5326a22d0a6c02dc722"
"结果表\22_播期响应类型数量汇总.csv","243","1a9e8df44be953078b910f1bd18a7b85a52a33f4cc836b112131e81dd50006b7"
"运行记录\第二阶段_R_sessionInfo.txt","621","f95c8d1d71a40ba0a142351da9c24e6924258b4a7b2101735c6ecfd73647b1a0"
"运行记录\输入文件校验.txt","199","e647cbba152589731d07c6c55f2560fec9e5d8cf31c9a56a4d47017069198a38"
"运行记录\end_to_end_rerun.log","8357","c91b725d9088db9fe5b9295bba27d85a4148f917a18a57d99d2fae65ce5687c9"
"运行记录\key_file_checksums.csv","958","2e19fc1fc8651d8de51bb6fbcfecb3dbb34c30c4ce43a2c7ea752cf52aeeb541"
"运行记录\R_sessionInfo.txt","636","09a6d507788f47cc1fbf40cdc511e2269c623028950bfdd0bb8a4b9a3a00429a"
"运行记录\run_manifest.csv","1446","efd30ff1d091ec608594c7de3b54e8157c598d6513e08a565cb14cebe267b720"
