"nursery","environment","env_id","location","year","sowing","n_materials","n_observed","n_missing","missing_rate","zero_prop","ge20_prop","mean","sd","median","q1","q3","max","informative_environment"
"15HLBSN","Quirusillas_2024_1st_sowing","Quirusillas_2024_1st","Quirusillas",2024,"1st",52,52,0,0,0.942307692307692,0.0576923076923077,2.76773886269231,11.7881067823055,0,0,0,67.1641791,FALSE
"15HLBSN","Jashore_2024_2nd_sowing","Jashore_2024_2nd","Jashore",2024,"2nd",52,50,2,0.0384615384615385,0.46,0.02,2.71999373432,3.79940989070389,2.380952381,0,4.285714286,20.5,TRUE
"15HLBSN","Jashore_2024_1st_sowing","Jashore_2024_1st","Jashore",2024,"1st",52,50,2,0.0384615384615385,0.64,0,2.46456140358,4.14203427218028,0,0,4.166666667,18.66666667,TRUE
"15HLBSN","Okinawa_2024_1st_sowing","Okinawa_2024_1st","Okinawa",2024,"1st",52,52,0,0,0.942307692307692,0.0576923076923077,2.21882170211538,9.12857082782135,0,0,0,44.36619718,FALSE
"15HLBSN","Okinawa_2024_2nd_sowing","Okinawa_2024_2nd","Okinawa",2024,"2nd",52,52,0,0,0.961538461538462,0.0384615384615385,2.12594557423077,10.8408814790951,0,0,0,62.96296296,FALSE
"15HZAN","Jashore_2023_1st_sowing","Jashore_2023_1st","Jashore",2023,"1st",234,234,0,0,0.11965811965812,0.14957264957265,14.5475259873974,21.2095182572373,10,6.111111111,10,100,TRUE
"15HZAN","Jashore_2023_2nd_sowing","Jashore_2023_2nd","Jashore",2023,"2nd",234,234,0,0,0.346153846153846,0.123931623931624,11.1338494143462,20.5326070435425,6.111111111,0,10,100,TRUE
"15HZAN","Okinawa_2023_2nd_sowing","Okinawa_2023_2nd","Okinawa",2023,"2nd",234,234,0,0,0.935897435897436,0.0641025641025641,5.074767275,19.7705084462703,0,0,0,98.8700565,FALSE
"15HZAN","Quirusillas_2023_2nd_sowing","Quirusillas_2023_2nd","Quirusillas",2023,"2nd",234,234,0,0,0.91025641025641,0.0641025641025641,4.74190138510684,18.4798490674123,0,0,0,100,FALSE
"15HZAN","Okinawa_2023_1st_sowing","Okinawa_2023_1st","Okinawa",2023,"1st",234,234,0,0,0.918803418803419,0.0598290598290598,4.48591649534188,17.5247649821745,0,0,0,100,FALSE
"15HZAN","Quirusillas_2023_1st_sowing","Quirusillas_2023_1st","Quirusillas",2023,"1st",234,234,0,0,0.927350427350427,0.0683760683760684,4.47966079961966,17.1326810657134,0,0,0,96.42857143,FALSE
"41SAWSN","Okinawa_2024_2nd_sowing","Okinawa_2024_2nd","Okinawa",2024,"2nd",232,232,0,0,0.931034482758621,0.0431034482758621,2.43998254572414,10.4611524228083,0,0,0,60.13071895,FALSE
"41SAWSN","Quirusillas_2024_1st_sowing","Quirusillas_2024_1st","Quirusillas",2024,"1st",232,232,0,0,0.961206896551724,0.0344827586206897,1.41369944883621,7.41278056329349,0,0,0,52.34899329,FALSE
"41SAWSN","Okinawa_2024_1st_sowing","Okinawa_2024_1st","Okinawa",2024,"1st",232,232,0,0,0.952586206896552,0.0301724137931034,1.30131326415086,6.99347048204038,0,0,0,44.7761194,FALSE
"56IBWSN","Jashore_2024_2nd_sowing","Jashore_2024_2nd","Jashore",2024,"2nd",231,230,1,0.00432900432900433,0.0826086956521739,0.130434782608696,11.4213064828217,12.7913611624062,10,4.736842105,10,76.88442211,TRUE
"56IBWSN","Jashore_2024_1st_sowing","Jashore_2024_1st","Jashore",2024,"1st",231,231,0,0,0.714285714285714,0.0649350649350649,4.81429618206494,14.6263446146643,0,0,2.631578947,80.72916667,TRUE
"56IBWSN","Okinawa_2024_2nd_sowing","Okinawa_2024_2nd","Okinawa",2024,"2nd",231,230,1,0.00432900432900433,0.934782608695652,0.0434782608695652,2.18592464432609,9.86058009797271,0,0,0,76.98412698,FALSE
"56IBWSN","Okinawa_2024_1st_sowing","Okinawa_2024_1st","Okinawa",2024,"1st",231,228,3,0.012987012987013,0.973684210526316,0.0263157894736842,1.13017998447368,6.89417700569821,0,0,0,45.83333333,FALSE
"56IBWSN","Quirusillas_2024_1st_sowing","Quirusillas_2024_1st","Quirusillas",2024,"1st",231,214,17,0.0735930735930736,0.97196261682243,0.00467289719626168,0.448899661635514,2.73799419842888,0,0,0,22.69503546,FALSE
