"nursery","location","year","material_id","difference"
"15HLBSN","Jashore",2024,"15HLBSN::1",0
"15HLBSN","Jashore",2024,"15HLBSN::10",-6.666666667
"15HLBSN","Jashore",2024,"15HLBSN::11",-1.177944863
"15HLBSN","Jashore",2024,"15HLBSN::12",0
"15HLBSN","Jashore",2024,"15HLBSN::13",-8.571428571
"15HLBSN","Jashore",2024,"15HLBSN::14",-0.476190476
"15HLBSN","Jashore",2024,"15HLBSN::15",4.285714286
"15HLBSN","Jashore",2024,"15HLBSN::16",5.625
"15HLBSN","Jashore",2024,"15HLBSN::17",-4.210526316
"15HLBSN","Jashore",2024,"15HLBSN::18",-1.654135339
"15HLBSN","Jashore",2024,"15HLBSN::19",0
"15HLBSN","Jashore",2024,"15HLBSN::2",0
"15HLBSN","Jashore",2024,"15HLBSN::20",3.157894737
"15HLBSN","Jashore",2024,"15HLBSN::21",-2.380952381
"15HLBSN","Jashore",2024,"15HLBSN::22",0
"15HLBSN","Jashore",2024,"15HLBSN::23",0
"15HLBSN","Jashore",2024,"15HLBSN::24",3.333333333
"15HLBSN","Jashore",2024,"15HLBSN::25",-1.904761905
"15HLBSN","Jashore",2024,"15HLBSN::26",0
"15HLBSN","Jashore",2024,"15HLBSN::27",4.285714286
"15HLBSN","Jashore",2024,"15HLBSN::28",0
"15HLBSN","Jashore",2024,"15HLBSN::29",2.380952381
"15HLBSN","Jashore",2024,"15HLBSN::3",0
"15HLBSN","Jashore",2024,"15HLBSN::30",-5.263157895
"15HLBSN","Jashore",2024,"15HLBSN::31",0
"15HLBSN","Jashore",2024,"15HLBSN::32",0
"15HLBSN","Jashore",2024,"15HLBSN::33",10
"15HLBSN","Jashore",2024,"15HLBSN::34",0
"15HLBSN","Jashore",2024,"15HLBSN::35",3.684210526
"15HLBSN","Jashore",2024,"15HLBSN::36",0
"15HLBSN","Jashore",2024,"15HLBSN::37",0
"15HLBSN","Jashore",2024,"15HLBSN::38",0
"15HLBSN","Jashore",2024,"15HLBSN::39",-2.857142857
"15HLBSN","Jashore",2024,"15HLBSN::4",0.60150376
"15HLBSN","Jashore",2024,"15HLBSN::40",0
"15HLBSN","Jashore",2024,"15HLBSN::41",5.789473684
"15HLBSN","Jashore",2024,"15HLBSN::42",0
"15HLBSN","Jashore",2024,"15HLBSN::43",2.631578947
"15HLBSN","Jashore",2024,"15HLBSN::44",0
"15HLBSN","Jashore",2024,"15HLBSN::45",0
"15HLBSN","Jashore",2024,"15HLBSN::46",0
"15HLBSN","Jashore",2024,"15HLBSN::47",2.380952381
"15HLBSN","Jashore",2024,"15HLBSN::48",0
"15HLBSN","Jashore",2024,"15HLBSN::49",1.83333333
"15HLBSN","Jashore",2024,"15HLBSN::5",0
"15HLBSN","Jashore",2024,"15HLBSN::50",0
"15HLBSN","Jashore",2024,"15HLBSN::6",-1.503759398
"15HLBSN","Jashore",2024,"15HLBSN::7",0
"15HLBSN","Jashore",2024,"15HLBSN::8",0
"15HLBSN","Jashore",2024,"15HLBSN::9",-0.551378446
"15HLBSN","Okinawa",2024,"15HLBSN::1",0
"15HLBSN","Okinawa",2024,"15HLBSN::10",0
"15HLBSN","Okinawa",2024,"15HLBSN::11",0
"15HLBSN","Okinawa",2024,"15HLBSN::12",0
"15HLBSN","Okinawa",2024,"15HLBSN::13",0
"15HLBSN","Okinawa",2024,"15HLBSN::14",0
"15HLBSN","Okinawa",2024,"15HLBSN::15",0
"15HLBSN","Okinawa",2024,"15HLBSN::16",0
"15HLBSN","Okinawa",2024,"15HLBSN::17",0
"15HLBSN","Okinawa",2024,"15HLBSN::18",0
"15HLBSN","Okinawa",2024,"15HLBSN::19",0
"15HLBSN","Okinawa",2024,"15HLBSN::2",0
"15HLBSN","Okinawa",2024,"15HLBSN::20",0
"15HLBSN","Okinawa",2024,"15HLBSN::21",0
"15HLBSN","Okinawa",2024,"15HLBSN::22",0
"15HLBSN","Okinawa",2024,"15HLBSN::23",0
"15HLBSN","Okinawa",2024,"15HLBSN::24",0
"15HLBSN","Okinawa",2024,"15HLBSN::25",0
"15HLBSN","Okinawa",2024,"15HLBSN::26",0
"15HLBSN","Okinawa",2024,"15HLBSN::27",0
"15HLBSN","Okinawa",2024,"15HLBSN::28",0
"15HLBSN","Okinawa",2024,"15HLBSN::29",0
"15HLBSN","Okinawa",2024,"15HLBSN::3",0
"15HLBSN","Okinawa",2024,"15HLBSN::30",0
"15HLBSN","Okinawa",2024,"15HLBSN::31",0
"15HLBSN","Okinawa",2024,"15HLBSN::32",0
"15HLBSN","Okinawa",2024,"15HLBSN::33",0
"15HLBSN","Okinawa",2024,"15HLBSN::34",0
"15HLBSN","Okinawa",2024,"15HLBSN::35",0
"15HLBSN","Okinawa",2024,"15HLBSN::36",0
"15HLBSN","Okinawa",2024,"15HLBSN::37",0
"15HLBSN","Okinawa",2024,"15HLBSN::38",0
"15HLBSN","Okinawa",2024,"15HLBSN::39",0
"15HLBSN","Okinawa",2024,"15HLBSN::4",0
"15HLBSN","Okinawa",2024,"15HLBSN::40",0
"15HLBSN","Okinawa",2024,"15HLBSN::41",0
"15HLBSN","Okinawa",2024,"15HLBSN::42",0
"15HLBSN","Okinawa",2024,"15HLBSN::43",0
"15HLBSN","Okinawa",2024,"15HLBSN::44",0
"15HLBSN","Okinawa",2024,"15HLBSN::45",0
"15HLBSN","Okinawa",2024,"15HLBSN::46",0
"15HLBSN","Okinawa",2024,"15HLBSN::47",0
"15HLBSN","Okinawa",2024,"15HLBSN::48",0
"15HLBSN","Okinawa",2024,"15HLBSN::49",-32.66666667
"15HLBSN","Okinawa",2024,"15HLBSN::5",0
"15HLBSN","Okinawa",2024,"15HLBSN::50",0
"15HLBSN","Okinawa",2024,"15HLBSN::51",3.22000972
"15HLBSN","Okinawa",2024,"15HLBSN::52",24.6170983
"15HLBSN","Okinawa",2024,"15HLBSN::6",0
"15HLBSN","Okinawa",2024,"15HLBSN::7",0
"15HLBSN","Okinawa",2024,"15HLBSN::8",0
"15HLBSN","Okinawa",2024,"15HLBSN::9",0
"15HZAN","Jashore",2023,"15HZAN::1",0.986842105
"15HZAN","Jashore",2023,"15HZAN::10",-2.571428571
"15HZAN","Jashore",2023,"15HZAN::100",30
"15HZAN","Jashore",2023,"15HZAN::101",-14.117647059
"15HZAN","Jashore",2023,"15HZAN::102",16.08695652
"15HZAN","Jashore",2023,"15HZAN::103",-6.842105263
"15HZAN","Jashore",2023,"15HZAN::104",3.75
"15HZAN","Jashore",2023,"15HZAN::105",-4.705882353
"15HZAN","Jashore",2023,"15HZAN::106",0
"15HZAN","Jashore",2023,"15HZAN::107",1.428571429
"15HZAN","Jashore",2023,"15HZAN::108",0
"15HZAN","Jashore",2023,"15HZAN::109",-7.142857143
"15HZAN","Jashore",2023,"15HZAN::11",-6.19047619
"15HZAN","Jashore",2023,"15HZAN::110",-10
"15HZAN","Jashore",2023,"15HZAN::111",-4
"15HZAN","Jashore",2023,"15HZAN::112",4.736842105
"15HZAN","Jashore",2023,"15HZAN::113",-3.75
"15HZAN","Jashore",2023,"15HZAN::114",-3.613445378
"15HZAN","Jashore",2023,"15HZAN::115",-5.714285714
"15HZAN","Jashore",2023,"15HZAN::116",0
"15HZAN","Jashore",2023,"15HZAN::117",-10
"15HZAN","Jashore",2023,"15HZAN::118",-3.125
"15HZAN","Jashore",2023,"15HZAN::119",5.555555556
"15HZAN","Jashore",2023,"15HZAN::12",8.333333333
"15HZAN","Jashore",2023,"15HZAN::120",-6.842105263
"15HZAN","Jashore",2023,"15HZAN::121",0
"15HZAN","Jashore",2023,"15HZAN::122",-10
"15HZAN","Jashore",2023,"15HZAN::123",-10
"15HZAN","Jashore",2023,"15HZAN::124",0
"15HZAN","Jashore",2023,"15HZAN::125",10
"15HZAN","Jashore",2023,"15HZAN::126",-4.210526316
"15HZAN","Jashore",2023,"15HZAN::127",-4.736842105
"15HZAN","Jashore",2023,"15HZAN::128",0
"15HZAN","Jashore",2023,"15HZAN::129",20
"15HZAN","Jashore",2023,"15HZAN::13",-1.666666667
"15HZAN","Jashore",2023,"15HZAN::130",-4.117647059
"15HZAN","Jashore",2023,"15HZAN::131",5.882352941
"15HZAN","Jashore",2023,"15HZAN::132",0
"15HZAN","Jashore",2023,"15HZAN::133",-10
"15HZAN","Jashore",2023,"15HZAN::134",0.292397661
"15HZAN","Jashore",2023,"15HZAN::135",6.111111111
"15HZAN","Jashore",2023,"15HZAN::136",-5.714285714
"15HZAN","Jashore",2023,"15HZAN::137",-7.894736842
"15HZAN","Jashore",2023,"15HZAN::138",-10
"15HZAN","Jashore",2023,"15HZAN::139",-10
"15HZAN","Jashore",2023,"15HZAN::14",-4.761904762
"15HZAN","Jashore",2023,"15HZAN::140",-10
"15HZAN","Jashore",2023,"15HZAN::141",10
"15HZAN","Jashore",2023,"15HZAN::142",-40
"15HZAN","Jashore",2023,"15HZAN::143",50
"15HZAN","Jashore",2023,"15HZAN::144",-51.176470588
"15HZAN","Jashore",2023,"15HZAN::145",10
"15HZAN","Jashore",2023,"15HZAN::146",-10
"15HZAN","Jashore",2023,"15HZAN::147",-4.117647059
"15HZAN","Jashore",2023,"15HZAN::148",0
"15HZAN","Jashore",2023,"15HZAN::149",10
"15HZAN","Jashore",2023,"15HZAN::15",-15.71428571
"15HZAN","Jashore",2023,"15HZAN::150",-2.05128205
"15HZAN","Jashore",2023,"15HZAN::151",0
"15HZAN","Jashore",2023,"15HZAN::152",0
"15HZAN","Jashore",2023,"15HZAN::153",10
"15HZAN","Jashore",2023,"15HZAN::154",5.5
"15HZAN","Jashore",2023,"15HZAN::155",0
"15HZAN","Jashore",2023,"15HZAN::156",0
"15HZAN","Jashore",2023,"15HZAN::157",-10
"15HZAN","Jashore",2023,"15HZAN::158",-6.842105263
"15HZAN","Jashore",2023,"15HZAN::159",5.238095238
"15HZAN","Jashore",2023,"15HZAN::16",-7.142857143
"15HZAN","Jashore",2023,"15HZAN::160",-10
"15HZAN","Jashore",2023,"15HZAN::161",0
"15HZAN","Jashore",2023,"15HZAN::162",0
"15HZAN","Jashore",2023,"15HZAN::163",0
"15HZAN","Jashore",2023,"15HZAN::164",1.052631579
"15HZAN","Jashore",2023,"15HZAN::165",-30
"15HZAN","Jashore",2023,"15HZAN::166",10
"15HZAN","Jashore",2023,"15HZAN::167",50
"15HZAN","Jashore",2023,"15HZAN::168",10
"15HZAN","Jashore",2023,"15HZAN::169",0
"15HZAN","Jashore",2023,"15HZAN::17",0.761904762
"15HZAN","Jashore",2023,"15HZAN::170",0
"15HZAN","Jashore",2023,"15HZAN::171",6.470588235
"15HZAN","Jashore",2023,"15HZAN::172",4.444444444
"15HZAN","Jashore",2023,"15HZAN::173",4.210526316
"15HZAN","Jashore",2023,"15HZAN::174",-4.285714286
"15HZAN","Jashore",2023,"15HZAN::175",-2.857142857
"15HZAN","Jashore",2023,"15HZAN::176",10
"15HZAN","Jashore",2023,"15HZAN::177",0
"15HZAN","Jashore",2023,"15HZAN::178",20
"15HZAN","Jashore",2023,"15HZAN::179",0
"15HZAN","Jashore",2023,"15HZAN::18",-10
"15HZAN","Jashore",2023,"15HZAN::180",-6.842105263
"15HZAN","Jashore",2023,"15HZAN::181",-0.738095238
"15HZAN","Jashore",2023,"15HZAN::182",-10
"15HZAN","Jashore",2023,"15HZAN::183",-100
"15HZAN","Jashore",2023,"15HZAN::184",-76.315789474
"15HZAN","Jashore",2023,"15HZAN::185",70
"15HZAN","Jashore",2023,"15HZAN::186",0
"15HZAN","Jashore",2023,"15HZAN::187",-6.842105263
"15HZAN","Jashore",2023,"15HZAN::188",10
"15HZAN","Jashore",2023,"15HZAN::189",0
"15HZAN","Jashore",2023,"15HZAN::19",0
"15HZAN","Jashore",2023,"15HZAN::190",-4.93150685000001
"15HZAN","Jashore",2023,"15HZAN::191",40
"15HZAN","Jashore",2023,"15HZAN::192",13.888888889
"15HZAN","Jashore",2023,"15HZAN::193",0.367647059
"15HZAN","Jashore",2023,"15HZAN::194",0
"15HZAN","Jashore",2023,"15HZAN::195",0
"15HZAN","Jashore",2023,"15HZAN::196",10
"15HZAN","Jashore",2023,"15HZAN::197",0
"15HZAN","Jashore",2023,"15HZAN::198",0
"15HZAN","Jashore",2023,"15HZAN::199",-10
"15HZAN","Jashore",2023,"15HZAN::2",-8.823529412
"15HZAN","Jashore",2023,"15HZAN::20",-1.666666667
"15HZAN","Jashore",2023,"15HZAN::200",8.4375
"15HZAN","Jashore",2023,"15HZAN::201",-5.030303031
"15HZAN","Jashore",2023,"15HZAN::202",-4.117647059
"15HZAN","Jashore",2023,"15HZAN::203",0
"15HZAN","Jashore",2023,"15HZAN::204",-30
"15HZAN","Jashore",2023,"15HZAN::205",-3.157894737
"15HZAN","Jashore",2023,"15HZAN::206",0
"15HZAN","Jashore",2023,"15HZAN::207",-20
"15HZAN","Jashore",2023,"15HZAN::208",-3.52941176
"15HZAN","Jashore",2023,"15HZAN::209",0
"15HZAN","Jashore",2023,"15HZAN::21",-1.666666667
"15HZAN","Jashore",2023,"15HZAN::210",-10
"15HZAN","Jashore",2023,"15HZAN::211",-10
"15HZAN","Jashore",2023,"15HZAN::212",-10
"15HZAN","Jashore",2023,"15HZAN::213",-10
"15HZAN","Jashore",2023,"15HZAN::214",-10
"15HZAN","Jashore",2023,"15HZAN::215",-13.125
"15HZAN","Jashore",2023,"15HZAN::216",-10
"15HZAN","Jashore",2023,"15HZAN::217",0
"15HZAN","Jashore",2023,"15HZAN::218",-3.75
"15HZAN","Jashore",2023,"15HZAN::219",-7.777777778
"15HZAN","Jashore",2023,"15HZAN::22",0.0309597520000002
"15HZAN","Jashore",2023,"15HZAN::220",0
"15HZAN","Jashore",2023,"15HZAN::221",0
"15HZAN","Jashore",2023,"15HZAN::222",80
"15HZAN","Jashore",2023,"15HZAN::223",1.804511278
"15HZAN","Jashore",2023,"15HZAN::224",30
"15HZAN","Jashore",2023,"15HZAN::225",0
"15HZAN","Jashore",2023,"15HZAN::226",-6.111111111
"15HZAN","Jashore",2023,"15HZAN::227",-7.647058824
"15HZAN","Jashore",2023,"15HZAN::228",-10
"15HZAN","Jashore",2023,"15HZAN::229",-12.105263158
"15HZAN","Jashore",2023,"15HZAN::23",-10
"15HZAN","Jashore",2023,"15HZAN::230",1.636904762
"15HZAN","Jashore",2023,"15HZAN::231",0
"15HZAN","Jashore",2023,"15HZAN::232",-2.280701754
"15HZAN","Jashore",2023,"15HZAN::233",0
"15HZAN","Jashore",2023,"15HZAN::234",24.736842105
"15HZAN","Jashore",2023,"15HZAN::24",-10
"15HZAN","Jashore",2023,"15HZAN::25",-3.529411765
"15HZAN","Jashore",2023,"15HZAN::26",-4.117647059
"15HZAN","Jashore",2023,"15HZAN::27",-10
"15HZAN","Jashore",2023,"15HZAN::28",-52.5
"15HZAN","Jashore",2023,"15HZAN::29",-10
"15HZAN","Jashore",2023,"15HZAN::3",-0.763888889
"15HZAN","Jashore",2023,"15HZAN::30",-50.236842105
"15HZAN","Jashore",2023,"15HZAN::31",-16.25
"15HZAN","Jashore",2023,"15HZAN::32",-93.75
"15HZAN","Jashore",2023,"15HZAN::33",-5.882352941
"15HZAN","Jashore",2023,"15HZAN::34",-10
"15HZAN","Jashore",2023,"15HZAN::35",1.904761905
"15HZAN","Jashore",2023,"15HZAN::36",-4.736842105
"15HZAN","Jashore",2023,"15HZAN::37",-10
"15HZAN","Jashore",2023,"15HZAN::38",0.168067227
"15HZAN","Jashore",2023,"15HZAN::39",-4.561403509
"15HZAN","Jashore",2023,"15HZAN::4",0.700280112000002
"15HZAN","Jashore",2023,"15HZAN::40",-3.897058824
"15HZAN","Jashore",2023,"15HZAN::41",-1.453634085
"15HZAN","Jashore",2023,"15HZAN::42",-10
"15HZAN","Jashore",2023,"15HZAN::43",0
"15HZAN","Jashore",2023,"15HZAN::44",2.485380117
"15HZAN","Jashore",2023,"15HZAN::45",-0.22556391
"15HZAN","Jashore",2023,"15HZAN::46",0.371517028
"15HZAN","Jashore",2023,"15HZAN::47",0
"15HZAN","Jashore",2023,"15HZAN::48",2.946859904
"15HZAN","Jashore",2023,"15HZAN::49",-10
"15HZAN","Jashore",2023,"15HZAN::5",8.04878049
"15HZAN","Jashore",2023,"15HZAN::50",20
"15HZAN","Jashore",2023,"15HZAN::51",-7.142857143
"15HZAN","Jashore",2023,"15HZAN::52",-10
"15HZAN","Jashore",2023,"15HZAN::53",-10.619195045
"15HZAN","Jashore",2023,"15HZAN::54",-2.429149797
"15HZAN","Jashore",2023,"15HZAN::55",0.238095238000001
"15HZAN","Jashore",2023,"15HZAN::56",0
"15HZAN","Jashore",2023,"15HZAN::57",-0.394736842
"15HZAN","Jashore",2023,"15HZAN::58",-45.14925373
"15HZAN","Jashore",2023,"15HZAN::59",0
"15HZAN","Jashore",2023,"15HZAN::6",-7.894736842
"15HZAN","Jashore",2023,"15HZAN::60",-3.20855615000001
"15HZAN","Jashore",2023,"15HZAN::61",0
"15HZAN","Jashore",2023,"15HZAN::62",-8.571428571
"15HZAN","Jashore",2023,"15HZAN::63",-3.641456583
"15HZAN","Jashore",2023,"15HZAN::64",-7.894736842
"15HZAN","Jashore",2023,"15HZAN::65",-1.176470588
"15HZAN","Jashore",2023,"15HZAN::66",10
"15HZAN","Jashore",2023,"15HZAN::67",-6.315789474
"15HZAN","Jashore",2023,"15HZAN::68",10
"15HZAN","Jashore",2023,"15HZAN::69",0
"15HZAN","Jashore",2023,"15HZAN::7",-10
"15HZAN","Jashore",2023,"15HZAN::70",0
"15HZAN","Jashore",2023,"15HZAN::71",-7.142857143
"15HZAN","Jashore",2023,"15HZAN::72",0
"15HZAN","Jashore",2023,"15HZAN::73",-4.761904762
"15HZAN","Jashore",2023,"15HZAN::74",-74.117647059
"15HZAN","Jashore",2023,"15HZAN::75",-20
"15HZAN","Jashore",2023,"15HZAN::76",-10.666666667
"15HZAN","Jashore",2023,"15HZAN::77",-10
"15HZAN","Jashore",2023,"15HZAN::78",-0.588235294
"15HZAN","Jashore",2023,"15HZAN::79",0
"15HZAN","Jashore",2023,"15HZAN::8",-37.368421053
"15HZAN","Jashore",2023,"15HZAN::80",6.875
"15HZAN","Jashore",2023,"15HZAN::81",-10
"15HZAN","Jashore",2023,"15HZAN::82",-14.736842105
"15HZAN","Jashore",2023,"15HZAN::83",-10
"15HZAN","Jashore",2023,"15HZAN::84",3.070175438
"15HZAN","Jashore",2023,"15HZAN::85",-7.058823529
"15HZAN","Jashore",2023,"15HZAN::86",-10
"15HZAN","Jashore",2023,"15HZAN::87",5.714285714
"15HZAN","Jashore",2023,"15HZAN::88",-4.210526316
"15HZAN","Jashore",2023,"15HZAN::89",-6.929824557
"15HZAN","Jashore",2023,"15HZAN::9",-5.263157895
"15HZAN","Jashore",2023,"15HZAN::90",-0.588235294
"15HZAN","Jashore",2023,"15HZAN::91",0
"15HZAN","Jashore",2023,"15HZAN::92",-3.15789474
"15HZAN","Jashore",2023,"15HZAN::93",2.105263158
"15HZAN","Jashore",2023,"15HZAN::94",0
"15HZAN","Jashore",2023,"15HZAN::95",1.176470588
"15HZAN","Jashore",2023,"15HZAN::96",0
"15HZAN","Jashore",2023,"15HZAN::97",-6.315789474
"15HZAN","Jashore",2023,"15HZAN::98",10
"15HZAN","Jashore",2023,"15HZAN::99",-14.736842105
"15HZAN","Quirusillas",2023,"15HZAN::1",0
"15HZAN","Quirusillas",2023,"15HZAN::10",0
"15HZAN","Quirusillas",2023,"15HZAN::100",26.66129032
"15HZAN","Quirusillas",2023,"15HZAN::101",0
"15HZAN","Quirusillas",2023,"15HZAN::102",0
"15HZAN","Quirusillas",2023,"15HZAN::103",0
"15HZAN","Quirusillas",2023,"15HZAN::104",0
"15HZAN","Quirusillas",2023,"15HZAN::105",31.17948718
"15HZAN","Quirusillas",2023,"15HZAN::106",0
"15HZAN","Quirusillas",2023,"15HZAN::107",0
"15HZAN","Quirusillas",2023,"15HZAN::108",0
"15HZAN","Quirusillas",2023,"15HZAN::109",0
"15HZAN","Quirusillas",2023,"15HZAN::11",0
"15HZAN","Quirusillas",2023,"15HZAN::110",0
"15HZAN","Quirusillas",2023,"15HZAN::111",0
"15HZAN","Quirusillas",2023,"15HZAN::112",0
"15HZAN","Quirusillas",2023,"15HZAN::113",0
"15HZAN","Quirusillas",2023,"15HZAN::114",0
"15HZAN","Quirusillas",2023,"15HZAN::115",0
"15HZAN","Quirusillas",2023,"15HZAN::116",0
"15HZAN","Quirusillas",2023,"15HZAN::117",0
"15HZAN","Quirusillas",2023,"15HZAN::118",0
"15HZAN","Quirusillas",2023,"15HZAN::119",0
"15HZAN","Quirusillas",2023,"15HZAN::12",0
"15HZAN","Quirusillas",2023,"15HZAN::120",0
"15HZAN","Quirusillas",2023,"15HZAN::121",0
"15HZAN","Quirusillas",2023,"15HZAN::122",0
"15HZAN","Quirusillas",2023,"15HZAN::123",0
"15HZAN","Quirusillas",2023,"15HZAN::124",0
"15HZAN","Quirusillas",2023,"15HZAN::125",0
"15HZAN","Quirusillas",2023,"15HZAN::126",0
"15HZAN","Quirusillas",2023,"15HZAN::127",0
"15HZAN","Quirusillas",2023,"15HZAN::128",0
"15HZAN","Quirusillas",2023,"15HZAN::129",0
"15HZAN","Quirusillas",2023,"15HZAN::13",0
"15HZAN","Quirusillas",2023,"15HZAN::130",0
"15HZAN","Quirusillas",2023,"15HZAN::131",0
"15HZAN","Quirusillas",2023,"15HZAN::132",0
"15HZAN","Quirusillas",2023,"15HZAN::133",0
"15HZAN","Quirusillas",2023,"15HZAN::134",0
"15HZAN","Quirusillas",2023,"15HZAN::135",0
"15HZAN","Quirusillas",2023,"15HZAN::136",0
"15HZAN","Quirusillas",2023,"15HZAN::137",0
"15HZAN","Quirusillas",2023,"15HZAN::138",0
"15HZAN","Quirusillas",2023,"15HZAN::139",0
"15HZAN","Quirusillas",2023,"15HZAN::14",0
"15HZAN","Quirusillas",2023,"15HZAN::140",0
"15HZAN","Quirusillas",2023,"15HZAN::141",0
"15HZAN","Quirusillas",2023,"15HZAN::142",0
"15HZAN","Quirusillas",2023,"15HZAN::143",0
"15HZAN","Quirusillas",2023,"15HZAN::144",8.117647059
"15HZAN","Quirusillas",2023,"15HZAN::145",0
"15HZAN","Quirusillas",2023,"15HZAN::146",0
"15HZAN","Quirusillas",2023,"15HZAN::147",0
"15HZAN","Quirusillas",2023,"15HZAN::148",0
"15HZAN","Quirusillas",2023,"15HZAN::149",0
"15HZAN","Quirusillas",2023,"15HZAN::15",0
"15HZAN","Quirusillas",2023,"15HZAN::150",-46.59806296
"15HZAN","Quirusillas",2023,"15HZAN::151",0
"15HZAN","Quirusillas",2023,"15HZAN::152",0
"15HZAN","Quirusillas",2023,"15HZAN::153",-24.39161874
"15HZAN","Quirusillas",2023,"15HZAN::154",0
"15HZAN","Quirusillas",2023,"15HZAN::155",0
"15HZAN","Quirusillas",2023,"15HZAN::156",0
"15HZAN","Quirusillas",2023,"15HZAN::157",0
"15HZAN","Quirusillas",2023,"15HZAN::158",0
"15HZAN","Quirusillas",2023,"15HZAN::159",0
"15HZAN","Quirusillas",2023,"15HZAN::16",0
"15HZAN","Quirusillas",2023,"15HZAN::160",0
"15HZAN","Quirusillas",2023,"15HZAN::161",0
"15HZAN","Quirusillas",2023,"15HZAN::162",0
"15HZAN","Quirusillas",2023,"15HZAN::163",0
"15HZAN","Quirusillas",2023,"15HZAN::164",0
"15HZAN","Quirusillas",2023,"15HZAN::165",-39.721441348
"15HZAN","Quirusillas",2023,"15HZAN::166",12.23988778
"15HZAN","Quirusillas",2023,"15HZAN::167",-0.224084300000001
"15HZAN","Quirusillas",2023,"15HZAN::168",0
"15HZAN","Quirusillas",2023,"15HZAN::169",0
"15HZAN","Quirusillas",2023,"15HZAN::17",0
"15HZAN","Quirusillas",2023,"15HZAN::170",0
"15HZAN","Quirusillas",2023,"15HZAN::171",0
"15HZAN","Quirusillas",2023,"15HZAN::172",0
"15HZAN","Quirusillas",2023,"15HZAN::173",0
"15HZAN","Quirusillas",2023,"15HZAN::174",0
"15HZAN","Quirusillas",2023,"15HZAN::175",0
"15HZAN","Quirusillas",2023,"15HZAN::176",0
"15HZAN","Quirusillas",2023,"15HZAN::177",0
"15HZAN","Quirusillas",2023,"15HZAN::178",0
"15HZAN","Quirusillas",2023,"15HZAN::179",0
"15HZAN","Quirusillas",2023,"15HZAN::18",0
"15HZAN","Quirusillas",2023,"15HZAN::180",0
"15HZAN","Quirusillas",2023,"15HZAN::181",0
"15HZAN","Quirusillas",2023,"15HZAN::182",0
"15HZAN","Quirusillas",2023,"15HZAN::183",6.57779239999999
"15HZAN","Quirusillas",2023,"15HZAN::184",0
"15HZAN","Quirusillas",2023,"15HZAN::185",-2.04486467
"15HZAN","Quirusillas",2023,"15HZAN::186",0
"15HZAN","Quirusillas",2023,"15HZAN::187",0
"15HZAN","Quirusillas",2023,"15HZAN::188",0
"15HZAN","Quirusillas",2023,"15HZAN::189",0
"15HZAN","Quirusillas",2023,"15HZAN::19",0
"15HZAN","Quirusillas",2023,"15HZAN::190",-16.15238096
"15HZAN","Quirusillas",2023,"15HZAN::191",15.92178771
"15HZAN","Quirusillas",2023,"15HZAN::192",0
"15HZAN","Quirusillas",2023,"15HZAN::193",0
"15HZAN","Quirusillas",2023,"15HZAN::194",0
"15HZAN","Quirusillas",2023,"15HZAN::195",0
"15HZAN","Quirusillas",2023,"15HZAN::196",0
"15HZAN","Quirusillas",2023,"15HZAN::197",0
"15HZAN","Quirusillas",2023,"15HZAN::198",7.365269461
"15HZAN","Quirusillas",2023,"15HZAN::199",0
"15HZAN","Quirusillas",2023,"15HZAN::2",0
"15HZAN","Quirusillas",2023,"15HZAN::20",0
"15HZAN","Quirusillas",2023,"15HZAN::200",36.22688478
"15HZAN","Quirusillas",2023,"15HZAN::201",0
"15HZAN","Quirusillas",2023,"15HZAN::202",0
"15HZAN","Quirusillas",2023,"15HZAN::203",0
"15HZAN","Quirusillas",2023,"15HZAN::204",0
"15HZAN","Quirusillas",2023,"15HZAN::205",0
"15HZAN","Quirusillas",2023,"15HZAN::206",0
"15HZAN","Quirusillas",2023,"15HZAN::207",0
"15HZAN","Quirusillas",2023,"15HZAN::208",0
"15HZAN","Quirusillas",2023,"15HZAN::209",0
"15HZAN","Quirusillas",2023,"15HZAN::21",0
"15HZAN","Quirusillas",2023,"15HZAN::210",0
"15HZAN","Quirusillas",2023,"15HZAN::211",0
"15HZAN","Quirusillas",2023,"15HZAN::212",0
"15HZAN","Quirusillas",2023,"15HZAN::213",0
"15HZAN","Quirusillas",2023,"15HZAN::214",0
"15HZAN","Quirusillas",2023,"15HZAN::215",0
"15HZAN","Quirusillas",2023,"15HZAN::216",0
"15HZAN","Quirusillas",2023,"15HZAN::217",0
"15HZAN","Quirusillas",2023,"15HZAN::218",0
"15HZAN","Quirusillas",2023,"15HZAN::219",0
"15HZAN","Quirusillas",2023,"15HZAN::22",0
"15HZAN","Quirusillas",2023,"15HZAN::220",0
"15HZAN","Quirusillas",2023,"15HZAN::221",0
"15HZAN","Quirusillas",2023,"15HZAN::222",-8.43160878
"15HZAN","Quirusillas",2023,"15HZAN::223",0
"15HZAN","Quirusillas",2023,"15HZAN::224",13.66459627
"15HZAN","Quirusillas",2023,"15HZAN::225",0
"15HZAN","Quirusillas",2023,"15HZAN::226",0
"15HZAN","Quirusillas",2023,"15HZAN::227",0
"15HZAN","Quirusillas",2023,"15HZAN::228",0
"15HZAN","Quirusillas",2023,"15HZAN::229",0
"15HZAN","Quirusillas",2023,"15HZAN::23",0
"15HZAN","Quirusillas",2023,"15HZAN::230",0
"15HZAN","Quirusillas",2023,"15HZAN::231",0
"15HZAN","Quirusillas",2023,"15HZAN::232",0
"15HZAN","Quirusillas",2023,"15HZAN::233",0
"15HZAN","Quirusillas",2023,"15HZAN::234",0
"15HZAN","Quirusillas",2023,"15HZAN::24",0
"15HZAN","Quirusillas",2023,"15HZAN::25",0
"15HZAN","Quirusillas",2023,"15HZAN::26",0
"15HZAN","Quirusillas",2023,"15HZAN::27",0
"15HZAN","Quirusillas",2023,"15HZAN::28",0
"15HZAN","Quirusillas",2023,"15HZAN::29",0
"15HZAN","Quirusillas",2023,"15HZAN::3",0
"15HZAN","Quirusillas",2023,"15HZAN::30",0
"15HZAN","Quirusillas",2023,"15HZAN::31",0
"15HZAN","Quirusillas",2023,"15HZAN::32",0
"15HZAN","Quirusillas",2023,"15HZAN::33",0
"15HZAN","Quirusillas",2023,"15HZAN::34",0
"15HZAN","Quirusillas",2023,"15HZAN::35",0
"15HZAN","Quirusillas",2023,"15HZAN::36",0
"15HZAN","Quirusillas",2023,"15HZAN::37",0
"15HZAN","Quirusillas",2023,"15HZAN::38",0
"15HZAN","Quirusillas",2023,"15HZAN::39",0
"15HZAN","Quirusillas",2023,"15HZAN::4",0
"15HZAN","Quirusillas",2023,"15HZAN::40",0
"15HZAN","Quirusillas",2023,"15HZAN::41",0
"15HZAN","Quirusillas",2023,"15HZAN::42",0
"15HZAN","Quirusillas",2023,"15HZAN::43",0
"15HZAN","Quirusillas",2023,"15HZAN::44",0
"15HZAN","Quirusillas",2023,"15HZAN::45",0
"15HZAN","Quirusillas",2023,"15HZAN::46",0
"15HZAN","Quirusillas",2023,"15HZAN::47",0
"15HZAN","Quirusillas",2023,"15HZAN::48",0
"15HZAN","Quirusillas",2023,"15HZAN::49",0
"15HZAN","Quirusillas",2023,"15HZAN::5",0
"15HZAN","Quirusillas",2023,"15HZAN::50",0
"15HZAN","Quirusillas",2023,"15HZAN::51",0
"15HZAN","Quirusillas",2023,"15HZAN::52",0
"15HZAN","Quirusillas",2023,"15HZAN::53",0
"15HZAN","Quirusillas",2023,"15HZAN::54",0
"15HZAN","Quirusillas",2023,"15HZAN::55",0
"15HZAN","Quirusillas",2023,"15HZAN::56",0
"15HZAN","Quirusillas",2023,"15HZAN::57",0
"15HZAN","Quirusillas",2023,"15HZAN::58",5.10009273
"15HZAN","Quirusillas",2023,"15HZAN::59",-0.749646390000002
"15HZAN","Quirusillas",2023,"15HZAN::6",0
"15HZAN","Quirusillas",2023,"15HZAN::60",38.88888889
"15HZAN","Quirusillas",2023,"15HZAN::61",31.42850068
"15HZAN","Quirusillas",2023,"15HZAN::62",0
"15HZAN","Quirusillas",2023,"15HZAN::63",0
"15HZAN","Quirusillas",2023,"15HZAN::64",0
"15HZAN","Quirusillas",2023,"15HZAN::65",0
"15HZAN","Quirusillas",2023,"15HZAN::66",0
"15HZAN","Quirusillas",2023,"15HZAN::67",0
"15HZAN","Quirusillas",2023,"15HZAN::68",0
"15HZAN","Quirusillas",2023,"15HZAN::69",0
"15HZAN","Quirusillas",2023,"15HZAN::7",0
"15HZAN","Quirusillas",2023,"15HZAN::70",0
"15HZAN","Quirusillas",2023,"15HZAN::71",0
"15HZAN","Quirusillas",2023,"15HZAN::72",0
"15HZAN","Quirusillas",2023,"15HZAN::73",0
"15HZAN","Quirusillas",2023,"15HZAN::74",0
"15HZAN","Quirusillas",2023,"15HZAN::75",0
"15HZAN","Quirusillas",2023,"15HZAN::76",0
"15HZAN","Quirusillas",2023,"15HZAN::77",0
"15HZAN","Quirusillas",2023,"15HZAN::78",0
"15HZAN","Quirusillas",2023,"15HZAN::79",0
"15HZAN","Quirusillas",2023,"15HZAN::8",0
"15HZAN","Quirusillas",2023,"15HZAN::80",0
"15HZAN","Quirusillas",2023,"15HZAN::81",0
"15HZAN","Quirusillas",2023,"15HZAN::82",-32.934626437
"15HZAN","Quirusillas",2023,"15HZAN::83",0
"15HZAN","Quirusillas",2023,"15HZAN::84",0
"15HZAN","Quirusillas",2023,"15HZAN::85",0
"15HZAN","Quirusillas",2023,"15HZAN::86",0
"15HZAN","Quirusillas",2023,"15HZAN::87",0
"15HZAN","Quirusillas",2023,"15HZAN::88",0
"15HZAN","Quirusillas",2023,"15HZAN::89",0
"15HZAN","Quirusillas",2023,"15HZAN::9",0
"15HZAN","Quirusillas",2023,"15HZAN::90",0
"15HZAN","Quirusillas",2023,"15HZAN::91",0
"15HZAN","Quirusillas",2023,"15HZAN::92",0
"15HZAN","Quirusillas",2023,"15HZAN::93",0
"15HZAN","Quirusillas",2023,"15HZAN::94",0
"15HZAN","Quirusillas",2023,"15HZAN::95",0
"15HZAN","Quirusillas",2023,"15HZAN::96",0
"15HZAN","Quirusillas",2023,"15HZAN::97",-0.759493671
"15HZAN","Quirusillas",2023,"15HZAN::98",0
"15HZAN","Quirusillas",2023,"15HZAN::99",0
"15HZAN","Okinawa",2023,"15HZAN::1",0
"15HZAN","Okinawa",2023,"15HZAN::10",0
"15HZAN","Okinawa",2023,"15HZAN::100",39.01035673
"15HZAN","Okinawa",2023,"15HZAN::101",0
"15HZAN","Okinawa",2023,"15HZAN::102",0
"15HZAN","Okinawa",2023,"15HZAN::103",0
"15HZAN","Okinawa",2023,"15HZAN::104",0
"15HZAN","Okinawa",2023,"15HZAN::105",0
"15HZAN","Okinawa",2023,"15HZAN::106",0
"15HZAN","Okinawa",2023,"15HZAN::107",0
"15HZAN","Okinawa",2023,"15HZAN::108",0
"15HZAN","Okinawa",2023,"15HZAN::109",0
"15HZAN","Okinawa",2023,"15HZAN::11",0
"15HZAN","Okinawa",2023,"15HZAN::110",0
"15HZAN","Okinawa",2023,"15HZAN::111",0
"15HZAN","Okinawa",2023,"15HZAN::112",0
"15HZAN","Okinawa",2023,"15HZAN::113",0
"15HZAN","Okinawa",2023,"15HZAN::114",0
"15HZAN","Okinawa",2023,"15HZAN::115",0
"15HZAN","Okinawa",2023,"15HZAN::116",0
"15HZAN","Okinawa",2023,"15HZAN::117",0
"15HZAN","Okinawa",2023,"15HZAN::118",0
"15HZAN","Okinawa",2023,"15HZAN::119",-11.9760479
"15HZAN","Okinawa",2023,"15HZAN::12",0
"15HZAN","Okinawa",2023,"15HZAN::120",0
"15HZAN","Okinawa",2023,"15HZAN::121",0
"15HZAN","Okinawa",2023,"15HZAN::122",0
"15HZAN","Okinawa",2023,"15HZAN::123",0
"15HZAN","Okinawa",2023,"15HZAN::124",0
"15HZAN","Okinawa",2023,"15HZAN::125",0
"15HZAN","Okinawa",2023,"15HZAN::126",0
"15HZAN","Okinawa",2023,"15HZAN::127",0
"15HZAN","Okinawa",2023,"15HZAN::128",0
"15HZAN","Okinawa",2023,"15HZAN::129",0
"15HZAN","Okinawa",2023,"15HZAN::13",0
"15HZAN","Okinawa",2023,"15HZAN::130",0
"15HZAN","Okinawa",2023,"15HZAN::131",0
"15HZAN","Okinawa",2023,"15HZAN::132",0
"15HZAN","Okinawa",2023,"15HZAN::133",0
"15HZAN","Okinawa",2023,"15HZAN::134",0
"15HZAN","Okinawa",2023,"15HZAN::135",0
"15HZAN","Okinawa",2023,"15HZAN::136",0
"15HZAN","Okinawa",2023,"15HZAN::137",0
"15HZAN","Okinawa",2023,"15HZAN::138",0
"15HZAN","Okinawa",2023,"15HZAN::139",0
"15HZAN","Okinawa",2023,"15HZAN::14",0
"15HZAN","Okinawa",2023,"15HZAN::140",0
"15HZAN","Okinawa",2023,"15HZAN::141",0
"15HZAN","Okinawa",2023,"15HZAN::142",0
"15HZAN","Okinawa",2023,"15HZAN::143",0
"15HZAN","Okinawa",2023,"15HZAN::144",-11.9047619
"15HZAN","Okinawa",2023,"15HZAN::145",0
"15HZAN","Okinawa",2023,"15HZAN::146",0
"15HZAN","Okinawa",2023,"15HZAN::147",0
"15HZAN","Okinawa",2023,"15HZAN::148",0
"15HZAN","Okinawa",2023,"15HZAN::149",0
"15HZAN","Okinawa",2023,"15HZAN::15",0
"15HZAN","Okinawa",2023,"15HZAN::150",2.83796044
"15HZAN","Okinawa",2023,"15HZAN::151",0
"15HZAN","Okinawa",2023,"15HZAN::152",0
"15HZAN","Okinawa",2023,"15HZAN::153",55.04289601
"15HZAN","Okinawa",2023,"15HZAN::154",0
"15HZAN","Okinawa",2023,"15HZAN::155",0
"15HZAN","Okinawa",2023,"15HZAN::156",0
"15HZAN","Okinawa",2023,"15HZAN::157",0
"15HZAN","Okinawa",2023,"15HZAN::158",0
"15HZAN","Okinawa",2023,"15HZAN::159",0
"15HZAN","Okinawa",2023,"15HZAN::16",0
"15HZAN","Okinawa",2023,"15HZAN::160",0
"15HZAN","Okinawa",2023,"15HZAN::161",-16.26506024
"15HZAN","Okinawa",2023,"15HZAN::162",0
"15HZAN","Okinawa",2023,"15HZAN::163",0
"15HZAN","Okinawa",2023,"15HZAN::164",0
"15HZAN","Okinawa",2023,"15HZAN::165",-46.15384615
"15HZAN","Okinawa",2023,"15HZAN::166",50.05116959
"15HZAN","Okinawa",2023,"15HZAN::167",46.65183538
"15HZAN","Okinawa",2023,"15HZAN::168",0
"15HZAN","Okinawa",2023,"15HZAN::169",0
"15HZAN","Okinawa",2023,"15HZAN::17",0
"15HZAN","Okinawa",2023,"15HZAN::170",0
"15HZAN","Okinawa",2023,"15HZAN::171",0
"15HZAN","Okinawa",2023,"15HZAN::172",0
"15HZAN","Okinawa",2023,"15HZAN::173",0
"15HZAN","Okinawa",2023,"15HZAN::174",0
"15HZAN","Okinawa",2023,"15HZAN::175",0
"15HZAN","Okinawa",2023,"15HZAN::176",0
"15HZAN","Okinawa",2023,"15HZAN::177",0
"15HZAN","Okinawa",2023,"15HZAN::178",0
"15HZAN","Okinawa",2023,"15HZAN::179",0
"15HZAN","Okinawa",2023,"15HZAN::18",0
"15HZAN","Okinawa",2023,"15HZAN::180",0
"15HZAN","Okinawa",2023,"15HZAN::181",0
"15HZAN","Okinawa",2023,"15HZAN::182",0
"15HZAN","Okinawa",2023,"15HZAN::183",-32.83856517
"15HZAN","Okinawa",2023,"15HZAN::184",0
"15HZAN","Okinawa",2023,"15HZAN::185",-17.68518519
"15HZAN","Okinawa",2023,"15HZAN::186",0
"15HZAN","Okinawa",2023,"15HZAN::187",0
"15HZAN","Okinawa",2023,"15HZAN::188",0
"15HZAN","Okinawa",2023,"15HZAN::189",0
"15HZAN","Okinawa",2023,"15HZAN::19",0
"15HZAN","Okinawa",2023,"15HZAN::190",76.82926829
"15HZAN","Okinawa",2023,"15HZAN::191",0
"15HZAN","Okinawa",2023,"15HZAN::192",0
"15HZAN","Okinawa",2023,"15HZAN::193",0
"15HZAN","Okinawa",2023,"15HZAN::194",0
"15HZAN","Okinawa",2023,"15HZAN::195",0
"15HZAN","Okinawa",2023,"15HZAN::196",0
"15HZAN","Okinawa",2023,"15HZAN::197",0
"15HZAN","Okinawa",2023,"15HZAN::198",0
"15HZAN","Okinawa",2023,"15HZAN::199",0
"15HZAN","Okinawa",2023,"15HZAN::2",0
"15HZAN","Okinawa",2023,"15HZAN::20",0
"15HZAN","Okinawa",2023,"15HZAN::200",-1.91156667
"15HZAN","Okinawa",2023,"15HZAN::201",0
"15HZAN","Okinawa",2023,"15HZAN::202",0
"15HZAN","Okinawa",2023,"15HZAN::203",0
"15HZAN","Okinawa",2023,"15HZAN::204",0
"15HZAN","Okinawa",2023,"15HZAN::205",0
"15HZAN","Okinawa",2023,"15HZAN::206",0
"15HZAN","Okinawa",2023,"15HZAN::207",0
"15HZAN","Okinawa",2023,"15HZAN::208",0
"15HZAN","Okinawa",2023,"15HZAN::209",0
"15HZAN","Okinawa",2023,"15HZAN::21",0
"15HZAN","Okinawa",2023,"15HZAN::210",0
"15HZAN","Okinawa",2023,"15HZAN::211",0
"15HZAN","Okinawa",2023,"15HZAN::212",0
"15HZAN","Okinawa",2023,"15HZAN::213",0
"15HZAN","Okinawa",2023,"15HZAN::214",0
"15HZAN","Okinawa",2023,"15HZAN::215",0
"15HZAN","Okinawa",2023,"15HZAN::216",0
"15HZAN","Okinawa",2023,"15HZAN::217",0
"15HZAN","Okinawa",2023,"15HZAN::218",0
"15HZAN","Okinawa",2023,"15HZAN::219",0
"15HZAN","Okinawa",2023,"15HZAN::22",0
"15HZAN","Okinawa",2023,"15HZAN::220",0
"15HZAN","Okinawa",2023,"15HZAN::221",0
"15HZAN","Okinawa",2023,"15HZAN::222",13.97053181
"15HZAN","Okinawa",2023,"15HZAN::223",0
"15HZAN","Okinawa",2023,"15HZAN::224",0
"15HZAN","Okinawa",2023,"15HZAN::225",0
"15HZAN","Okinawa",2023,"15HZAN::226",0
"15HZAN","Okinawa",2023,"15HZAN::227",0
"15HZAN","Okinawa",2023,"15HZAN::228",0
"15HZAN","Okinawa",2023,"15HZAN::229",0
"15HZAN","Okinawa",2023,"15HZAN::23",0
"15HZAN","Okinawa",2023,"15HZAN::230",0
"15HZAN","Okinawa",2023,"15HZAN::231",0
"15HZAN","Okinawa",2023,"15HZAN::232",0
"15HZAN","Okinawa",2023,"15HZAN::233",0
"15HZAN","Okinawa",2023,"15HZAN::234",0
"15HZAN","Okinawa",2023,"15HZAN::24",0
"15HZAN","Okinawa",2023,"15HZAN::25",0
"15HZAN","Okinawa",2023,"15HZAN::26",0
"15HZAN","Okinawa",2023,"15HZAN::27",0
"15HZAN","Okinawa",2023,"15HZAN::28",0
"15HZAN","Okinawa",2023,"15HZAN::29",0
"15HZAN","Okinawa",2023,"15HZAN::3",0
"15HZAN","Okinawa",2023,"15HZAN::30",0
"15HZAN","Okinawa",2023,"15HZAN::31",0
"15HZAN","Okinawa",2023,"15HZAN::32",0
"15HZAN","Okinawa",2023,"15HZAN::33",0
"15HZAN","Okinawa",2023,"15HZAN::34",0
"15HZAN","Okinawa",2023,"15HZAN::35",0
"15HZAN","Okinawa",2023,"15HZAN::36",0
"15HZAN","Okinawa",2023,"15HZAN::37",0
"15HZAN","Okinawa",2023,"15HZAN::38",0
"15HZAN","Okinawa",2023,"15HZAN::39",0
"15HZAN","Okinawa",2023,"15HZAN::4",0
"15HZAN","Okinawa",2023,"15HZAN::40",-10.49723757
"15HZAN","Okinawa",2023,"15HZAN::41",0
"15HZAN","Okinawa",2023,"15HZAN::42",0
"15HZAN","Okinawa",2023,"15HZAN::43",0
"15HZAN","Okinawa",2023,"15HZAN::44",0
"15HZAN","Okinawa",2023,"15HZAN::45",0
"15HZAN","Okinawa",2023,"15HZAN::46",0
"15HZAN","Okinawa",2023,"15HZAN::47",52.22929936
"15HZAN","Okinawa",2023,"15HZAN::48",0
"15HZAN","Okinawa",2023,"15HZAN::49",0
"15HZAN","Okinawa",2023,"15HZAN::5",0
"15HZAN","Okinawa",2023,"15HZAN::50",0
"15HZAN","Okinawa",2023,"15HZAN::51",0
"15HZAN","Okinawa",2023,"15HZAN::52",0
"15HZAN","Okinawa",2023,"15HZAN::53",0
"15HZAN","Okinawa",2023,"15HZAN::54",0
"15HZAN","Okinawa",2023,"15HZAN::55",0
"15HZAN","Okinawa",2023,"15HZAN::56",0
"15HZAN","Okinawa",2023,"15HZAN::57",0
"15HZAN","Okinawa",2023,"15HZAN::58",7.83625731000001
"15HZAN","Okinawa",2023,"15HZAN::59",-26.3803681
"15HZAN","Okinawa",2023,"15HZAN::6",0
"15HZAN","Okinawa",2023,"15HZAN::60",11.04940956
"15HZAN","Okinawa",2023,"15HZAN::61",-29.8245614
"15HZAN","Okinawa",2023,"15HZAN::62",0
"15HZAN","Okinawa",2023,"15HZAN::63",0
"15HZAN","Okinawa",2023,"15HZAN::64",0
"15HZAN","Okinawa",2023,"15HZAN::65",0
"15HZAN","Okinawa",2023,"15HZAN::66",0
"15HZAN","Okinawa",2023,"15HZAN::67",0
"15HZAN","Okinawa",2023,"15HZAN::68",0
"15HZAN","Okinawa",2023,"15HZAN::69",0
"15HZAN","Okinawa",2023,"15HZAN::7",0
"15HZAN","Okinawa",2023,"15HZAN::70",0
"15HZAN","Okinawa",2023,"15HZAN::71",0
"15HZAN","Okinawa",2023,"15HZAN::72",0
"15HZAN","Okinawa",2023,"15HZAN::73",0
"15HZAN","Okinawa",2023,"15HZAN::74",0
"15HZAN","Okinawa",2023,"15HZAN::75",0
"15HZAN","Okinawa",2023,"15HZAN::76",0
"15HZAN","Okinawa",2023,"15HZAN::77",0
"15HZAN","Okinawa",2023,"15HZAN::78",0
"15HZAN","Okinawa",2023,"15HZAN::79",0
"15HZAN","Okinawa",2023,"15HZAN::8",0
"15HZAN","Okinawa",2023,"15HZAN::80",0
"15HZAN","Okinawa",2023,"15HZAN::81",0
"15HZAN","Okinawa",2023,"15HZAN::82",0
"15HZAN","Okinawa",2023,"15HZAN::83",0
"15HZAN","Okinawa",2023,"15HZAN::84",0
"15HZAN","Okinawa",2023,"15HZAN::85",-12.28070175
"15HZAN","Okinawa",2023,"15HZAN::86",0
"15HZAN","Okinawa",2023,"15HZAN::87",0
"15HZAN","Okinawa",2023,"15HZAN::88",0
"15HZAN","Okinawa",2023,"15HZAN::89",0
"15HZAN","Okinawa",2023,"15HZAN::9",0
"15HZAN","Okinawa",2023,"15HZAN::90",0
"15HZAN","Okinawa",2023,"15HZAN::91",0
"15HZAN","Okinawa",2023,"15HZAN::92",0
"15HZAN","Okinawa",2023,"15HZAN::93",0
"15HZAN","Okinawa",2023,"15HZAN::94",0
"15HZAN","Okinawa",2023,"15HZAN::95",0
"15HZAN","Okinawa",2023,"15HZAN::96",0
"15HZAN","Okinawa",2023,"15HZAN::97",0
"15HZAN","Okinawa",2023,"15HZAN::98",0
"15HZAN","Okinawa",2023,"15HZAN::99",0
"41SAWSN","Okinawa",2024,"41SAWSN::3001",-4.72972973
"41SAWSN","Okinawa",2024,"41SAWSN::3002",0
"41SAWSN","Okinawa",2024,"41SAWSN::3003",0
"41SAWSN","Okinawa",2024,"41SAWSN::3004",0
"41SAWSN","Okinawa",2024,"41SAWSN::3005",0
"41SAWSN","Okinawa",2024,"41SAWSN::3006",0
"41SAWSN","Okinawa",2024,"41SAWSN::3007",0
"41SAWSN","Okinawa",2024,"41SAWSN::3008",0
"41SAWSN","Okinawa",2024,"41SAWSN::3009",0
"41SAWSN","Okinawa",2024,"41SAWSN::3010",0
"41SAWSN","Okinawa",2024,"41SAWSN::3011",0
"41SAWSN","Okinawa",2024,"41SAWSN::3012",0
"41SAWSN","Okinawa",2024,"41SAWSN::3013",6.896551724
"41SAWSN","Okinawa",2024,"41SAWSN::3014",0
"41SAWSN","Okinawa",2024,"41SAWSN::3015",0
"41SAWSN","Okinawa",2024,"41SAWSN::3016",0
"41SAWSN","Okinawa",2024,"41SAWSN::3017",0
"41SAWSN","Okinawa",2024,"41SAWSN::3018",0
"41SAWSN","Okinawa",2024,"41SAWSN::3019",0
"41SAWSN","Okinawa",2024,"41SAWSN::3020",0
"41SAWSN","Okinawa",2024,"41SAWSN::3021",0
"41SAWSN","Okinawa",2024,"41SAWSN::3022",0
"41SAWSN","Okinawa",2024,"41SAWSN::3023",0
"41SAWSN","Okinawa",2024,"41SAWSN::3024",0
"41SAWSN","Okinawa",2024,"41SAWSN::3025",-1.10047375
"41SAWSN","Okinawa",2024,"41SAWSN::3026",0
"41SAWSN","Okinawa",2024,"41SAWSN::3027",0
"41SAWSN","Okinawa",2024,"41SAWSN::3028",0
"41SAWSN","Okinawa",2024,"41SAWSN::3029",0
"41SAWSN","Okinawa",2024,"41SAWSN::3030",0
"41SAWSN","Okinawa",2024,"41SAWSN::3031",0
"41SAWSN","Okinawa",2024,"41SAWSN::3032",0
"41SAWSN","Okinawa",2024,"41SAWSN::3033",0
"41SAWSN","Okinawa",2024,"41SAWSN::3034",0
"41SAWSN","Okinawa",2024,"41SAWSN::3035",0
"41SAWSN","Okinawa",2024,"41SAWSN::3036",0
"41SAWSN","Okinawa",2024,"41SAWSN::3037",0
"41SAWSN","Okinawa",2024,"41SAWSN::3038",0
"41SAWSN","Okinawa",2024,"41SAWSN::3039",0
"41SAWSN","Okinawa",2024,"41SAWSN::3040",0
"41SAWSN","Okinawa",2024,"41SAWSN::3041",0
"41SAWSN","Okinawa",2024,"41SAWSN::3042",0
"41SAWSN","Okinawa",2024,"41SAWSN::3043",0
"41SAWSN","Okinawa",2024,"41SAWSN::3044",0
"41SAWSN","Okinawa",2024,"41SAWSN::3045",0
"41SAWSN","Okinawa",2024,"41SAWSN::3046",0
"41SAWSN","Okinawa",2024,"41SAWSN::3047",0
"41SAWSN","Okinawa",2024,"41SAWSN::3048",0
"41SAWSN","Okinawa",2024,"41SAWSN::3049",0
"41SAWSN","Okinawa",2024,"41SAWSN::3050",5.66223305
"41SAWSN","Okinawa",2024,"41SAWSN::3051",0
"41SAWSN","Okinawa",2024,"41SAWSN::3052",0
"41SAWSN","Okinawa",2024,"41SAWSN::3053",0
"41SAWSN","Okinawa",2024,"41SAWSN::3054",0
"41SAWSN","Okinawa",2024,"41SAWSN::3055",0
"41SAWSN","Okinawa",2024,"41SAWSN::3056",0
"41SAWSN","Okinawa",2024,"41SAWSN::3057",0
"41SAWSN","Okinawa",2024,"41SAWSN::3058",0
"41SAWSN","Okinawa",2024,"41SAWSN::3059",0
"41SAWSN","Okinawa",2024,"41SAWSN::3060",0
"41SAWSN","Okinawa",2024,"41SAWSN::3061",0
"41SAWSN","Okinawa",2024,"41SAWSN::3062",0
"41SAWSN","Okinawa",2024,"41SAWSN::3063",0
"41SAWSN","Okinawa",2024,"41SAWSN::3064",0
"41SAWSN","Okinawa",2024,"41SAWSN::3065",0
"41SAWSN","Okinawa",2024,"41SAWSN::3066",0
"41SAWSN","Okinawa",2024,"41SAWSN::3067",0
"41SAWSN","Okinawa",2024,"41SAWSN::3068",0
"41SAWSN","Okinawa",2024,"41SAWSN::3069",0
"41SAWSN","Okinawa",2024,"41SAWSN::3070",0
"41SAWSN","Okinawa",2024,"41SAWSN::3071",8.805031447
"41SAWSN","Okinawa",2024,"41SAWSN::3072",0
"41SAWSN","Okinawa",2024,"41SAWSN::3073",0
"41SAWSN","Okinawa",2024,"41SAWSN::3074",0
"41SAWSN","Okinawa",2024,"41SAWSN::3075",4.89708321
"41SAWSN","Okinawa",2024,"41SAWSN::3076",0
"41SAWSN","Okinawa",2024,"41SAWSN::3077",0
"41SAWSN","Okinawa",2024,"41SAWSN::3078",0
"41SAWSN","Okinawa",2024,"41SAWSN::3079",6.802721088
"41SAWSN","Okinawa",2024,"41SAWSN::3080",0
"41SAWSN","Okinawa",2024,"41SAWSN::3081",0
"41SAWSN","Okinawa",2024,"41SAWSN::3082",0
"41SAWSN","Okinawa",2024,"41SAWSN::3083",0
"41SAWSN","Okinawa",2024,"41SAWSN::3084",0
"41SAWSN","Okinawa",2024,"41SAWSN::3085",0
"41SAWSN","Okinawa",2024,"41SAWSN::3086",0
"41SAWSN","Okinawa",2024,"41SAWSN::3087",0
"41SAWSN","Okinawa",2024,"41SAWSN::3088",0
"41SAWSN","Okinawa",2024,"41SAWSN::3089",0
"41SAWSN","Okinawa",2024,"41SAWSN::3090",0
"41SAWSN","Okinawa",2024,"41SAWSN::3091",0
"41SAWSN","Okinawa",2024,"41SAWSN::3092",0
"41SAWSN","Okinawa",2024,"41SAWSN::3093",0
"41SAWSN","Okinawa",2024,"41SAWSN::3094",0
"41SAWSN","Okinawa",2024,"41SAWSN::3095",0
"41SAWSN","Okinawa",2024,"41SAWSN::3096",0
"41SAWSN","Okinawa",2024,"41SAWSN::3097",17.715899917
"41SAWSN","Okinawa",2024,"41SAWSN::3098",0
"41SAWSN","Okinawa",2024,"41SAWSN::3099",0
"41SAWSN","Okinawa",2024,"41SAWSN::3100",54.34782609
"41SAWSN","Okinawa",2024,"41SAWSN::3101",0
"41SAWSN","Okinawa",2024,"41SAWSN::3102",0
"41SAWSN","Okinawa",2024,"41SAWSN::3103",0
"41SAWSN","Okinawa",2024,"41SAWSN::3104",0
"41SAWSN","Okinawa",2024,"41SAWSN::3105",0
"41SAWSN","Okinawa",2024,"41SAWSN::3106",0
"41SAWSN","Okinawa",2024,"41SAWSN::3107",9.803921569
"41SAWSN","Okinawa",2024,"41SAWSN::3108",0
"41SAWSN","Okinawa",2024,"41SAWSN::3109",0
"41SAWSN","Okinawa",2024,"41SAWSN::3110",0
"41SAWSN","Okinawa",2024,"41SAWSN::3111",0
"41SAWSN","Okinawa",2024,"41SAWSN::3112",0
"41SAWSN","Okinawa",2024,"41SAWSN::3113",0
"41SAWSN","Okinawa",2024,"41SAWSN::3114",0
"41SAWSN","Okinawa",2024,"41SAWSN::3115",0
"41SAWSN","Okinawa",2024,"41SAWSN::3116",0
"41SAWSN","Okinawa",2024,"41SAWSN::3117",0
"41SAWSN","Okinawa",2024,"41SAWSN::3118",0
"41SAWSN","Okinawa",2024,"41SAWSN::3119",0
"41SAWSN","Okinawa",2024,"41SAWSN::3120",0
"41SAWSN","Okinawa",2024,"41SAWSN::3121",0
"41SAWSN","Okinawa",2024,"41SAWSN::3122",0
"41SAWSN","Okinawa",2024,"41SAWSN::3123",0
"41SAWSN","Okinawa",2024,"41SAWSN::3124",0
"41SAWSN","Okinawa",2024,"41SAWSN::3125",57.93103448
"41SAWSN","Okinawa",2024,"41SAWSN::3126",0
"41SAWSN","Okinawa",2024,"41SAWSN::3127",0
"41SAWSN","Okinawa",2024,"41SAWSN::3128",0
"41SAWSN","Okinawa",2024,"41SAWSN::3129",0
"41SAWSN","Okinawa",2024,"41SAWSN::3130",0
"41SAWSN","Okinawa",2024,"41SAWSN::3131",0
"41SAWSN","Okinawa",2024,"41SAWSN::3132",0
"41SAWSN","Okinawa",2024,"41SAWSN::3133",0
"41SAWSN","Okinawa",2024,"41SAWSN::3134",0
"41SAWSN","Okinawa",2024,"41SAWSN::3135",0
"41SAWSN","Okinawa",2024,"41SAWSN::3136",0
"41SAWSN","Okinawa",2024,"41SAWSN::3137",0
"41SAWSN","Okinawa",2024,"41SAWSN::3138",0
"41SAWSN","Okinawa",2024,"41SAWSN::3139",0
"41SAWSN","Okinawa",2024,"41SAWSN::3140",0
"41SAWSN","Okinawa",2024,"41SAWSN::3141",0
"41SAWSN","Okinawa",2024,"41SAWSN::3142",0
"41SAWSN","Okinawa",2024,"41SAWSN::3143",0
"41SAWSN","Okinawa",2024,"41SAWSN::3144",0
"41SAWSN","Okinawa",2024,"41SAWSN::3145",0
"41SAWSN","Okinawa",2024,"41SAWSN::3146",0
"41SAWSN","Okinawa",2024,"41SAWSN::3147",0
"41SAWSN","Okinawa",2024,"41SAWSN::3148",0
"41SAWSN","Okinawa",2024,"41SAWSN::3149",0
"41SAWSN","Okinawa",2024,"41SAWSN::3150",15.62289563
"41SAWSN","Okinawa",2024,"41SAWSN::3151",0
"41SAWSN","Okinawa",2024,"41SAWSN::3152",0
"41SAWSN","Okinawa",2024,"41SAWSN::3153",0
"41SAWSN","Okinawa",2024,"41SAWSN::3154",0
"41SAWSN","Okinawa",2024,"41SAWSN::3155",0
"41SAWSN","Okinawa",2024,"41SAWSN::3156",0
"41SAWSN","Okinawa",2024,"41SAWSN::3157",0
"41SAWSN","Okinawa",2024,"41SAWSN::3158",0
"41SAWSN","Okinawa",2024,"41SAWSN::3159",0
"41SAWSN","Okinawa",2024,"41SAWSN::3160",0
"41SAWSN","Okinawa",2024,"41SAWSN::3161",0
"41SAWSN","Okinawa",2024,"41SAWSN::3162",0
"41SAWSN","Okinawa",2024,"41SAWSN::3163",0
"41SAWSN","Okinawa",2024,"41SAWSN::3164",0
"41SAWSN","Okinawa",2024,"41SAWSN::3165",0
"41SAWSN","Okinawa",2024,"41SAWSN::3166",0
"41SAWSN","Okinawa",2024,"41SAWSN::3167",0
"41SAWSN","Okinawa",2024,"41SAWSN::3168",0
"41SAWSN","Okinawa",2024,"41SAWSN::3169",0
"41SAWSN","Okinawa",2024,"41SAWSN::3170",0
"41SAWSN","Okinawa",2024,"41SAWSN::3171",-3.75
"41SAWSN","Okinawa",2024,"41SAWSN::3172",0
"41SAWSN","Okinawa",2024,"41SAWSN::3173",0
"41SAWSN","Okinawa",2024,"41SAWSN::3174",0
"41SAWSN","Okinawa",2024,"41SAWSN::3175",22.10254994
"41SAWSN","Okinawa",2024,"41SAWSN::3176",0
"41SAWSN","Okinawa",2024,"41SAWSN::3177",0
"41SAWSN","Okinawa",2024,"41SAWSN::3178",0
"41SAWSN","Okinawa",2024,"41SAWSN::3179",16.35220126
"41SAWSN","Okinawa",2024,"41SAWSN::3180",0
"41SAWSN","Okinawa",2024,"41SAWSN::3181",0
"41SAWSN","Okinawa",2024,"41SAWSN::3182",0
"41SAWSN","Okinawa",2024,"41SAWSN::3183",0
"41SAWSN","Okinawa",2024,"41SAWSN::3184",0
"41SAWSN","Okinawa",2024,"41SAWSN::3185",0
"41SAWSN","Okinawa",2024,"41SAWSN::3186",0
"41SAWSN","Okinawa",2024,"41SAWSN::3187",0
"41SAWSN","Okinawa",2024,"41SAWSN::3188",0
"41SAWSN","Okinawa",2024,"41SAWSN::3189",0
"41SAWSN","Okinawa",2024,"41SAWSN::3190",0
"41SAWSN","Okinawa",2024,"41SAWSN::3191",0
"41SAWSN","Okinawa",2024,"41SAWSN::3192",0
"41SAWSN","Okinawa",2024,"41SAWSN::3193",0
"41SAWSN","Okinawa",2024,"41SAWSN::3194",0
"41SAWSN","Okinawa",2024,"41SAWSN::3195",0
"41SAWSN","Okinawa",2024,"41SAWSN::3196",0
"41SAWSN","Okinawa",2024,"41SAWSN::3197",0
"41SAWSN","Okinawa",2024,"41SAWSN::3198",0
"41SAWSN","Okinawa",2024,"41SAWSN::3199",0
"41SAWSN","Okinawa",2024,"41SAWSN::3200",19.28571428
"41SAWSN","Okinawa",2024,"41SAWSN::3201",0
"41SAWSN","Okinawa",2024,"41SAWSN::3202",0
"41SAWSN","Okinawa",2024,"41SAWSN::3203",0
"41SAWSN","Okinawa",2024,"41SAWSN::3204",0
"41SAWSN","Okinawa",2024,"41SAWSN::3205",0
"41SAWSN","Okinawa",2024,"41SAWSN::3206",0
"41SAWSN","Okinawa",2024,"41SAWSN::3207",0
"41SAWSN","Okinawa",2024,"41SAWSN::3208",0
"41SAWSN","Okinawa",2024,"41SAWSN::3209",0
"41SAWSN","Okinawa",2024,"41SAWSN::3210",0
"41SAWSN","Okinawa",2024,"41SAWSN::3211",0
"41SAWSN","Okinawa",2024,"41SAWSN::3212",0
"41SAWSN","Okinawa",2024,"41SAWSN::3213",0
"41SAWSN","Okinawa",2024,"41SAWSN::3214",0
"41SAWSN","Okinawa",2024,"41SAWSN::3215",0
"41SAWSN","Okinawa",2024,"41SAWSN::3216",-2.5
"41SAWSN","Okinawa",2024,"41SAWSN::3217",0
"41SAWSN","Okinawa",2024,"41SAWSN::3218",0
"41SAWSN","Okinawa",2024,"41SAWSN::3219",0
"41SAWSN","Okinawa",2024,"41SAWSN::3220",0
"41SAWSN","Okinawa",2024,"41SAWSN::3221",0
"41SAWSN","Okinawa",2024,"41SAWSN::3222",0
"41SAWSN","Okinawa",2024,"41SAWSN::3223",0
"41SAWSN","Okinawa",2024,"41SAWSN::3224",0
"41SAWSN","Okinawa",2024,"41SAWSN::3225",10.79504389
"41SAWSN","Okinawa",2024,"41SAWSN::3226",0
"41SAWSN","Okinawa",2024,"41SAWSN::3227",0
"41SAWSN","Okinawa",2024,"41SAWSN::3228",19.23076923
"41SAWSN","Okinawa",2024,"41SAWSN::3229",0
"41SAWSN","Okinawa",2024,"41SAWSN::3230",0
"41SAWSN","Okinawa",2024,"41SAWSN::3231",0
"41SAWSN","Okinawa",2024,"41SAWSN::3232",0
"56IBWSN","Jashore",2024,"56IBWSN::1001",-0.501253133
"56IBWSN","Jashore",2024,"56IBWSN::1002",5.238095238
"56IBWSN","Jashore",2024,"56IBWSN::1003",0
"56IBWSN","Jashore",2024,"56IBWSN::1004",5.789473684
"56IBWSN","Jashore",2024,"56IBWSN::1005",0
"56IBWSN","Jashore",2024,"56IBWSN::1006",4.736842105
"56IBWSN","Jashore",2024,"56IBWSN::1007",14.210526316
"56IBWSN","Jashore",2024,"56IBWSN::1008",10
"56IBWSN","Jashore",2024,"56IBWSN::1009",0
"56IBWSN","Jashore",2024,"56IBWSN::1010",5.789473684
"56IBWSN","Jashore",2024,"56IBWSN::1011",11.5
"56IBWSN","Jashore",2024,"56IBWSN::1012",12.355889729
"56IBWSN","Jashore",2024,"56IBWSN::1013",5.789473684
"56IBWSN","Jashore",2024,"56IBWSN::1014",15.714285714
"56IBWSN","Jashore",2024,"56IBWSN::1015",3.684210526
"56IBWSN","Jashore",2024,"56IBWSN::1016",17.5
"56IBWSN","Jashore",2024,"56IBWSN::1017",10
"56IBWSN","Jashore",2024,"56IBWSN::1018",5.789473684
"56IBWSN","Jashore",2024,"56IBWSN::1019",0
"56IBWSN","Jashore",2024,"56IBWSN::1020",2.380952381
"56IBWSN","Jashore",2024,"56IBWSN::1021",5.789473684
"56IBWSN","Jashore",2024,"56IBWSN::1022",6.111111111
"56IBWSN","Jashore",2024,"56IBWSN::1023",0
"56IBWSN","Jashore",2024,"56IBWSN::1024",0
"56IBWSN","Jashore",2024,"56IBWSN::1025",-9.96377687
"56IBWSN","Jashore",2024,"56IBWSN::1026",10
"56IBWSN","Jashore",2024,"56IBWSN::1027",0
"56IBWSN","Jashore",2024,"56IBWSN::1028",5.238095238
"56IBWSN","Jashore",2024,"56IBWSN::1029",7.619047619
"56IBWSN","Jashore",2024,"56IBWSN::1030",5.714285714
"56IBWSN","Jashore",2024,"56IBWSN::1031",4.210526316
"56IBWSN","Jashore",2024,"56IBWSN::1032",-7.368421053
"56IBWSN","Jashore",2024,"56IBWSN::1033",5.789473684
"56IBWSN","Jashore",2024,"56IBWSN::1034",7.368421053
"56IBWSN","Jashore",2024,"56IBWSN::1035",6.666666667
"56IBWSN","Jashore",2024,"56IBWSN::1036",10
"56IBWSN","Jashore",2024,"56IBWSN::1037",10
"56IBWSN","Jashore",2024,"56IBWSN::1038",10
"56IBWSN","Jashore",2024,"56IBWSN::1039",10
"56IBWSN","Jashore",2024,"56IBWSN::1040",3.684210526
"56IBWSN","Jashore",2024,"56IBWSN::1041",10
"56IBWSN","Jashore",2024,"56IBWSN::1042",7.368421053
"56IBWSN","Jashore",2024,"56IBWSN::1043",-2.606516291
"56IBWSN","Jashore",2024,"56IBWSN::1044",10
"56IBWSN","Jashore",2024,"56IBWSN::1045",3.5
"56IBWSN","Jashore",2024,"56IBWSN::1046",0
"56IBWSN","Jashore",2024,"56IBWSN::1047",-2.392344498
"56IBWSN","Jashore",2024,"56IBWSN::1048",10
"56IBWSN","Jashore",2024,"56IBWSN::1049",10
"56IBWSN","Jashore",2024,"56IBWSN::1050",-1.43802557
"56IBWSN","Jashore",2024,"56IBWSN::1051",3.80952381
"56IBWSN","Jashore",2024,"56IBWSN::1052",4.5
"56IBWSN","Jashore",2024,"56IBWSN::1053",2.631578947
"56IBWSN","Jashore",2024,"56IBWSN::1054",-8.53146211
"56IBWSN","Jashore",2024,"56IBWSN::1055",11.29648241
"56IBWSN","Jashore",2024,"56IBWSN::1056",10
"56IBWSN","Jashore",2024,"56IBWSN::1057",5.789473684
"56IBWSN","Jashore",2024,"56IBWSN::1058",-1.654135339
"56IBWSN","Jashore",2024,"56IBWSN::1059",10
"56IBWSN","Jashore",2024,"56IBWSN::1060",2.111801243
"56IBWSN","Jashore",2024,"56IBWSN::1061",10
"56IBWSN","Jashore",2024,"56IBWSN::1062",10
"56IBWSN","Jashore",2024,"56IBWSN::1063",6.19047619
"56IBWSN","Jashore",2024,"56IBWSN::1064",4.761904762
"56IBWSN","Jashore",2024,"56IBWSN::1065",-4.5
"56IBWSN","Jashore",2024,"56IBWSN::1066",-16.6961326
"56IBWSN","Jashore",2024,"56IBWSN::1067",0
"56IBWSN","Jashore",2024,"56IBWSN::1068",10
"56IBWSN","Jashore",2024,"56IBWSN::1069",10
"56IBWSN","Jashore",2024,"56IBWSN::1070",14.05405405
"56IBWSN","Jashore",2024,"56IBWSN::1071",2.380952381
"56IBWSN","Jashore",2024,"56IBWSN::1072",-1.578947369
"56IBWSN","Jashore",2024,"56IBWSN::1073",4.5
"56IBWSN","Jashore",2024,"56IBWSN::1074",10
"56IBWSN","Jashore",2024,"56IBWSN::1075",-16.92364532
"56IBWSN","Jashore",2024,"56IBWSN::1076",10
"56IBWSN","Jashore",2024,"56IBWSN::1077",10
"56IBWSN","Jashore",2024,"56IBWSN::1078",1.503759398
"56IBWSN","Jashore",2024,"56IBWSN::1079",4.736842105
"56IBWSN","Jashore",2024,"56IBWSN::1080",10
"56IBWSN","Jashore",2024,"56IBWSN::1081",0
"56IBWSN","Jashore",2024,"56IBWSN::1082",2.631578947
"56IBWSN","Jashore",2024,"56IBWSN::1083",10
"56IBWSN","Jashore",2024,"56IBWSN::1084",0
"56IBWSN","Jashore",2024,"56IBWSN::1085",3.333333333
"56IBWSN","Jashore",2024,"56IBWSN::1086",10
"56IBWSN","Jashore",2024,"56IBWSN::1087",-1.904761905
"56IBWSN","Jashore",2024,"56IBWSN::1088",10
"56IBWSN","Jashore",2024,"56IBWSN::1089",5.789473684
"56IBWSN","Jashore",2024,"56IBWSN::1090",4.736842105
"56IBWSN","Jashore",2024,"56IBWSN::1091",0
"56IBWSN","Jashore",2024,"56IBWSN::1092",0
"56IBWSN","Jashore",2024,"56IBWSN::1093",2.631578947
"56IBWSN","Jashore",2024,"56IBWSN::1094",0
"56IBWSN","Jashore",2024,"56IBWSN::1095",5.789473684
"56IBWSN","Jashore",2024,"56IBWSN::1096",-0.250626566
"56IBWSN","Jashore",2024,"56IBWSN::1097",5.789473684
"56IBWSN","Jashore",2024,"56IBWSN::1098",1.453634085
"56IBWSN","Jashore",2024,"56IBWSN::1099",5.789473684
"56IBWSN","Jashore",2024,"56IBWSN::1100",-28.05117169
"56IBWSN","Jashore",2024,"56IBWSN::1101",2.631578947
"56IBWSN","Jashore",2024,"56IBWSN::1102",4.285714286
"56IBWSN","Jashore",2024,"56IBWSN::1103",0
"56IBWSN","Jashore",2024,"56IBWSN::1104",-1.503759398
"56IBWSN","Jashore",2024,"56IBWSN::1105",17
"56IBWSN","Jashore",2024,"56IBWSN::1106",5.789473684
"56IBWSN","Jashore",2024,"56IBWSN::1107",-1.904761904
"56IBWSN","Jashore",2024,"56IBWSN::1108",4.736842105
"56IBWSN","Jashore",2024,"56IBWSN::1109",2.631578947
"56IBWSN","Jashore",2024,"56IBWSN::1110",10
"56IBWSN","Jashore",2024,"56IBWSN::1111",2.5
"56IBWSN","Jashore",2024,"56IBWSN::1112",4.285714286
"56IBWSN","Jashore",2024,"56IBWSN::1113",10
"56IBWSN","Jashore",2024,"56IBWSN::1114",6.5
"56IBWSN","Jashore",2024,"56IBWSN::1115",10
"56IBWSN","Jashore",2024,"56IBWSN::1116",15.64102564
"56IBWSN","Jashore",2024,"56IBWSN::1117",10
"56IBWSN","Jashore",2024,"56IBWSN::1118",0
"56IBWSN","Jashore",2024,"56IBWSN::1119",4.285714286
"56IBWSN","Jashore",2024,"56IBWSN::1120",4.761904762
"56IBWSN","Jashore",2024,"56IBWSN::1121",10
"56IBWSN","Jashore",2024,"56IBWSN::1122",-0.70472792
"56IBWSN","Jashore",2024,"56IBWSN::1123",9.36708861
"56IBWSN","Jashore",2024,"56IBWSN::1124",-2.151029749
"56IBWSN","Jashore",2024,"56IBWSN::1126",1.503759398
"56IBWSN","Jashore",2024,"56IBWSN::1127",10
"56IBWSN","Jashore",2024,"56IBWSN::1128",10
"56IBWSN","Jashore",2024,"56IBWSN::1129",10
"56IBWSN","Jashore",2024,"56IBWSN::1130",10
"56IBWSN","Jashore",2024,"56IBWSN::1131",0
"56IBWSN","Jashore",2024,"56IBWSN::1132",10
"56IBWSN","Jashore",2024,"56IBWSN::1133",10
"56IBWSN","Jashore",2024,"56IBWSN::1134",16.84210526
"56IBWSN","Jashore",2024,"56IBWSN::1135",28.42105263
"56IBWSN","Jashore",2024,"56IBWSN::1136",10
"56IBWSN","Jashore",2024,"56IBWSN::1137",5.5
"56IBWSN","Jashore",2024,"56IBWSN::1138",7.619047619
"56IBWSN","Jashore",2024,"56IBWSN::1139",10
"56IBWSN","Jashore",2024,"56IBWSN::1140",2.380952381
"56IBWSN","Jashore",2024,"56IBWSN::1141",2.631578947
"56IBWSN","Jashore",2024,"56IBWSN::1142",-4.210526316
"56IBWSN","Jashore",2024,"56IBWSN::1143",10
"56IBWSN","Jashore",2024,"56IBWSN::1144",10
"56IBWSN","Jashore",2024,"56IBWSN::1145",14.736842105
"56IBWSN","Jashore",2024,"56IBWSN::1146",10
"56IBWSN","Jashore",2024,"56IBWSN::1147",7.894736842
"56IBWSN","Jashore",2024,"56IBWSN::1148",9.999999996
"56IBWSN","Jashore",2024,"56IBWSN::1149",10
"56IBWSN","Jashore",2024,"56IBWSN::1150",-30.72916667
"56IBWSN","Jashore",2024,"56IBWSN::1151",10
"56IBWSN","Jashore",2024,"56IBWSN::1152",0
"56IBWSN","Jashore",2024,"56IBWSN::1153",10
"56IBWSN","Jashore",2024,"56IBWSN::1154",5.789473684
"56IBWSN","Jashore",2024,"56IBWSN::1155",16.84210526
"56IBWSN","Jashore",2024,"56IBWSN::1156",2.631578947
"56IBWSN","Jashore",2024,"56IBWSN::1157",5.789473684
"56IBWSN","Jashore",2024,"56IBWSN::1158",3.157894737
"56IBWSN","Jashore",2024,"56IBWSN::1159",6.315789474
"56IBWSN","Jashore",2024,"56IBWSN::1160",5.238095238
"56IBWSN","Jashore",2024,"56IBWSN::1161",5.238095238
"56IBWSN","Jashore",2024,"56IBWSN::1162",6.19047619
"56IBWSN","Jashore",2024,"56IBWSN::1163",10
"56IBWSN","Jashore",2024,"56IBWSN::1164",-0.501253133
"56IBWSN","Jashore",2024,"56IBWSN::1165",10.263157895
"56IBWSN","Jashore",2024,"56IBWSN::1166",0
"56IBWSN","Jashore",2024,"56IBWSN::1167",10.25641026
"56IBWSN","Jashore",2024,"56IBWSN::1168",9.5
"56IBWSN","Jashore",2024,"56IBWSN::1169",20
"56IBWSN","Jashore",2024,"56IBWSN::1170",3.333333333
"56IBWSN","Jashore",2024,"56IBWSN::1171",10
"56IBWSN","Jashore",2024,"56IBWSN::1172",46.96969697
"56IBWSN","Jashore",2024,"56IBWSN::1173",31.70731707
"56IBWSN","Jashore",2024,"56IBWSN::1174",10
"56IBWSN","Jashore",2024,"56IBWSN::1175",-32.73947778
"56IBWSN","Jashore",2024,"56IBWSN::1176",6.315789474
"56IBWSN","Jashore",2024,"56IBWSN::1177",10
"56IBWSN","Jashore",2024,"56IBWSN::1178",6.842105263
"56IBWSN","Jashore",2024,"56IBWSN::1179",20
"56IBWSN","Jashore",2024,"56IBWSN::1180",10
"56IBWSN","Jashore",2024,"56IBWSN::1181",18.46153846
"56IBWSN","Jashore",2024,"56IBWSN::1182",37.94871795
"56IBWSN","Jashore",2024,"56IBWSN::1183",10
"56IBWSN","Jashore",2024,"56IBWSN::1184",10.52631579
"56IBWSN","Jashore",2024,"56IBWSN::1185",4.761904762
"56IBWSN","Jashore",2024,"56IBWSN::1186",6.19047619
"56IBWSN","Jashore",2024,"56IBWSN::1187",10
"56IBWSN","Jashore",2024,"56IBWSN::1188",6.5
"56IBWSN","Jashore",2024,"56IBWSN::1189",0
"56IBWSN","Jashore",2024,"56IBWSN::1190",10
"56IBWSN","Jashore",2024,"56IBWSN::1191",10
"56IBWSN","Jashore",2024,"56IBWSN::1192",5.238095238
"56IBWSN","Jashore",2024,"56IBWSN::1193",2.631578947
"56IBWSN","Jashore",2024,"56IBWSN::1194",12.63157895
"56IBWSN","Jashore",2024,"56IBWSN::1195",18.42105263
"56IBWSN","Jashore",2024,"56IBWSN::1196",16
"56IBWSN","Jashore",2024,"56IBWSN::1197",20.33898305
"56IBWSN","Jashore",2024,"56IBWSN::1198",10
"56IBWSN","Jashore",2024,"56IBWSN::1199",0
"56IBWSN","Jashore",2024,"56IBWSN::1200",9.07342836000001
"56IBWSN","Jashore",2024,"56IBWSN::1201",6.666666667
"56IBWSN","Jashore",2024,"56IBWSN::1202",76.88442211
"56IBWSN","Jashore",2024,"56IBWSN::1203",33.5
"56IBWSN","Jashore",2024,"56IBWSN::1204",20
"56IBWSN","Jashore",2024,"56IBWSN::1205",5.238095238
"56IBWSN","Jashore",2024,"56IBWSN::1206",10
"56IBWSN","Jashore",2024,"56IBWSN::1207",1.904761905
"56IBWSN","Jashore",2024,"56IBWSN::1208",10
"56IBWSN","Jashore",2024,"56IBWSN::1209",10
"56IBWSN","Jashore",2024,"56IBWSN::1210",10.86206897
"56IBWSN","Jashore",2024,"56IBWSN::1211",10
"56IBWSN","Jashore",2024,"56IBWSN::1212",10
"56IBWSN","Jashore",2024,"56IBWSN::1213",5.238095238
"56IBWSN","Jashore",2024,"56IBWSN::1214",8.88461538
"56IBWSN","Jashore",2024,"56IBWSN::1215",7.87341772
"56IBWSN","Jashore",2024,"56IBWSN::1216",4.210526316
"56IBWSN","Jashore",2024,"56IBWSN::1217",0
"56IBWSN","Jashore",2024,"56IBWSN::1218",10
"56IBWSN","Jashore",2024,"56IBWSN::1219",2.380952381
"56IBWSN","Jashore",2024,"56IBWSN::1220",0
"56IBWSN","Jashore",2024,"56IBWSN::1221",0
"56IBWSN","Jashore",2024,"56IBWSN::1222",23.79310345
"56IBWSN","Jashore",2024,"56IBWSN::1223",48.48484848
"56IBWSN","Jashore",2024,"56IBWSN::1224",10
"56IBWSN","Jashore",2024,"56IBWSN::1225",-4.04606287
"56IBWSN","Jashore",2024,"56IBWSN::1226",10
"56IBWSN","Jashore",2024,"56IBWSN::1227",10
"56IBWSN","Jashore",2024,"56IBWSN::1228",10
"56IBWSN","Jashore",2024,"56IBWSN::1229",7.142857143
"56IBWSN","Jashore",2024,"56IBWSN::1230",4.210526316
"56IBWSN","Jashore",2024,"56IBWSN::1231",5.789473684
"56IBWSN","Okinawa",2024,"56IBWSN::1001",0
"56IBWSN","Okinawa",2024,"56IBWSN::1002",0
"56IBWSN","Okinawa",2024,"56IBWSN::1003",0
"56IBWSN","Okinawa",2024,"56IBWSN::1004",0
"56IBWSN","Okinawa",2024,"56IBWSN::1005",0
"56IBWSN","Okinawa",2024,"56IBWSN::1006",0
"56IBWSN","Okinawa",2024,"56IBWSN::1007",0
"56IBWSN","Okinawa",2024,"56IBWSN::1008",0
"56IBWSN","Okinawa",2024,"56IBWSN::1009",0
"56IBWSN","Okinawa",2024,"56IBWSN::1010",0
"56IBWSN","Okinawa",2024,"56IBWSN::1011",0
"56IBWSN","Okinawa",2024,"56IBWSN::1012",0
"56IBWSN","Okinawa",2024,"56IBWSN::1013",0
"56IBWSN","Okinawa",2024,"56IBWSN::1014",0
"56IBWSN","Okinawa",2024,"56IBWSN::1015",0
"56IBWSN","Okinawa",2024,"56IBWSN::1016",0
"56IBWSN","Okinawa",2024,"56IBWSN::1017",0
"56IBWSN","Okinawa",2024,"56IBWSN::1018",0
"56IBWSN","Okinawa",2024,"56IBWSN::1019",0
"56IBWSN","Okinawa",2024,"56IBWSN::1020",0
"56IBWSN","Okinawa",2024,"56IBWSN::1021",0
"56IBWSN","Okinawa",2024,"56IBWSN::1022",0
"56IBWSN","Okinawa",2024,"56IBWSN::1023",0
"56IBWSN","Okinawa",2024,"56IBWSN::1024",0
"56IBWSN","Okinawa",2024,"56IBWSN::1025",-1.27374784
"56IBWSN","Okinawa",2024,"56IBWSN::1026",0
"56IBWSN","Okinawa",2024,"56IBWSN::1027",0
"56IBWSN","Okinawa",2024,"56IBWSN::1028",0
"56IBWSN","Okinawa",2024,"56IBWSN::1029",0
"56IBWSN","Okinawa",2024,"56IBWSN::1030",0
"56IBWSN","Okinawa",2024,"56IBWSN::1031",0
"56IBWSN","Okinawa",2024,"56IBWSN::1032",0
"56IBWSN","Okinawa",2024,"56IBWSN::1033",0
"56IBWSN","Okinawa",2024,"56IBWSN::1034",0
"56IBWSN","Okinawa",2024,"56IBWSN::1035",0
"56IBWSN","Okinawa",2024,"56IBWSN::1036",0
"56IBWSN","Okinawa",2024,"56IBWSN::1037",0
"56IBWSN","Okinawa",2024,"56IBWSN::1038",0
"56IBWSN","Okinawa",2024,"56IBWSN::1039",0
"56IBWSN","Okinawa",2024,"56IBWSN::1040",0
"56IBWSN","Okinawa",2024,"56IBWSN::1041",0
"56IBWSN","Okinawa",2024,"56IBWSN::1042",0
"56IBWSN","Okinawa",2024,"56IBWSN::1043",0
"56IBWSN","Okinawa",2024,"56IBWSN::1044",0
"56IBWSN","Okinawa",2024,"56IBWSN::1045",0
"56IBWSN","Okinawa",2024,"56IBWSN::1046",0
"56IBWSN","Okinawa",2024,"56IBWSN::1047",0
"56IBWSN","Okinawa",2024,"56IBWSN::1048",0
"56IBWSN","Okinawa",2024,"56IBWSN::1049",0
"56IBWSN","Okinawa",2024,"56IBWSN::1050",1.01570964
"56IBWSN","Okinawa",2024,"56IBWSN::1051",0
"56IBWSN","Okinawa",2024,"56IBWSN::1052",0
"56IBWSN","Okinawa",2024,"56IBWSN::1053",0
"56IBWSN","Okinawa",2024,"56IBWSN::1054",20.2020202
"56IBWSN","Okinawa",2024,"56IBWSN::1055",33.49753695
"56IBWSN","Okinawa",2024,"56IBWSN::1056",0
"56IBWSN","Okinawa",2024,"56IBWSN::1057",0
"56IBWSN","Okinawa",2024,"56IBWSN::1058",0
"56IBWSN","Okinawa",2024,"56IBWSN::1059",0
"56IBWSN","Okinawa",2024,"56IBWSN::1060",0
"56IBWSN","Okinawa",2024,"56IBWSN::1061",0
"56IBWSN","Okinawa",2024,"56IBWSN::1062",0
"56IBWSN","Okinawa",2024,"56IBWSN::1063",0
"56IBWSN","Okinawa",2024,"56IBWSN::1064",0
"56IBWSN","Okinawa",2024,"56IBWSN::1065",0
"56IBWSN","Okinawa",2024,"56IBWSN::1066",0
"56IBWSN","Okinawa",2024,"56IBWSN::1067",0
"56IBWSN","Okinawa",2024,"56IBWSN::1068",0
"56IBWSN","Okinawa",2024,"56IBWSN::1069",0
"56IBWSN","Okinawa",2024,"56IBWSN::1070",0
"56IBWSN","Okinawa",2024,"56IBWSN::1071",0
"56IBWSN","Okinawa",2024,"56IBWSN::1072",0
"56IBWSN","Okinawa",2024,"56IBWSN::1073",0
"56IBWSN","Okinawa",2024,"56IBWSN::1074",0
"56IBWSN","Okinawa",2024,"56IBWSN::1075",-0.179291800000001
"56IBWSN","Okinawa",2024,"56IBWSN::1076",0
"56IBWSN","Okinawa",2024,"56IBWSN::1077",0
"56IBWSN","Okinawa",2024,"56IBWSN::1078",0
"56IBWSN","Okinawa",2024,"56IBWSN::1079",0
"56IBWSN","Okinawa",2024,"56IBWSN::1080",0
"56IBWSN","Okinawa",2024,"56IBWSN::1081",0
"56IBWSN","Okinawa",2024,"56IBWSN::1082",0
"56IBWSN","Okinawa",2024,"56IBWSN::1083",0
"56IBWSN","Okinawa",2024,"56IBWSN::1084",0
"56IBWSN","Okinawa",2024,"56IBWSN::1085",0
"56IBWSN","Okinawa",2024,"56IBWSN::1086",0
"56IBWSN","Okinawa",2024,"56IBWSN::1087",0
"56IBWSN","Okinawa",2024,"56IBWSN::1088",0
"56IBWSN","Okinawa",2024,"56IBWSN::1089",0
"56IBWSN","Okinawa",2024,"56IBWSN::1090",0
"56IBWSN","Okinawa",2024,"56IBWSN::1091",0
"56IBWSN","Okinawa",2024,"56IBWSN::1092",0
"56IBWSN","Okinawa",2024,"56IBWSN::1093",0
"56IBWSN","Okinawa",2024,"56IBWSN::1094",0
"56IBWSN","Okinawa",2024,"56IBWSN::1095",0
"56IBWSN","Okinawa",2024,"56IBWSN::1096",0
"56IBWSN","Okinawa",2024,"56IBWSN::1097",0
"56IBWSN","Okinawa",2024,"56IBWSN::1098",3.529411765
"56IBWSN","Okinawa",2024,"56IBWSN::1099",0
"56IBWSN","Okinawa",2024,"56IBWSN::1101",0
"56IBWSN","Okinawa",2024,"56IBWSN::1102",0
"56IBWSN","Okinawa",2024,"56IBWSN::1103",0
"56IBWSN","Okinawa",2024,"56IBWSN::1104",0
"56IBWSN","Okinawa",2024,"56IBWSN::1105",0
"56IBWSN","Okinawa",2024,"56IBWSN::1106",0
"56IBWSN","Okinawa",2024,"56IBWSN::1107",0
"56IBWSN","Okinawa",2024,"56IBWSN::1108",0
"56IBWSN","Okinawa",2024,"56IBWSN::1109",0
"56IBWSN","Okinawa",2024,"56IBWSN::1110",0
"56IBWSN","Okinawa",2024,"56IBWSN::1111",0
"56IBWSN","Okinawa",2024,"56IBWSN::1112",0
"56IBWSN","Okinawa",2024,"56IBWSN::1113",0
"56IBWSN","Okinawa",2024,"56IBWSN::1114",0
"56IBWSN","Okinawa",2024,"56IBWSN::1115",0
"56IBWSN","Okinawa",2024,"56IBWSN::1116",0
"56IBWSN","Okinawa",2024,"56IBWSN::1117",0
"56IBWSN","Okinawa",2024,"56IBWSN::1118",0
"56IBWSN","Okinawa",2024,"56IBWSN::1119",0
"56IBWSN","Okinawa",2024,"56IBWSN::1120",0
"56IBWSN","Okinawa",2024,"56IBWSN::1121",0
"56IBWSN","Okinawa",2024,"56IBWSN::1122",0
"56IBWSN","Okinawa",2024,"56IBWSN::1123",0
"56IBWSN","Okinawa",2024,"56IBWSN::1124",0
"56IBWSN","Okinawa",2024,"56IBWSN::1126",0
"56IBWSN","Okinawa",2024,"56IBWSN::1127",0
"56IBWSN","Okinawa",2024,"56IBWSN::1128",0
"56IBWSN","Okinawa",2024,"56IBWSN::1129",0
"56IBWSN","Okinawa",2024,"56IBWSN::1130",0
"56IBWSN","Okinawa",2024,"56IBWSN::1131",0
"56IBWSN","Okinawa",2024,"56IBWSN::1132",0
"56IBWSN","Okinawa",2024,"56IBWSN::1133",0
"56IBWSN","Okinawa",2024,"56IBWSN::1134",0
"56IBWSN","Okinawa",2024,"56IBWSN::1135",0
"56IBWSN","Okinawa",2024,"56IBWSN::1136",0
"56IBWSN","Okinawa",2024,"56IBWSN::1137",0
"56IBWSN","Okinawa",2024,"56IBWSN::1138",0
"56IBWSN","Okinawa",2024,"56IBWSN::1139",0
"56IBWSN","Okinawa",2024,"56IBWSN::1140",0
"56IBWSN","Okinawa",2024,"56IBWSN::1141",0
"56IBWSN","Okinawa",2024,"56IBWSN::1142",0
"56IBWSN","Okinawa",2024,"56IBWSN::1143",0
"56IBWSN","Okinawa",2024,"56IBWSN::1144",0
"56IBWSN","Okinawa",2024,"56IBWSN::1145",0
"56IBWSN","Okinawa",2024,"56IBWSN::1146",0
"56IBWSN","Okinawa",2024,"56IBWSN::1147",0
"56IBWSN","Okinawa",2024,"56IBWSN::1148",0
"56IBWSN","Okinawa",2024,"56IBWSN::1149",0
"56IBWSN","Okinawa",2024,"56IBWSN::1150",11.67832168
"56IBWSN","Okinawa",2024,"56IBWSN::1151",0
"56IBWSN","Okinawa",2024,"56IBWSN::1152",0
"56IBWSN","Okinawa",2024,"56IBWSN::1153",0
"56IBWSN","Okinawa",2024,"56IBWSN::1154",0
"56IBWSN","Okinawa",2024,"56IBWSN::1155",4.395604396
"56IBWSN","Okinawa",2024,"56IBWSN::1156",0
"56IBWSN","Okinawa",2024,"56IBWSN::1157",0
"56IBWSN","Okinawa",2024,"56IBWSN::1158",0
"56IBWSN","Okinawa",2024,"56IBWSN::1159",0
"56IBWSN","Okinawa",2024,"56IBWSN::1160",18.06451613
"56IBWSN","Okinawa",2024,"56IBWSN::1161",0
"56IBWSN","Okinawa",2024,"56IBWSN::1162",0
"56IBWSN","Okinawa",2024,"56IBWSN::1163",0
"56IBWSN","Okinawa",2024,"56IBWSN::1164",0
"56IBWSN","Okinawa",2024,"56IBWSN::1165",0
"56IBWSN","Okinawa",2024,"56IBWSN::1166",0
"56IBWSN","Okinawa",2024,"56IBWSN::1167",0
"56IBWSN","Okinawa",2024,"56IBWSN::1168",0
"56IBWSN","Okinawa",2024,"56IBWSN::1169",0
"56IBWSN","Okinawa",2024,"56IBWSN::1170",0
"56IBWSN","Okinawa",2024,"56IBWSN::1171",0
"56IBWSN","Okinawa",2024,"56IBWSN::1172",0
"56IBWSN","Okinawa",2024,"56IBWSN::1173",0
"56IBWSN","Okinawa",2024,"56IBWSN::1174",0
"56IBWSN","Okinawa",2024,"56IBWSN::1175",9.48785526
"56IBWSN","Okinawa",2024,"56IBWSN::1176",0
"56IBWSN","Okinawa",2024,"56IBWSN::1177",0
"56IBWSN","Okinawa",2024,"56IBWSN::1178",0
"56IBWSN","Okinawa",2024,"56IBWSN::1179",0
"56IBWSN","Okinawa",2024,"56IBWSN::1180",0
"56IBWSN","Okinawa",2024,"56IBWSN::1181",0
"56IBWSN","Okinawa",2024,"56IBWSN::1182",0
"56IBWSN","Okinawa",2024,"56IBWSN::1183",0
"56IBWSN","Okinawa",2024,"56IBWSN::1184",0
"56IBWSN","Okinawa",2024,"56IBWSN::1185",0
"56IBWSN","Okinawa",2024,"56IBWSN::1186",0
"56IBWSN","Okinawa",2024,"56IBWSN::1187",0
"56IBWSN","Okinawa",2024,"56IBWSN::1188",0
"56IBWSN","Okinawa",2024,"56IBWSN::1189",0
"56IBWSN","Okinawa",2024,"56IBWSN::1190",0
"56IBWSN","Okinawa",2024,"56IBWSN::1191",0
"56IBWSN","Okinawa",2024,"56IBWSN::1192",0
"56IBWSN","Okinawa",2024,"56IBWSN::1193",0
"56IBWSN","Okinawa",2024,"56IBWSN::1194",0
"56IBWSN","Okinawa",2024,"56IBWSN::1195",0
"56IBWSN","Okinawa",2024,"56IBWSN::1196",0
"56IBWSN","Okinawa",2024,"56IBWSN::1197",0
"56IBWSN","Okinawa",2024,"56IBWSN::1198",0
"56IBWSN","Okinawa",2024,"56IBWSN::1199",0
"56IBWSN","Okinawa",2024,"56IBWSN::1201",0
"56IBWSN","Okinawa",2024,"56IBWSN::1202",0
"56IBWSN","Okinawa",2024,"56IBWSN::1203",12.29050279
"56IBWSN","Okinawa",2024,"56IBWSN::1204",0
"56IBWSN","Okinawa",2024,"56IBWSN::1205",0
"56IBWSN","Okinawa",2024,"56IBWSN::1206",0
"56IBWSN","Okinawa",2024,"56IBWSN::1207",0
"56IBWSN","Okinawa",2024,"56IBWSN::1208",0
"56IBWSN","Okinawa",2024,"56IBWSN::1209",0
"56IBWSN","Okinawa",2024,"56IBWSN::1210",0
"56IBWSN","Okinawa",2024,"56IBWSN::1211",0
"56IBWSN","Okinawa",2024,"56IBWSN::1212",7.650273224
"56IBWSN","Okinawa",2024,"56IBWSN::1213",0
"56IBWSN","Okinawa",2024,"56IBWSN::1214",0
"56IBWSN","Okinawa",2024,"56IBWSN::1215",0
"56IBWSN","Okinawa",2024,"56IBWSN::1216",0
"56IBWSN","Okinawa",2024,"56IBWSN::1217",0
"56IBWSN","Okinawa",2024,"56IBWSN::1218",0
"56IBWSN","Okinawa",2024,"56IBWSN::1219",0
"56IBWSN","Okinawa",2024,"56IBWSN::1220",0
"56IBWSN","Okinawa",2024,"56IBWSN::1221",0
"56IBWSN","Okinawa",2024,"56IBWSN::1222",0
"56IBWSN","Okinawa",2024,"56IBWSN::1223",0
"56IBWSN","Okinawa",2024,"56IBWSN::1224",0
"56IBWSN","Okinawa",2024,"56IBWSN::1226",0
"56IBWSN","Okinawa",2024,"56IBWSN::1227",0
"56IBWSN","Okinawa",2024,"56IBWSN::1228",0
"56IBWSN","Okinawa",2024,"56IBWSN::1229",0
"56IBWSN","Okinawa",2024,"56IBWSN::1230",0
"56IBWSN","Okinawa",2024,"56IBWSN::1231",0
