"nursery","material_id","Entry","GID","n_env","intercept","environment_slope","residual_mse","r_squared"
"15HLBSN","15HLBSN::1","1","9086910",5,-3.73341184061847,1.90524902149023,1.11945706663708,0.177199056054661
"15HLBSN","15HLBSN::2","2","9084889",5,0,0,0,
"15HLBSN","15HLBSN::3","3","9082278",5,0,0,0,
"15HLBSN","15HLBSN::4","4","9086267",5,-6.81750359286889,3.42012142813485,3.07048333948384,0.20192518232758
"15HLBSN","15HLBSN::5","5","8935740",5,0,0,0,
"15HLBSN","15HLBSN::6","6","9082871",5,-6.47673561514549,3.45276526558045,5.52491371497714,0.125347258671035
"15HLBSN","15HLBSN::7","7","9088713",5,0,0,0,
"15HLBSN","15HLBSN::8","8","9087410",5,-15.680329730284,8.00204589009891,19.7472226546881,0.177199056054661
"15HLBSN","15HLBSN::9","9","9087739",5,-8.12425729299975,4.20009742359009,6.15521159434218,0.159908918515582
"15HLBSN","15HLBSN::10","10","9079915",5,-4.14767798011455,2.77072078167731,14.601245061263,0.0337411356460298
"15HLBSN","15HLBSN::11","11","9083211",5,-3.93573476283665,2.12406655402844,2.32837884799942,0.114019080699691
"15HLBSN","15HLBSN::12","12","9083554",5,0,0,0,
"15HLBSN","15HLBSN::13","13","9087058",5,-0.852634624406049,1.27605646565802,15.0755274955191,0.00712251708658037
"15HLBSN","15HLBSN::14","14","9082028",5,-5.89638047449974,3.05578215983763,3.33447195979823,0.156822170870096
"15HLBSN","15HLBSN::15","15","9086526",5,-7.41384755380391,3.36299471261279,2.18763196552798,0.25559745627376
"15HLBSN","15HLBSN::16","16","9083043",5,-9.73067491371893,4.41393056001003,3.76853787761409,0.255597456273761
"15HLBSN","15HLBSN::17","17","8935464",5,-8.39654967754539,4.69805108478001,15.2653962166516,0.0876145638602315
"15HLBSN","15HLBSN::18","18","9084782",5,-3.85865629171962,2.13145027916162,2.84282138219279,0.0959537712633854
"15HLBSN","15HLBSN::19","19","9083225",5,0,0,0,
"15HLBSN","15HLBSN::20","20","9080989",5,-9.58923759957729,4.5837976537204,3.85660453493835,0.26569924196129
"15HLBSN","15HLBSN::21","21","9081586",5,0.385392355747045,0.0369186256814198,0.906938954934953,0.0000998022242102371
"15HLBSN","15HLBSN::22","22","9086931",5,0,0,0,
"15HLBSN","15HLBSN::23","23","9082838",5,0,0,0,
"15HLBSN","15HLBSN::24","24","9086010",5,-5.76632587421976,2.61566255381845,1.32338229969308,0.255597456273761
"15HLBSN","15HLBSN::25","25","9083322",5,-3.42509795598846,1.93478392203846,2.78085877446777,0.0820668267996851
"15HLBSN","15HLBSN::26","26","9087200",5,0,0,0,
"15HLBSN","15HLBSN::27","27","9084399",5,-7.41384755380391,3.36299471261279,2.18763196552798,0.25559745627376
"15HLBSN","15HLBSN::28","28","9079518",5,0,0,0,
"15HLBSN","15HLBSN::29","29","9088606",5,-4.11880419636552,1.86833039580881,0.675195051025864,0.255597456273761
"15HLBSN","15HLBSN::30","30","9080408",5,-6.57560466436074,3.87205238345028,14.8047978177136,0.0630203344568124
"15HLBSN","15HLBSN::31","31","9087481",5,0,0,0,
"15HLBSN","15HLBSN::32","32","9087991",5,0,0,0,
"15HLBSN","15HLBSN::33","33","9085393",5,-17.2989776243892,7.84698766224005,11.9104406996198,0.255597456273761
"15HLBSN","15HLBSN::34","34","9082196",5,0,0,0,
"15HLBSN","15HLBSN::35","35","9085044",5,-6.37330754528132,2.8909954542617,1.61665261546073,0.25559745627376
"15HLBSN","15HLBSN::36","36","9086404",5,0,0,0,
"15HLBSN","15HLBSN::37","37","9086675",5,0,0,0,
"15HLBSN","15HLBSN::38","38","9081904",5,0,0,0,
"15HLBSN","15HLBSN::39","39","9082756",5,-3.27094101375439,1.94955137230483,4.04689032610247,0.0587138007050916
"15HLBSN","15HLBSN::40","40","9085537",5,0,0,0,
"15HLBSN","15HLBSN::41","41","9086752",5,-10.0151975716506,4.54299285692115,3.99214217326645,0.25559745627376
"15HLBSN","15HLBSN::42","42","9083556",5,0,0,0,
"15HLBSN","15HLBSN::43","43","9086384",5,-4.55236253209667,2.06499675293197,0.824822762900617,0.255597456273761
"15HLBSN","15HLBSN::44","44","9086096",5,0,0,0,
"15HLBSN","15HLBSN::45","45","9085657",5,0,0,0,
"15HLBSN","15HLBSN::46","46","9084822",5,0,0,0,
"15HLBSN","15HLBSN::47","47","9082789",5,-4.11880419636552,1.86833039580881,0.675195051025864,0.255597456273761
"15HLBSN","15HLBSN::48","48","9086411",5,0,0,0,
"15HLBSN","15HLBSN::49","49","6387",5,-107.638068320428,55.0690802291207,295.141757958899,0.405620212873788
"15HLBSN","15HLBSN::50","50","911521",5,-15.680329730284,8.00204589009891,19.7472226546881,0.177199056054661
"15HLBSN","15HLBSN::51","51","304660",3,61.1633966564568,-6.94479945377569,1.12527801698795,0.774652747882352
"15HLBSN","15HLBSN::52","52","304660",3,119.298201781297,-31.208464184735,80.0510207830234,0.493882990141482
"15HZAN","15HZAN::1","1","9294009",6,-2.85057455794297,0.643595918852743,0.919883844792984,0.876446044638943
"15HZAN","15HZAN::2","2","9294011",6,-3.46661134448734,0.666234476072104,3.82070206205525,0.646661473319975
"15HZAN","15HZAN::3","3","9294013",6,-3.4664443878337,0.759829640660302,0.322366215436573,0.96576932186423
"15HZAN","15HZAN::4","4","9294016",6,-4.65940570607991,1.04138555878975,1.65791198184508,0.911541447569031
"15HZAN","15HZAN::5","5","9294018",6,-6.18931696848888,1.46602279148247,15.2484032066217,0.689479971643157
"15HZAN","15HZAN::6","6","9294021",6,-3.10170488704882,0.596104531198565,3.05867838184386,0.646661473319975
"15HZAN","15HZAN::7","7","9294032",6,-3.92882619031422,0.75506573952825,4.90747953722257,0.646661473319975
"15HZAN","15HZAN::8","8","9294036",6,-16.0448926769073,3.12392312568945,63.6000821390475,0.707365315108171
"15HZAN","15HZAN::9","9","9294112",6,-2.06780325816351,0.397403020824212,1.35941261432502,0.646661473319975
"15HZAN","15HZAN::10","10","9294113",6,-2.39193899712245,0.500552928631957,0.075352458649114,0.981266902074761
"15HZAN","15HZAN::11","11","9294129",6,-2.43213049857886,0.467421648243437,1.88064408540367,0.646661473319975
"15HZAN","15HZAN::12","12","9294140",6,-1.04369506633088,0.328257197358244,7.94758638130555,0.175994243920321
"15HZAN","15HZAN::13","13","9294142",6,-4.97252125664509,1.08332293688649,0.416282442566692,0.977979508343544
"15HZAN","15HZAN::14","14","9294144",6,-1.87086961447276,0.359555114068262,1.11280715134215,0.646661473319975
"15HZAN","15HZAN::15","15","9294146",6,-6.17386972595285,1.18653187607794,12.1184698710212,0.646661473319975
"15HZAN","15HZAN::16","16","9294147",6,-2.80630442170914,0.539332671102393,2.50381609051983,0.646661473319975
"15HZAN","15HZAN::17","17","9294168",6,-4.53650378011083,1.01484726632038,1.63371539026184,0.908518391866603
"15HZAN","15HZAN::18","18","9294175",6,-3.92882619031422,0.75506573952825,4.90747953722257,0.646661473319975
"15HZAN","15HZAN::19","19","9294191",6,0,0,0,
"15HZAN","15HZAN::20","20","9294197",6,-4.97252125664509,1.08332293688649,0.416282442566692,0.977979508343544
"15HZAN","15HZAN::21","21","9294200",6,-4.97252125664509,1.08332293688649,0.416282442566692,0.977979508343544
"15HZAN","15HZAN::22","22","9294204",6,-2.73085659443992,0.605942887387239,0.407949597050376,0.9341175565401
"15HZAN","15HZAN::23","23","9294220",6,-3.92882619031422,0.75506573952825,4.90747953722257,0.646661473319975
"15HZAN","15HZAN::24","24","9294222",6,-3.92882619031422,0.75506573952825,4.90747953722257,0.646661473319975
"15HZAN","15HZAN::25","25","9268365",6,-1.38664453787351,0.266493790443943,0.611312329998122,0.646661473319975
"15HZAN","15HZAN::26","26","9268369",6,-4.66555211949632,0.98677670237168,0.0872048306806388,0.994347170975623
"15HZAN","15HZAN::27","27","9294242",6,-14.291346730237,3.05301449227605,0.386172364480691,0.997376942429942
"15HZAN","15HZAN::28","28","9294243",6,-20.6263374991497,3.96409513252331,135.262404744697,0.646661473319975
"15HZAN","15HZAN::29","29","9294248",6,-3.92882619031422,0.75506573952825,4.90747953722257,0.646661473319975
"15HZAN","15HZAN::30","30","9294249",6,-22.4641611876701,4.39793518957407,110.731657357253,0.733454044613509
"15HZAN","15HZAN::31","31","9294250",6,-6.38434255926061,1.22698182673341,12.9588131529784,0.646661473319975
"15HZAN","15HZAN::32","32","9294274",6,-40.0710332029217,7.79685029331103,401.927594988656,0.704376319599724
"15HZAN","15HZAN::33","33","9294282",6,-2.31107422952727,0.444156317356234,1.69808980516544,0.646661473319975
"15HZAN","15HZAN::34","34","9294285",6,-3.92882619031422,0.75506573952825,4.90747953722257,0.646661473319975
"15HZAN","15HZAN::35","35","9294287",6,-4.18618574467041,0.950439265211764,2.39825773847774,0.855777500548195
"15HZAN","15HZAN::36","36","9294293",6,-4.58800202174041,0.962386074720536,0.221634125420773,0.9850371060056
"15HZAN","15HZAN::37","37","9294312",6,-3.92882619031422,0.75506573952825,4.90747953722257,0.646661473319975
"15HZAN","15HZAN::38","38","9294335",6,-2.98176946639226,0.663177099695143,0.545160911913834,0.927054894416783
"15HZAN","15HZAN::39","39","9294344",6,-2.88288779291092,0.586305293787583,0.593385548101935,0.90124537956566
"15HZAN","15HZAN::40","40","9294359",6,0.682511959831416,0.400309828391533,14.615318661053,0.147286319226343
"15HZAN","15HZAN::41","41","9294373",6,-3.02538874679981,0.6540099498968,0.0715736709218517,0.989489561460458
"15HZAN","15HZAN::42","42","9294374",6,-3.92882619031422,0.75506573952825,4.90747953722257,0.646661473319975
"15HZAN","15HZAN::43","43","9294386",6,0,0,0,
"15HZAN","15HZAN::44","44","9294408",6,-2.76555865631249,0.642152289750475,1.96419670194208,0.767832905895001
"15HZAN","15HZAN::45","45","9294419",6,-1.45210968425556,0.319393236002304,0.0708714116232256,0.957762097879761
"15HZAN","15HZAN::46","46","9294518",6,-3.39911023323214,0.758088384814584,0.804030187255296,0.918434604387953
"15HZAN","15HZAN::47","47","9294520",6,13.0886008285686,-0.141740717896929,342.748134248457,0.000922546522210124
"15HZAN","15HZAN::48","48","9294575",6,-1.72070789098439,0.415811802766574,1.70296228483121,0.615299360970563
"15HZAN","15HZAN::49","49","9294602",6,-3.92882619031422,0.75506573952825,4.90747953722257,0.646661473319975
"15HZAN","15HZAN::50","50","6564550",6,-2.5048681592943,0.787817273691298,45.7780975599822,0.175994243920321
"15HZAN","15HZAN::51","51","9268735",6,-2.80630442170914,0.539332671102393,2.50381609051983,0.646661473319975
"15HZAN","15HZAN::52","52","9294703",6,-3.92882619031422,0.75506573952825,4.90747953722257,0.646661473319975
"15HZAN","15HZAN::53","53","9294715",6,-6.8990762508748,1.40654239200126,3.07200940004115,0.910274797716275
"15HZAN","15HZAN::54","54","9294738",6,-3.68134982385471,0.788140134806169,0.0309287358241746,0.996849279926608
"15HZAN","15HZAN::55","55","9294753",6,-4.22417341077741,0.939500891244087,1.09410766336059,0.927054894426351
"15HZAN","15HZAN::56","56","9294759",6,-5.18126026996137,1.1489743763739,1.42546375546734,0.93585413100397
"15HZAN","15HZAN::57","57","9294767",6,-4.04103044678418,0.891536008832802,0.658140354902819,0.95006346548476
"15HZAN","15HZAN::58","58","9294795",6,90.6088218607923,-0.634081537545179,224.7137326106,0.0274134578401175
"15HZAN","15HZAN::59","59","9294801",6,61.2784146192522,2.91375127533642,175.215058802315,0.432889003660028
"15HZAN","15HZAN::60","60","9294807",6,73.0171423167549,1.98793996895012,133.812765603013,0.317521391445351
"15HZAN","15HZAN::61","61","9294809",6,69.6581127464302,2.28296567494648,182.619174370553,0.310155041237157
"15HZAN","15HZAN::62","62","9294822",6,-3.36756530581524,0.647199205277568,3.60549516984379,0.646661473319975
"15HZAN","15HZAN::63","63","9294832",6,-4.47846515812762,0.950821190979955,0.0490642676034743,0.996566800269929
"15HZAN","15HZAN::64","64","9294844",6,-3.10170488704882,0.596104531198565,3.05867838184386,0.646661473319975
"15HZAN","15HZAN::65","65","9294846",6,-5.03391508415,1.10263218381309,0.647099758635667,0.967318320928671
"15HZAN","15HZAN::66","66","9294856",6,-1.25243407964715,0.393908636845649,11.4445243899955,0.175994243920321
"15HZAN","15HZAN::67","67","9294884",6,-2.48136390979621,0.476883624989055,1.95755416462803,0.646661473319975
"15HZAN","15HZAN::68","68","9294885",6,-1.25243407964715,0.393908636845649,11.4445243899955,0.175994243920321
"15HZAN","15HZAN::69","69","9294923",6,0,0,0,
"15HZAN","15HZAN::70","70","9294926",6,-5.18126026996137,1.1489743763739,1.42546375546734,0.93585413100397
"15HZAN","15HZAN::71","71","9294933",6,-2.80630442170914,0.539332671102393,2.50381609051983,0.646661473319975
"15HZAN","15HZAN::72","72","9294936",6,-5.18126026996137,1.1489743763739,1.42546375546734,0.93585413100397
"15HZAN","15HZAN::73","73","9294958",6,-1.87086961447276,0.359555114068262,1.11280715134215,0.646661473319975
"15HZAN","15HZAN::74","74","9294960",6,-32.1673354516959,6.27223687906943,247.796191440926,0.714372748088864
"15HZAN","15HZAN::75","75","9294963",6,-7.85765238062844,1.5101314790565,19.6299181488903,0.646661473319975
"15HZAN","15HZAN::76","76","9295034",6,-9.02659085492403,1.87777954009931,1.7364955194124,0.969686177354824
"15HZAN","15HZAN::77","77","9295051",6,-3.92882619031422,0.75506573952825,4.90747953722257,0.646661473319975
"15HZAN","15HZAN::78","78","9295083",6,-5.10758767705568,1.12580328009349,0.996681326652137,0.952455421722288
"15HZAN","15HZAN::79","79","9295087",6,-5.18126026996137,1.1489743763739,1.42546375546734,0.93585413100397
"15HZAN","15HZAN::80","80","9295141",6,-0.861048429757415,0.270812187831384,5.40932598120883,0.175994243920321
"15HZAN","15HZAN::81","81","9295153",6,-3.92882619031422,0.75506573952825,4.90747953722257,0.646661473319975
"15HZAN","15HZAN::82","82","9269292",6,7.82512275804623,0.444246201882888,178.080610596436,0.017158885940845
"15HZAN","15HZAN::83","83","9295175",6,-3.92882619031422,0.75506573952825,4.90747953722257,0.646661473319975
"15HZAN","15HZAN::84","84","9295234",6,-3.11149832449438,0.725660218182456,2.76027085006037,0.75033170055604
"15HZAN","15HZAN::85","85","9295251",6,0.565577009990109,0.490927537950418,21.7769859721928,0.148462204918472
"15HZAN","15HZAN::86","86","9295252",6,-3.92882619031422,0.75506573952825,4.90747953722257,0.646661473319975
"15HZAN","15HZAN::87","87","9295272",6,-2.93621673275121,0.717508239522186,5.9488095372043,0.576866934536573
"15HZAN","15HZAN::88","88","9295292",6,-4.65391960482041,0.98311810822007,0.101774704275977,0.993360120196839
"15HZAN","15HZAN::89","89","9295300",6,-7.04032451284419,1.48072595733317,0.394734844227329,0.988700843379854
"15HZAN","15HZAN::90","90","9295318",6,-4.80280766123656,1.05821655208502,0.861464041820843,0.953440665502529
"15HZAN","15HZAN::91","91","9295323",6,-5.18126026996137,1.1489743763739,1.42546375546734,0.93585413100397
"15HZAN","15HZAN::92","92","9295344",6,-6.42194222603812,1.38741618909495,0.300668791527702,0.990182181875766
"15HZAN","15HZAN::93","93","9295346",6,-4.35413896669596,0.990013168044214,2.71909211008802,0.850265588715935
"15HZAN","15HZAN::94","94","9295390",6,-5.18126026996137,1.1489743763739,1.42546375546734,0.93585413100397
"15HZAN","15HZAN::95","95","9295404",6,-4.71904542413449,1.06014311291775,2.09474982956655,0.894204964920779
"15HZAN","15HZAN::96","96","9295405",6,-5.18126026996137,1.1489743763739,1.42546375546734,0.93585413100397
"15HZAN","15HZAN::97","97","9295406",6,-2.18025614155477,0.453332845576703,2.11629586895526,0.604710895400907
"15HZAN","15HZAN::98","98","9295407",6,-1.25243407964715,0.393908636845649,11.4445243899955,0.175994243920321
"15HZAN","15HZAN::99","99","9295415",6,-8.51682821205463,1.71745181424879,7.08799896209001,0.867649950414996
"15HZAN","15HZAN::100","100","304660",6,82.422615248369,0.0223821872672056,269.129400006995,0.0000293228469136535
"15HZAN","15HZAN::101","101","9295419",6,-8.59437830981054,1.74184244189993,6.02932569452307,0.88798374191799
"15HZAN","15HZAN::102","102","9295421",6,-7.19604552830636,1.78265348775274,43.8520208658573,0.533062406780621
"15HZAN","15HZAN::103","103","9295511",6,-2.68814423541612,0.516623927033722,2.29740731787351,0.646661473319975
"15HZAN","15HZAN::104","104","9295565",6,-3.70795044859354,0.865824724050805,4.03242097687889,0.74546033066496
"15HZAN","15HZAN::105","105","9269749",6,9.87145884667799,-0.524999602703112,125.604489943817,0.0334139835301532
"15HZAN","15HZAN::106","106","9269767",6,0,0,0,
"15HZAN","15HZAN::107","107","9295644",6,-4.61999938546239,1.04110784212322,2.25584227040695,0.883304816271
"15HZAN","15HZAN::108","108","9295646",6,-5.18126026996137,1.1489743763739,1.42546375546734,0.93585413100397
"15HZAN","15HZAN::109","109","9295648",6,-2.80630442170914,0.539332671102393,2.50381609051983,0.646661473319975
"15HZAN","15HZAN::110","110","9269785",6,-3.92882619031422,0.75506573952825,4.90747953722257,0.646661473319975
"15HZAN","15HZAN::111","111","9269788",6,-4.68028663810251,0.991410921635639,0.0715842145705041,0.995398157634753
"15HZAN","15HZAN::112","112","9295660",6,-3.32023733781065,0.791311657669861,4.9478632293221,0.665961399858522
"15HZAN","15HZAN::113","113","9295665",6,-4.71159749009369,1.00125863755678,0.0489092697203484,0.996912686097653
"15HZAN","15HZAN::114","114","9269804",6,-3.2483399792685,0.678359248824208,0.166438264706695,0.977555994818271
"15HZAN","15HZAN::115","115","9269817",6,-2.24504353721016,0.431466136851712,1.60244229770835,0.646661473319975
"15HZAN","15HZAN::116","116","9269819",6,-5.18126026996137,1.1489743763739,1.42546375546734,0.93585413100397
"15HZAN","15HZAN::117","117","9269821",6,-3.92882619031422,0.75506573952825,4.90747953722257,0.646661473319975
"15HZAN","15HZAN::118","118","9269840",6,-4.78987462007163,1.02587792735963,0.0548091503527475,0.99670501546216
"15HZAN","15HZAN::119","119","9295730",6,4.04633624719154,-0.151728847567556,20.1479526639449,0.0176820429350794
"15HZAN","15HZAN::120","120","9295773",6,-2.68814423541612,0.516623927033722,2.29740731787351,0.646661473319975
"15HZAN","15HZAN::121","121","9295786",6,-5.18126026996137,1.1489743763739,1.42546375546734,0.93585413100397
"15HZAN","15HZAN::122","122","9295787",6,-3.92882619031422,0.75506573952825,4.90747953722257,0.646661473319975
"15HZAN","15HZAN::123","123","9295791",6,-3.92882619031422,0.75506573952825,4.90747953722257,0.646661473319975
"15HZAN","15HZAN::124","124","9295806",6,0,0,0,
"15HZAN","15HZAN::125","125","9295807",6,-1.25243407964715,0.393908636845649,11.4445243899955,0.175994243920321
"15HZAN","15HZAN::126","126","9295808",6,-1.6542426065308,0.31792241665937,0.870024073168012,0.646661473319975
"15HZAN","15HZAN::127","127","9295827",6,-4.58800202174041,0.962386074720536,0.221634125420773,0.9850371060056
"15HZAN","15HZAN::128","128","9295838",6,-5.18126026996137,1.1489743763739,1.42546375546734,0.93585413100397
"15HZAN","15HZAN::129","129","9295840",6,-2.5048681592943,0.787817273691298,45.7780975599822,0.175994243920321
"15HZAN","15HZAN::130","130","9295844",6,-4.66555211949632,0.98677670237168,0.0872048306806388,0.994347170975623
"15HZAN","15HZAN::131","131","9295863",6,-0.736725929182103,0.23171096284343,3.96004304128335,0.175994243920321
"15HZAN","15HZAN::132","132","9295873",6,-5.18126026996137,1.1489743763739,1.42546375546734,0.93585413100397
"15HZAN","15HZAN::133","133","9295888",6,-3.92882619031422,0.75506573952825,4.90747953722257,0.646661473319975
"15HZAN","15HZAN::134","134","9270040",6,-2.76359996913425,0.616241152422635,0.527187798182471,0.919013798968805
"15HZAN","15HZAN::135","135","9295927",6,-0.765376381992675,0.240721944734631,4.27403534302193,0.175994243920321
"15HZAN","15HZAN::136","136","9295932",6,-4.46558365305592,0.923883726759068,0.61244639224359,0.956437280810333
"15HZAN","15HZAN::137","137","9295933",6,-3.10170488704882,0.596104531198565,3.05867838184386,0.646661473319975
"15HZAN","15HZAN::138","138","9270086",6,-3.92882619031422,0.75506573952825,4.90747953722257,0.646661473319975
"15HZAN","15HZAN::139","139","9270103",6,-3.92882619031422,0.75506573952825,4.90747953722257,0.646661473319975
"15HZAN","15HZAN::140","140","9270104",6,-3.92882619031422,0.75506573952825,4.90747953722257,0.646661473319975
"15HZAN","15HZAN::141","141","9295984",6,-6.43369434960851,1.54288301321955,20.8324967537032,0.642871484222231
"15HZAN","15HZAN::142","142","9295985",6,-20.8965650312182,4.1692373344869,59.4988119618059,0.821503564114582
"15HZAN","15HZAN::143","143","9295986",6,-16.6246909381585,4.26749193697604,371.440050854161,0.435787264525325
"15HZAN","15HZAN::144","144","9295992",6,-16.9127298083227,4.28040522596296,139.680180393287,0.673882434748237
"15HZAN","15HZAN::145","145","9296001",6,-6.43369434960851,1.54288301321955,20.8324967537032,0.642871484222231
"15HZAN","15HZAN::146","146","9296007",6,-3.92882619031422,0.75506573952825,4.90747953722257,0.646661473319975
"15HZAN","15HZAN::147","147","9296016",6,-4.66555211949632,0.98677670237168,0.0872048306806388,0.994347170975623
"15HZAN","15HZAN::148","148","9296026",6,-5.18126026996137,1.1489743763739,1.42546375546734,0.93585413100397
"15HZAN","15HZAN::149","149","9296031",6,-6.43369434960851,1.54288301321955,20.8324967537032,0.642871484222231
"15HZAN","15HZAN::150","150","7304225",6,53.4042200326374,3.43384185757026,211.248605902444,0.46788962587366
"15HZAN","15HZAN::151","151","9296038",6,-5.18126026996137,1.1489743763739,1.42546375546734,0.93585413100397
"15HZAN","15HZAN::152","152","9296054",6,0,0,0,
"15HZAN","15HZAN::153","153","9296079",6,39.7048995045792,2.68306978833715,568.37638812916,0.166338447630422
"15HZAN","15HZAN::154","154","9296092",6,-3.02040586528855,0.733688219633362,5.72134591899527,0.597127720129428
"15HZAN","15HZAN::155","155","9296120",6,-5.18126026996137,1.1489743763739,1.42546375546734,0.93585413100397
"15HZAN","15HZAN::156","156","9296122",6,-5.18126026996137,1.1489743763739,1.42546375546734,0.93585413100397
"15HZAN","15HZAN::157","157","9296123",6,-3.92882619031422,0.75506573952825,4.90747953722257,0.646661473319975
"15HZAN","15HZAN::158","158","9296175",6,-2.68814423541612,0.516623927033722,2.29740731787351,0.646661473319975
"15HZAN","15HZAN::159","159","9296208",6,-0.656036898850864,0.206333095486827,3.14010759895489,0.175994243920321
"15HZAN","15HZAN::160","160","9296237",6,-3.92882619031422,0.75506573952825,4.90747953722257,0.646661473319975
"15HZAN","15HZAN::161","161","9296263",6,1.25918476454781,0.64569530723378,34.3253362451596,0.160612058054552
"15HZAN","15HZAN::162","162","9296288",6,-5.18126026996137,1.1489743763739,1.42546375546734,0.93585413100397
"15HZAN","15HZAN::163","163","9296290",6,0,0,0,
"15HZAN","15HZAN::164","164","9296319",6,-4.76769961832867,1.06949377220906,2.01790142820469,0.899290910287707
"15HZAN","15HZAN::165","165","9296325",6,3.33567414060843,4.81294080437206,362.725410259298,0.501507049389021
"15HZAN","15HZAN::166","166","9296332",6,70.390311590043,0.344413728401724,230.142541651706,0.00805428273837592
"15HZAN","15HZAN::167","167","9296336",6,75.3249956759757,-1.86320824412927,372.929058621693,0.127891594688638
"15HZAN","15HZAN::168","168","9296354",6,-1.25243407964715,0.393908636845649,11.4445243899955,0.175994243920321
"15HZAN","15HZAN::169","169","9296358",6,-5.18126026996137,1.1489743763739,1.42546375546734,0.93585413100397
"15HZAN","15HZAN::170","170","9296359",6,-5.18126026996137,1.1489743763739,1.42546375546734,0.93585413100397
"15HZAN","15HZAN::171","171","9296367",6,-2.63907861752066,0.660402427289592,6.78764607070144,0.50303539958528
"15HZAN","15HZAN::172","172","9296371",6,-3.43511529666299,0.81338960328379,4.66665625009029,0.690727963071195
"15HZAN","15HZAN::173","173","9296374",6,-3.52701766343056,0.831051959714529,4.44773250129271,0.709825644640383
"15HZAN","15HZAN::174","174","9270527",6,-1.68378265310406,0.323599602676537,0.901373792671268,0.646661473319975
"15HZAN","15HZAN::175","175","9296409",6,-4.82342196150865,1.03642905156648,0.0847081849696647,0.995019158723843
"15HZAN","15HZAN::176","176","9296411",6,-1.25243407964715,0.393908636845649,11.4445243899955,0.175994243920321
"15HZAN","15HZAN::177","177","9296412",6,0,0,0,
"15HZAN","15HZAN::178","178","9296428",6,-2.5048681592943,0.787817273691298,45.7780975599822,0.175994243920321
"15HZAN","15HZAN::179","179","9296430",6,-5.18126026996137,1.1489743763739,1.42546375546734,0.93585413100397
"15HZAN","15HZAN::180","180","9296445",6,-2.68814423541612,0.516623927033722,2.29740731787351,0.646661473319975
"15HZAN","15HZAN::181","181","9296450",6,-2.62155191168268,0.572769512040529,0.145614087289419,0.972596787626348
"15HZAN","15HZAN::182","182","9296458",6,-3.92882619031422,0.75506573952825,4.90747953722257,0.646661473319975
"15HZAN","15HZAN::183","183","9296471",6,92.9643412268628,-2.51401747541311,1178.93875636143,0.0778769904000402
"15HZAN","15HZAN::184","184","9270624",6,-31.8920326044495,6.1856501508409,271.638089145768,0.689343382302063
"15HZAN","15HZAN::185","185","9270636",6,105.327317948371,-5.14933306787778,265.165252707991,0.611694106926164
"15HZAN","15HZAN::186","186","9296538",6,-5.18126026996137,1.1489743763739,1.42546375546734,0.93585413100397
"15HZAN","15HZAN::187","187","9296544",6,-2.68814423541612,0.516623927033722,2.29740731787351,0.646661473319975
"15HZAN","15HZAN::188","188","9296554",6,-6.43369434960851,1.54288301321955,20.8324967537032,0.642871484222231
"15HZAN","15HZAN::189","189","9296575",6,-10.3625205399227,2.2979487527478,5.70185502186938,0.93585413100397
"15HZAN","15HZAN::190","190","9296591",6,21.2809196509767,4.38631144298957,502.712528761287,0.376135570637994
"15HZAN","15HZAN::191","191","9296629",6,-4.2060226317805,2.27507162965675,233.930553371811,0.258468563739973
"15HZAN","15HZAN::192","192","9296682",6,-4.905817497776,1.24924633672795,29.3672800170085,0.455680988211028
"15HZAN","15HZAN::193","193","9296684",6,-3.09384552930673,0.690349215384765,0.680908552616651,0.916847859656362
"15HZAN","15HZAN::194","194","9296686",6,-5.18126026996137,1.1489743763739,1.42546375546734,0.93585413100397
"15HZAN","15HZAN::195","195","9296689",6,-5.18126026996137,1.1489743763739,1.42546375546734,0.93585413100397
"15HZAN","15HZAN::196","196","9296690",6,-1.25243407964715,0.393908636845649,11.4445243899955,0.175994243920321
"15HZAN","15HZAN::197","197","9296703",6,-5.18126026996137,1.1489743763739,1.42546375546734,0.93585413100397
"15HZAN","15HZAN::198","198","9296714",6,-2.41266752701275,0.941022646070781,7.62289300023284,0.646645318000508
"15HZAN","15HZAN::199","199","9296768",6,-3.92882619031422,0.75506573952825,4.90747953722257,0.646661473319975
"15HZAN","15HZAN::200","200","304660",6,77.844070641076,1.19889326637983,134.36326031681,0.144217758045122
"15HZAN","15HZAN::201","201","9296772",6,-3.70340538582206,0.762812406568321,0.543077564393798,0.944068689031874
"15HZAN","15HZAN::202","202","9296784",6,-1.61775196078695,0.310909422172016,0.832064004652309,0.646661473319975
"15HZAN","15HZAN::203","203","9296785",6,0,0,0,
"15HZAN","15HZAN::204","204","9270930",6,-16.967738840904,3.41417159495865,30.2580362985536,0.858533856266503
"15HZAN","15HZAN::205","205","9270933",6,-4.78575477110565,1.02458217525853,0.0522695634902181,0.996849279929835
"15HZAN","15HZAN::206","206","9270957",6,-5.18126026996137,1.1489743763739,1.42546375546734,0.93585413100397
"15HZAN","15HZAN::207","207","9296864",6,-7.85765238062844,1.5101314790565,19.6299181488903,0.646661473319975
"15HZAN","15HZAN::208","208","9296866",6,-9.92048498298959,2.15892217522294,1.50687620881036,0.979890276971457
"15HZAN","15HZAN::209","209","9296869",6,-5.18126026996137,1.1489743763739,1.42546375546734,0.93585413100397
"15HZAN","15HZAN::210","210","9296883",6,-3.92882619031422,0.75506573952825,4.90747953722257,0.646661473319975
"15HZAN","15HZAN::211","211","9296884",6,-3.92882619031422,0.75506573952825,4.90747953722257,0.646661473319975
"15HZAN","15HZAN::212","212","9296895",6,-3.92882619031422,0.75506573952825,4.90747953722257,0.646661473319975
"15HZAN","15HZAN::213","213","9296907",6,-3.92882619031422,0.75506573952825,4.90747953722257,0.646661473319975
"15HZAN","15HZAN::214","214","9271061",6,-3.92882619031422,0.75506573952825,4.90747953722257,0.646661473319975
"15HZAN","15HZAN::215","215","9271063",6,-8.71870081038585,1.78094366688788,4.5152513939418,0.917122969833564
"15HZAN","15HZAN::216","216","9271064",6,-3.92882619031422,0.75506573952825,4.90747953722257,0.646661473319975
"15HZAN","15HZAN::217","217","9271065",6,-5.18126026996137,1.1489743763739,1.42546375546734,0.93585413100397
"15HZAN","15HZAN::218","218","9296943",6,-1.47330982136783,0.283149652323094,0.690114309921924,0.646661473319975
"15HZAN","15HZAN::219","219","9296944",6,-4.20714487465242,0.842600992151863,2.15563230865689,0.838410698919024
"15HZAN","15HZAN::220","220","9297003",6,0,0,0,
"15HZAN","15HZAN::221","221","9297045",6,-5.18126026996137,1.1489743763739,1.42546375546734,0.93585413100397
"15HZAN","15HZAN::222","222","9297090",6,79.5733293214854,-3.61139616609999,436.587200951754,0.320006594259208
"15HZAN","15HZAN::223","223","9297094",6,-3.92690333507105,0.891777240909585,2.12625790412125,0.854906821863849
"15HZAN","15HZAN::224","224","9297101",6,-14.1645836622426,4.24284150698295,199.022041457538,0.587613542868849
"15HZAN","15HZAN::225","225","9297124",6,-5.18126026996137,1.1489743763739,1.42546375546734,0.93585413100397
"15HZAN","15HZAN::226","226","9297144",6,-2.4009493384817,0.461429063036652,1.83273155550104,0.646661473319975
"15HZAN","15HZAN::227","227","9297161",6,-3.00439649866046,0.577403212615959,2.86977177125498,0.646661473319975
"15HZAN","15HZAN::228","228","9297164",6,-3.92882619031422,0.75506573952825,4.90747953722257,0.646661473319975
"15HZAN","15HZAN::229","229","9297181",6,-8.8464161277051,1.82111198182523,3.19471064167652,0.942375489938496
"15HZAN","15HZAN::230","230","9297186",6,-2.91900500559887,0.666322813291371,1.3804912034294,0.835161142142484
"15HZAN","15HZAN::231","231","9297187",6,0,0,0,
"15HZAN","15HZAN::232","232","9297191",6,-4.35022159182136,0.938190893273637,0.111607461632097,0.992015380058708
"15HZAN","15HZAN::233","233","9297196",6,-5.18126026996137,1.1489743763739,1.42546375546734,0.93585413100397
"15HZAN","15HZAN::234","234","9297218",6,-5.82510549710495,1.57912893136116,80.7919107992896,0.32715689026079
"41SAWSN","41SAWSN::3001","3001","7178454",3,34.3963093363289,-13.5572907833206,108.10042922821,0.308586717042706
"41SAWSN","41SAWSN::3002","3002","7398245",3,0,0,0,
"41SAWSN","41SAWSN::3003","3003","8235620",3,0,0,0,
"41SAWSN","41SAWSN::3004","3004","9087234",3,0,0,0,
"41SAWSN","41SAWSN::3005","3005","9087400",3,0,0,0,
"41SAWSN","41SAWSN::3006","3006","9087410",3,0,0,0,
"41SAWSN","41SAWSN::3007","3007","9087411",3,0,0,0,
"41SAWSN","41SAWSN::3008","3008","9087412",3,0,0,0,
"41SAWSN","41SAWSN::3009","3009","9087703",3,0,0,0,
"41SAWSN","41SAWSN::3010","3010","9087818",3,0,0,0,
"41SAWSN","41SAWSN::3011","3011","9088108",3,0,0,0,
"41SAWSN","41SAWSN::3012","3012","9088141",3,0,0,0,
"41SAWSN","41SAWSN::3013","3013","9088143",3,-8.56099740613792,6.31999493837729,0.0847627389234306,0.991980385363286
"41SAWSN","41SAWSN::3014","3014","9088146",3,0,0,0,
"41SAWSN","41SAWSN::3015","3015","9088171",3,0,0,0,
"41SAWSN","41SAWSN::3016","3016","9088199",3,0,0,0,
"41SAWSN","41SAWSN::3017","3017","9088202",3,0,0,0,
"41SAWSN","41SAWSN::3018","3018","9088214",3,0,0,0,
"41SAWSN","41SAWSN::3019","3019","9088256",3,0,0,0,
"41SAWSN","41SAWSN::3020","3020","9088269",3,0,0,0,
"41SAWSN","41SAWSN::3021","3021","9088411",3,0,0,0,
"41SAWSN","41SAWSN::3022","3022","9088459",3,0,0,0,
"41SAWSN","41SAWSN::3023","3023","9088464",3,0,0,0,
"41SAWSN","41SAWSN::3024","3024","9080849",3,0,0,0,
"41SAWSN","41SAWSN::3025","3025","304660",3,43.7291633865713,-0.613414127660006,0.152368630907791,0.393290735028289
"41SAWSN","41SAWSN::3026","3026","9085452",3,0,0,0,
"41SAWSN","41SAWSN::3027","3027","9080873",3,0,0,0,
"41SAWSN","41SAWSN::3028","3028","9085482",3,0,0,0,
"41SAWSN","41SAWSN::3029","3029","9085495",3,0,0,0,
"41SAWSN","41SAWSN::3030","3030","9080883",3,0,0,0,
"41SAWSN","41SAWSN::3031","3031","9080889",3,0,0,0,
"41SAWSN","41SAWSN::3032","3032","9085504",3,0,0,0,
"41SAWSN","41SAWSN::3033","3033","9085505",3,0,0,0,
"41SAWSN","41SAWSN::3034","3034","9080890",3,0,0,0,
"41SAWSN","41SAWSN::3035","3035","9080895",3,0,0,0,
"41SAWSN","41SAWSN::3036","3036","9080901",3,0,0,0,
"41SAWSN","41SAWSN::3037","3037","9085516",3,0,0,0,
"41SAWSN","41SAWSN::3038","3038","9085526",3,0,0,0,
"41SAWSN","41SAWSN::3039","3039","9085537",3,0,0,0,
"41SAWSN","41SAWSN::3040","3040","9080931",3,0,0,0,
"41SAWSN","41SAWSN::3041","3041","9085540",3,0,0,0,
"41SAWSN","41SAWSN::3042","3042","9080932",3,0,0,0,
"41SAWSN","41SAWSN::3043","3043","9085544",3,0,0,0,
"41SAWSN","41SAWSN::3044","3044","9080947",3,0,0,0,
"41SAWSN","41SAWSN::3045","3045","9080962",3,0,0,0,
"41SAWSN","41SAWSN::3046","3046","9085565",3,0,0,0,
"41SAWSN","41SAWSN::3047","3047","9080975",3,0,0,0,
"41SAWSN","41SAWSN::3048","3048","9080989",3,0,0,0,
"41SAWSN","41SAWSN::3049","3049","9080991",3,0,0,0,
"41SAWSN","41SAWSN::3050","3050","304660",3,28.956846315468,8.05580236633975,11.6205287348166,0.594473257184064
"41SAWSN","41SAWSN::3051","3051","9080993",3,0,0,0,
"41SAWSN","41SAWSN::3052","3052","9080994",3,0,0,0,
"41SAWSN","41SAWSN::3053","3053","9080997",3,0,0,0,
"41SAWSN","41SAWSN::3054","3054","9085591",3,0,0,0,
"41SAWSN","41SAWSN::3055","3055","9085593",3,0,0,0,
"41SAWSN","41SAWSN::3056","3056","9085594",3,0,0,0,
"41SAWSN","41SAWSN::3057","3057","9085642",3,0,0,0,
"41SAWSN","41SAWSN::3058","3058","9085646",3,0,0,0,
"41SAWSN","41SAWSN::3059","3059","9085649",3,0,0,0,
"41SAWSN","41SAWSN::3060","3060","9085651",3,0,0,0,
"41SAWSN","41SAWSN::3061","3061","9085652",3,0,0,0,
"41SAWSN","41SAWSN::3062","3062","9085657",3,0,0,0,
"41SAWSN","41SAWSN::3063","3063","9081027",3,0,0,0,
"41SAWSN","41SAWSN::3064","3064","9085708",3,0,0,0,
"41SAWSN","41SAWSN::3065","3065","9081076",3,0,0,0,
"41SAWSN","41SAWSN::3066","3066","9081091",3,0,0,0,
"41SAWSN","41SAWSN::3067","3067","9085761",3,0,0,0,
"41SAWSN","41SAWSN::3068","3068","9085763",3,0,0,0,
"41SAWSN","41SAWSN::3069","3069","9085765",3,0,0,0,
"41SAWSN","41SAWSN::3070","3070","9085766",3,0,0,0,
"41SAWSN","41SAWSN::3071","3071","9085770",3,-10.9300784501344,8.06892435586884,0.13816651670423,0.991980385363286
"41SAWSN","41SAWSN::3072","3072","9081100",3,0,0,0,
"41SAWSN","41SAWSN::3073","3073","9081121",3,0,0,0,
"41SAWSN","41SAWSN::3074","3074","9085839",3,0,0,0,
"41SAWSN","41SAWSN::3075","3075","304660",3,-5.9919315080552,21.8089660401109,374.739148302024,0.249906518398009
"41SAWSN","41SAWSN::3076","3076","9085856",3,0,0,0,
"41SAWSN","41SAWSN::3077","3077","9085861",3,0,0,0,
"41SAWSN","41SAWSN::3078","3078","9085863",3,0,0,0,
"41SAWSN","41SAWSN::3079","3079","9081132",3,-8.44452125058081,6.23400861241079,0.0824719600957147,0.991980385363286
"41SAWSN","41SAWSN::3080","3080","9081135",3,0,0,0,
"41SAWSN","41SAWSN::3081","3081","9081136",3,0,0,0,
"41SAWSN","41SAWSN::3082","3082","9085873",3,0,0,0,
"41SAWSN","41SAWSN::3083","3083","9085878",3,0,0,0,
"41SAWSN","41SAWSN::3084","3084","9081174",3,0,0,0,
"41SAWSN","41SAWSN::3085","3085","9081220",3,0,0,0,
"41SAWSN","41SAWSN::3086","3086","9085997",3,0,0,0,
"41SAWSN","41SAWSN::3087","3087","9081259",3,0,0,0,
"41SAWSN","41SAWSN::3088","3088","9086011",3,0,0,0,
"41SAWSN","41SAWSN::3089","3089","9081311",3,0,0,0,
"41SAWSN","41SAWSN::3090","3090","9081314",3,0,0,0,
"41SAWSN","41SAWSN::3091","3091","9081331",3,0,0,0,
"41SAWSN","41SAWSN::3092","3092","9081342",3,0,0,0,
"41SAWSN","41SAWSN::3093","3093","9081348",3,0,0,0,
"41SAWSN","41SAWSN::3094","3094","9081365",3,49.1107012637091,-19.0350814416965,442.947880857233,0.176766844445715
"41SAWSN","41SAWSN::3095","3095","9081389",3,0,0,0,
"41SAWSN","41SAWSN::3096","3096","9081392",3,0,0,0,
"41SAWSN","41SAWSN::3097","3097","9081393",3,20.1624973707761,2.66466672058706,203.236710346022,0.00908740934930945
"41SAWSN","41SAWSN::3098","3098","9081405",3,15.6671610747931,-6.07251941725461,45.0796955190317,0.176766844445715
"41SAWSN","41SAWSN::3099","3099","9086190",3,0,0,0,
"41SAWSN","41SAWSN::3100","3100","304660",3,-67.4643817382794,49.8043079420844,5.26387224165883,0.991980385363286
"41SAWSN","41SAWSN::3101","3101","9081454",3,0,0,0,
"41SAWSN","41SAWSN::3102","3102","9086260",3,0,0,0,
"41SAWSN","41SAWSN::3103","3103","9081485",3,0,0,0,
"41SAWSN","41SAWSN::3104","3104","9086325",3,0,0,0,
"41SAWSN","41SAWSN::3105","3105","9086333",3,0,0,0,
"41SAWSN","41SAWSN::3106","3106","9086407",3,0,0,0,
"41SAWSN","41SAWSN::3107","3107","9086411",3,-12.1700453329608,8.98430653056724,0.171293405043431,0.991980385363286
"41SAWSN","41SAWSN::3108","3108","9081572",3,0,0,0,
"41SAWSN","41SAWSN::3109","3109","9081577",3,0,0,0,
"41SAWSN","41SAWSN::3110","3110","9086435",3,0,0,0,
"41SAWSN","41SAWSN::3111","3111","9086443",3,0,0,0,
"41SAWSN","41SAWSN::3112","3112","9081618",3,0,0,0,
"41SAWSN","41SAWSN::3113","3113","9081635",3,0,0,0,
"41SAWSN","41SAWSN::3114","3114","9081646",3,0,0,0,
"41SAWSN","41SAWSN::3115","3115","9081688",3,0,0,0,
"41SAWSN","41SAWSN::3116","3116","9086526",3,0,0,0,
"41SAWSN","41SAWSN::3117","3117","9086529",3,0,0,0,
"41SAWSN","41SAWSN::3118","3118","9086530",3,0,0,0,
"41SAWSN","41SAWSN::3119","3119","9086632",3,0,0,0,
"41SAWSN","41SAWSN::3120","3120","9086736",3,0,0,0,
"41SAWSN","41SAWSN::3121","3121","9081827",3,0,0,0,
"41SAWSN","41SAWSN::3122","3122","9086789",3,0,0,0,
"41SAWSN","41SAWSN::3123","3123","9086841",3,0,0,0,
"41SAWSN","41SAWSN::3124","3124","9086842",3,0,0,0,
"41SAWSN","41SAWSN::3125","3125","304660",3,-50.2155045861261,44.6783492728099,46.9579548869399,0.917753073377217
"41SAWSN","41SAWSN::3126","3126","9086844",3,0,0,0,
"41SAWSN","41SAWSN::3127","3127","9081960",3,0,0,0,
"41SAWSN","41SAWSN::3128","3128","9081967",3,0,0,0,
"41SAWSN","41SAWSN::3129","3129","9086888",3,0,0,0,
"41SAWSN","41SAWSN::3130","3130","9086889",3,0,0,0,
"41SAWSN","41SAWSN::3131","3131","9082008",3,0,0,0,
"41SAWSN","41SAWSN::3132","3132","9082015",3,0,0,0,
"41SAWSN","41SAWSN::3133","3133","9082062",3,0,0,0,
"41SAWSN","41SAWSN::3134","3134","9082072",3,0,0,0,
"41SAWSN","41SAWSN::3135","3135","9082110",3,0,0,0,
"41SAWSN","41SAWSN::3136","3136","9086958",3,0,0,0,
"41SAWSN","41SAWSN::3137","3137","9082136",3,0,0,0,
"41SAWSN","41SAWSN::3138","3138","9086971",3,0,0,0,
"41SAWSN","41SAWSN::3139","3139","9086973",3,0,0,0,
"41SAWSN","41SAWSN::3140","3140","9086999",3,0,0,0,
"41SAWSN","41SAWSN::3141","3141","9087059",3,0,0,0,
"41SAWSN","41SAWSN::3142","3142","9087078",3,0,0,0,
"41SAWSN","41SAWSN::3143","3143","9082245",3,0,0,0,
"41SAWSN","41SAWSN::3144","3144","9082387",3,0,0,0,
"41SAWSN","41SAWSN::3145","3145","9082396",3,0,0,0,
"41SAWSN","41SAWSN::3146","3146","9082589",3,0,0,0,
"41SAWSN","41SAWSN::3147","3147","9082642",3,0,0,0,
"41SAWSN","41SAWSN::3148","3148","9082740",3,0,0,0,
"41SAWSN","41SAWSN::3149","3149","9082815",3,0,0,0,
"41SAWSN","41SAWSN::3150","3150","304660",3,-19.3271638686706,27.498092289507,232.06079733019,0.461007034976973
"41SAWSN","41SAWSN::3151","3151","9082819",3,0,0,0,
"41SAWSN","41SAWSN::3152","3152","9082838",3,0,0,0,
"41SAWSN","41SAWSN::3153","3153","9082841",3,0,0,0,
"41SAWSN","41SAWSN::3154","3154","9082976",3,0,0,0,
"41SAWSN","41SAWSN::3155","3155","9082993",3,0,0,0,
"41SAWSN","41SAWSN::3156","3156","9083043",3,0,0,0,
"41SAWSN","41SAWSN::3157","3157","9083057",3,0,0,0,
"41SAWSN","41SAWSN::3158","3158","9083135",3,0,0,0,
"41SAWSN","41SAWSN::3159","3159","9083219",3,0,0,0,
"41SAWSN","41SAWSN::3160","3160","9083225",3,0,0,0,
"41SAWSN","41SAWSN::3161","3161","9083233",3,0,0,0,
"41SAWSN","41SAWSN::3162","3162","9083240",3,0,0,0,
"41SAWSN","41SAWSN::3163","3163","9083246",3,0,0,0,
"41SAWSN","41SAWSN::3164","3164","9083279",3,0,0,0,
"41SAWSN","41SAWSN::3165","3165","9083292",3,0,0,0,
"41SAWSN","41SAWSN::3166","3166","9083296",3,0,0,0,
"41SAWSN","41SAWSN::3167","3167","9083302",3,0,0,0,
"41SAWSN","41SAWSN::3168","3168","9083322",3,0,0,0,
"41SAWSN","41SAWSN::3169","3169","9083323",3,0,0,0,
"41SAWSN","41SAWSN::3170","3170","9083414",3,0,0,0,
"41SAWSN","41SAWSN::3171","3171","9083475",3,4.66233163881271,-1.98583983159617,2.08983509315313,0.331252770190999
"41SAWSN","41SAWSN::3172","3172","9083476",3,0,0,0,
"41SAWSN","41SAWSN::3173","3173","9083547",3,0,0,0,
"41SAWSN","41SAWSN::3174","3174","9083562",3,0,0,0,
"41SAWSN","41SAWSN::3175","3175","304660",3,-27.3629618896651,34.9656526500975,295.781907655995,0.520385439976073
"41SAWSN","41SAWSN::3176","3176","9083563",3,0,0,0,
"41SAWSN","41SAWSN::3177","3177","9083568",3,0,0,0,
"41SAWSN","41SAWSN::3178","3178","9083569",3,0,0,0,
"41SAWSN","41SAWSN::3179","3179","9083570",3,-20.2987171232742,14.9851452335061,0.476533496462996,0.991980385363286
"41SAWSN","41SAWSN::3180","3180","9083575",3,0,0,0,
"41SAWSN","41SAWSN::3181","3181","9083713",3,0,0,0,
"41SAWSN","41SAWSN::3182","3182","9083716",3,0,0,0,
"41SAWSN","41SAWSN::3183","3183","9083731",3,0,0,0,
"41SAWSN","41SAWSN::3184","3184","9083733",3,0,0,0,
"41SAWSN","41SAWSN::3185","3185","9083790",3,0,0,0,
"41SAWSN","41SAWSN::3186","3186","9083831",3,0,0,0,
"41SAWSN","41SAWSN::3187","3187","9083963",3,0,0,0,
"41SAWSN","41SAWSN::3188","3188","9084024",3,0,0,0,
"41SAWSN","41SAWSN::3189","3189","9084025",3,0,0,0,
"41SAWSN","41SAWSN::3190","3190","9084035",3,0,0,0,
"41SAWSN","41SAWSN::3191","3191","9084037",3,0,0,0,
"41SAWSN","41SAWSN::3192","3192","9084041",3,0,0,0,
"41SAWSN","41SAWSN::3193","3193","9084046",3,0,0,0,
"41SAWSN","41SAWSN::3194","3194","9084091",3,0,0,0,
"41SAWSN","41SAWSN::3195","3195","9084125",3,0,0,0,
"41SAWSN","41SAWSN::3196","3196","9084126",3,0,0,0,
"41SAWSN","41SAWSN::3197","3197","9084173",3,0,0,0,
"41SAWSN","41SAWSN::3198","3198","9084189",3,0,0,0,
"41SAWSN","41SAWSN::3199","3199","9084202",3,0,0,0,
"41SAWSN","41SAWSN::3200","3200","304660",3,28.3806061014281,12.0673583318228,28.9900217393206,0.568696166571256
"41SAWSN","41SAWSN::3201","3201","9084210",3,0,0,0,
"41SAWSN","41SAWSN::3202","3202","9084220",3,0,0,0,
"41SAWSN","41SAWSN::3203","3203","9084223",3,0,0,0,
"41SAWSN","41SAWSN::3204","3204","9084224",3,0,0,0,
"41SAWSN","41SAWSN::3205","3205","9084226",3,0,0,0,
"41SAWSN","41SAWSN::3206","3206","9084231",3,0,0,0,
"41SAWSN","41SAWSN::3207","3207","9084233",3,0,0,0,
"41SAWSN","41SAWSN::3208","3208","9084234",3,0,0,0,
"41SAWSN","41SAWSN::3209","3209","9084238",3,0,0,0,
"41SAWSN","41SAWSN::3210","3210","9084257",3,0,0,0,
"41SAWSN","41SAWSN::3211","3211","9084364",3,0,0,0,
"41SAWSN","41SAWSN::3212","3212","9084377",3,0,0,0,
"41SAWSN","41SAWSN::3213","3213","9084380",3,0,0,0,
"41SAWSN","41SAWSN::3214","3214","9084383",3,0,0,0,
"41SAWSN","41SAWSN::3215","3215","9084438",3,0,0,0,
"41SAWSN","41SAWSN::3216","3216","9084441",3,3.10822109254181,-1.32389322106412,0.928815596956946,0.331252770190999
"41SAWSN","41SAWSN::3217","3217","9084471",3,0,0,0,
"41SAWSN","41SAWSN::3218","3218","9084582",3,0,0,0,
"41SAWSN","41SAWSN::3219","3219","9084657",3,0,0,0,
"41SAWSN","41SAWSN::3220","3220","9084661",3,0,0,0,
"41SAWSN","41SAWSN::3221","3221","9084662",3,0,0,0,
"41SAWSN","41SAWSN::3222","3222","9084666",3,0,0,0,
"41SAWSN","41SAWSN::3223","3223","9084668",3,0,0,0,
"41SAWSN","41SAWSN::3224","3224","9084752",3,0,0,0,
"41SAWSN","41SAWSN::3225","3225","304660",3,26.464477570863,10.829400729918,2.2246693155919,0.932604193630391
"41SAWSN","41SAWSN::3226","3226","9084814",3,0,0,0,
"41SAWSN","41SAWSN::3227","3227","9084833",3,0,0,0,
"41SAWSN","41SAWSN::3228","3228","9084845",3,-23.8720119974072,17.6230628085842,0.659074181136776,0.991980385363286
"41SAWSN","41SAWSN::3229","3229","9084856",3,0,0,0,
"41SAWSN","41SAWSN::3230","3230","9084875",3,0,0,0,
"41SAWSN","41SAWSN::3231","3231","9084879",3,0,0,0,
"41SAWSN","41SAWSN::3232","3232","9084900",3,0,0,0,
"56IBWSN","56IBWSN::1001","1001","7400769",5,4.13849295266443,0.00899515100115375,16.2983536212272,0.0000793020833105621
"56IBWSN","56IBWSN::1002","1002","8048669",5,-0.899103065782417,0.486665759126978,0.606403300472693,0.861867843224079
"56IBWSN","56IBWSN::1003","1003","8236239",5,-0.0719062134958403,0.596905807016146,2.35241864444646,0.70756779245629
"56IBWSN","56IBWSN::1004","1004","9087172",5,-0.993745493741446,0.537893733762144,0.740786303320591,0.861867843224079
"56IBWSN","56IBWSN::1005","1005","9087179",5,-0.0326846424947216,0.271320821342857,0.486036909908858,0.707567792456289
"56IBWSN","56IBWSN::1006","1006","9087199",4,-1.17524896238493,0.482711704547016,0.472372989733424,0.887719078641835
"56IBWSN","56IBWSN::1007","1007","9087204",5,-2.51109969825877,1.91719042631807,1.38103250374726,0.97702098387476
"56IBWSN","56IBWSN::1008","1008","9087367",5,-1.71646948925219,0.929089176532033,2.21011450841473,0.861867843224079
"56IBWSN","56IBWSN::1009","1009","9087373",5,0,0,0,
"56IBWSN","56IBWSN::1010","1010","9087404",4,-1.43641539849803,0.589980972235453,0.705643601974545,0.887719078641835
"56IBWSN","56IBWSN::1011","1011","9087671",5,-1.97393991264001,1.06845255301184,2.92287643737848,0.861867843224079
"56IBWSN","56IBWSN::1012","1012","9087776",5,-2.15042259264402,1.39345308452273,1.8287366866985,0.944327193765647
"56IBWSN","56IBWSN::1013","1013","9087895",4,-1.43641539849803,0.589980972235453,0.705643601974545,0.887719078641835
"56IBWSN","56IBWSN::1014","1014","9087979",5,-2.75053847227823,1.90186261508776,2.29809305556691,0.961750489224558
"56IBWSN","56IBWSN::1015","1015","9088013",5,-0.632383495986075,0.342296012377199,0.299987841810961,0.861867843224079
"56IBWSN","56IBWSN::1016","1016","9088021",5,-3.00382160619133,1.62590605893106,6.76847568202011,0.861867843224079
"56IBWSN","56IBWSN::1017","1017","9088060",5,-1.71646948925219,0.929089176532033,2.21011450841473,0.861867843224079
"56IBWSN","56IBWSN::1018","1018","9088164",5,-0.993745493741446,0.537893733762144,0.740786303320591,0.861867843224079
"56IBWSN","56IBWSN::1019","1019","9088201",5,0,0,0,
"56IBWSN","56IBWSN::1020","1020","9088207",4,-0.59073360547621,0.242632867383234,0.119346217434796,0.887719078641835
"56IBWSN","56IBWSN::1021","1021","9088237",4,-1.40481319883899,1.0142223803524,0.323800410775068,0.980738710889505
"56IBWSN","56IBWSN::1022","1022","9088279",4,-1.51621625399771,0.622757692926523,0.786226359018747,0.887719078641835
"56IBWSN","56IBWSN::1023","1023","9088327",4,0,0,0,
"56IBWSN","56IBWSN::1024","1024","9088606",4,0,0,0,
"56IBWSN","56IBWSN::1025","1025","304660",5,35.9464650069362,2.11201252340388,161.107860800269,0.30666549803826
"56IBWSN","56IBWSN::1026","1026","9088609",5,-1.71646948925219,0.929089176532033,2.21011450841473,0.861867843224079
"56IBWSN","56IBWSN::1027","1027","9088616",4,0,0,0,
"56IBWSN","56IBWSN::1028","1028","9088620",5,-0.899103065782417,0.486665759126978,0.606403300472693,0.861867843224079
"56IBWSN","56IBWSN::1029","1029","9088734",4,-1.87247724600092,1.016323590903,0.281208192607141,0.983297937651195
"56IBWSN","56IBWSN::1030","1030","9080801",4,-1.38559412839017,1.0141360292338,0.352400594677709,0.979069540437451
"56IBWSN","56IBWSN::1031","1031","9080803",5,-0.794630209006581,0.988101249786036,1.13402599876825,0.932221293781331
"56IBWSN","56IBWSN::1032","1032","9080807",4,1.90322027697823,0.256688470408296,15.7029351967233,0.0630149411596145
"56IBWSN","56IBWSN::1033","1033","9080809",4,-1.43641539849803,0.589980972235453,0.705643601974545,0.887719078641835
"56IBWSN","56IBWSN::1034","1034","9085393",4,-1.80841367800859,1.01603575384177,0.212852454501363,0.987299217177761
"56IBWSN","56IBWSN::1035","1035","9085394",4,-1.62903568732335,1.01522981006897,0.146755541557089,0.991194667506575
"56IBWSN","56IBWSN::1036","1036","9080813",5,-1.71646948925219,0.929089176532033,2.21011450841473,0.861867843224079
"56IBWSN","56IBWSN::1037","1037","9080814",5,-1.71646948925219,0.929089176532033,2.21011450841473,0.861867843224079
"56IBWSN","56IBWSN::1038","1038","9080817",5,-1.71646948925219,0.929089176532033,2.21011450841473,0.861867843224079
"56IBWSN","56IBWSN::1039","1039","9080821",5,-1.71646948925219,0.929089176532033,2.21011450841473,0.861867843224079
"56IBWSN","56IBWSN::1040","1040","9080828",4,-0.914082526271819,0.375442436858578,0.285756499944958,0.887719078641835
"56IBWSN","56IBWSN::1041","1041","9080833",5,-1.71646948925219,0.929089176532033,2.21011450841473,0.861867843224079
"56IBWSN","56IBWSN::1042","1042","9085407",5,-1.29745163463852,0.955912846190163,0.405136629569824,0.972995878272737
"56IBWSN","56IBWSN::1043","1043","9085409",5,0.382342565986133,0.297889027486938,2.9776952148684,0.322527273237151
"56IBWSN","56IBWSN::1044","1044","9080834",5,-1.71646948925219,0.929089176532033,2.21011450841473,0.861867843224079
"56IBWSN","56IBWSN::1045","1045","9080841",5,-0.600764321238265,0.325181211786212,0.270739027280805,0.861867843224079
"56IBWSN","56IBWSN::1046","1046","9085450",5,-0.0326846424947216,0.271320821342857,0.486036909908858,0.707567792456289
"56IBWSN","56IBWSN::1047","1047","9085470",5,0.309019108996023,0.621290961258223,6.11769085558678,0.50198504938677
"56IBWSN","56IBWSN::1048","1048","9080875",5,-1.71646948925219,0.929089176532033,2.21011450841473,0.861867843224079
"56IBWSN","56IBWSN::1049","1049","9085484",5,-1.71646948925219,0.929089176532033,2.21011450841473,0.861867843224079
"56IBWSN","56IBWSN::1050","1050","304660",5,26.5722607055366,3.86647252031219,279.925310780674,0.460382936908237
"56IBWSN","56IBWSN::1051","1051","9080877",5,-0.653893138844474,0.353938733961207,0.320742241664183,0.861867843224079
"56IBWSN","56IBWSN::1052","1052","9080879",5,-0.772411270163484,0.418090129439415,0.447548187953983,0.861867843224079
"56IBWSN","56IBWSN::1053","1053","9080886",5,-0.45170249710839,0.244497151684726,0.153055021315505,0.861867843224079
"56IBWSN","56IBWSN::1054","1054","9085500",5,11.5724879499995,3.39686882261963,164.595641258355,0.528282984219598
"56IBWSN","56IBWSN::1055","1055","9085502",5,14.6335041319266,4.3638514613749,131.730301406566,0.697830874119628
"56IBWSN","56IBWSN::1056","1056","9080921",5,-1.71646948925219,0.929089176532033,2.21011450841473,0.861867843224079
"56IBWSN","56IBWSN::1057","1057","9080922",5,-0.993745493741446,0.537893733762144,0.740786303320591,0.861867843224079
"56IBWSN","56IBWSN::1058","1058","9080974",5,0.230698009117756,0.288181413708424,1.81783764172697,0.421909067255186
"56IBWSN","56IBWSN::1059","1059","9085614",4,-2.48108114295046,1.0190580429892,2.1052672754656,0.887719078641835
"56IBWSN","56IBWSN::1060","1060","9081036",5,-0.38948459693874,0.420339759311988,0.126994047549917,0.956945004887152
"56IBWSN","56IBWSN::1061","1061","9081043",5,-1.71646948925219,0.929089176532033,2.21011450841473,0.861867843224079
"56IBWSN","56IBWSN::1062","1062","9085716",5,-1.71646948925219,0.929089176532033,2.21011450841473,0.861867843224079
"56IBWSN","56IBWSN::1063","1063","9085757",5,-1.10989126146023,0.967919631666474,0.307731497174106,0.979853089333134
"56IBWSN","56IBWSN::1064","1064","9085784",5,-0.882424426157663,0.982481052334244,0.779196688167348,0.951900092457507
"56IBWSN","56IBWSN::1065","1065","9085876",5,0.716520531489685,0.0458684751218244,3.20638953946876,0.0103735989293958
"56IBWSN","56IBWSN::1066","1066","9081161",5,7.20678775387037,3.4973392195998,277.747622258678,0.412977154846211
"56IBWSN","56IBWSN::1067","1067","9085902",5,0,0,0,
"56IBWSN","56IBWSN::1068","1068","9085936",5,-1.71646948925219,0.929089176532033,2.21011450841473,0.861867843224079
"56IBWSN","56IBWSN::1069","1069","9085943",5,-1.71646948925219,0.929089176532033,2.21011450841473,0.861867843224079
"56IBWSN","56IBWSN::1070","1070","9081213",5,-2.41233549771261,1.30574695042512,4.36533939174993,0.861867843224079
"56IBWSN","56IBWSN::1071","1071","9081217",5,-0.408683211734885,0.221211708702527,0.12528993812376,0.861867843224079
"56IBWSN","56IBWSN::1072","1072","9081219",5,0.21872607040086,0.287415023145889,1.73850343421721,0.431521974871831
"56IBWSN","56IBWSN::1073","1073","9081224",5,-0.772411270163484,0.418090129439415,0.447548187953983,0.861867843224079
"56IBWSN","56IBWSN::1074","1074","9081229",5,-1.71646948925219,0.929089176532033,2.21011450841473,0.861867843224079
"56IBWSN","56IBWSN::1075","1075","304660",5,29.4681029112154,3.97553285465497,432.823951077935,0.36842559231699
"56IBWSN","56IBWSN::1076","1076","9085982",5,-1.71646948925219,0.929089176532033,2.21011450841473,0.861867843224079
"56IBWSN","56IBWSN::1077","1077","9085983",5,-1.71646948925219,0.929089176532033,2.21011450841473,0.861867843224079
"56IBWSN","56IBWSN::1078","1078","9085994",5,-0.311344987515301,0.581577995785841,0.91336026941574,0.855405332159338
"56IBWSN","56IBWSN::1079","1079","9085998",5,-0.813064494863761,0.440094873069671,0.49589826914599,0.861867843224079
"56IBWSN","56IBWSN::1080","1080","9081285",5,-1.71646948925219,0.929089176532033,2.21011450841473,0.861867843224079
"56IBWSN","56IBWSN::1081","1081","9081298",5,-0.124201641497332,1.0310191212472,7.01837298104906,0.707567792456289
"56IBWSN","56IBWSN::1082","1082","9086008",5,-0.45170249710839,0.244497151684726,0.153055021315505,0.861867843224079
"56IBWSN","56IBWSN::1083","1083","9086012",5,-1.71646948925219,0.929089176532033,2.21011450841473,0.861867843224079
"56IBWSN","56IBWSN::1084","1084","9086074",5,-0.124201641497332,1.0310191212472,7.01837298104906,0.707567792456289
"56IBWSN","56IBWSN::1085","1085","9086078",5,-0.57215649636018,0.309696392146375,0.245568278663634,0.861867843224079
"56IBWSN","56IBWSN::1086","1086","9081347",5,-1.71646948925219,0.929089176532033,2.21011450841473,0.861867843224079
"56IBWSN","56IBWSN::1087","1087","9081354",5,0.261888566734342,0.363088267948586,2.66491723280697,0.44143132140964
"56IBWSN","56IBWSN::1088","1088","9086110",5,-1.71646948925219,0.929089176532033,2.21011450841473,0.861867843224079
"56IBWSN","56IBWSN::1089","1089","9081366",5,-0.993745493741446,0.537893733762144,0.740786303320591,0.861867843224079
"56IBWSN","56IBWSN::1090","1090","9081369",5,-0.813064494863761,0.440094873069671,0.49589826914599,0.861867843224079
"56IBWSN","56IBWSN::1091","1091","9086125",5,0,0,0,
"56IBWSN","56IBWSN::1092","1092","9086126",5,0,0,0,
"56IBWSN","56IBWSN::1093","1093","9081386",5,-0.45170249710839,0.244497151684726,0.153055021315505,0.861867843224079
"56IBWSN","56IBWSN::1094","1094","9081400",5,0,0,0,
"56IBWSN","56IBWSN::1095","1095","9081402",5,-1.04604092174294,0.972007047993196,0.374827292765281,0.975767791424202
"56IBWSN","56IBWSN::1096","1096","9081403",5,0.010334642878783,0.248035378360658,0.530991546573656,0.649234916107832
"56IBWSN","56IBWSN::1097","1097","9088753",5,-0.993745493741446,0.537893733762144,0.740786303320591,0.861867843224079
"56IBWSN","56IBWSN::1098","1098","9086193",5,0.718197574601081,0.543270622299956,1.56843831628983,0.750383875379595
"56IBWSN","56IBWSN::1099","1099","9086267",5,-0.993745493741446,0.537893733762144,0.740786303320591,0.861867843224079
"56IBWSN","56IBWSN::1100","1100","304660",4,41.2165627640363,2.07672330437434,920.949020016431,0.0753245868320494
"56IBWSN","56IBWSN::1101","1101","9086269",5,-0.45170249710839,0.244497151684726,0.153055021315505,0.861867843224079
"56IBWSN","56IBWSN::1102","1102","9081482",5,-0.735629781157122,0.398181075683131,0.405939399558872,0.861867843224079
"56IBWSN","56IBWSN::1103","1103","9081527",5,0,0,0,
"56IBWSN","56IBWSN::1104","1104","9086358",5,0.186209499088483,0.457193148937134,2.97747204416725,0.52863443304073
"56IBWSN","56IBWSN::1105","1105","9081584",5,-2.91799813172872,1.57945160010446,6.38723092931857,0.861867843224079
"56IBWSN","56IBWSN::1106","1106","9081587",5,-0.993745493741446,0.537893733762144,0.740786303320591,0.861867843224079
"56IBWSN","56IBWSN::1107","1107","9081599",5,0.250059838805776,0.461280565263856,3.5486500720997,0.489244555510679
"56IBWSN","56IBWSN::1108","1108","9081607",5,-0.813064494863761,0.440094873069671,0.49589826914599,0.861867843224079
"56IBWSN","56IBWSN::1109","1109","9081613",5,-0.45170249710839,0.244497151684726,0.153055021315505,0.861867843224079
"56IBWSN","56IBWSN::1110","1110","9081614",5,-1.71646948925219,0.929089176532033,2.21011450841473,0.861867843224079
"56IBWSN","56IBWSN::1111","1111","9081645",5,-0.429117372313047,0.232272294133008,0.138132156775921,0.861867843224079
"56IBWSN","56IBWSN::1112","1112","9081671",5,-0.735629781157122,0.398181075683131,0.405939399558872,0.861867843224079
"56IBWSN","56IBWSN::1113","1113","9081677",5,-1.71646948925219,0.929089176532033,2.21011450841473,0.861867843224079
"56IBWSN","56IBWSN::1114","1114","9086614",5,-1.11570516801392,0.603907964745822,0.933773379805224,0.861867843224079
"56IBWSN","56IBWSN::1115","1115","9086653",5,-1.71646948925219,0.929089176532033,2.21011450841473,0.861867843224079
"56IBWSN","56IBWSN::1116","1116","9081766",5,-2.80893597066445,2.4842098844456,2.09350019528049,0.979206628113168
"56IBWSN","56IBWSN::1117","1117","9081767",5,-1.71646948925219,0.929089176532033,2.21011450841473,0.861867843224079
"56IBWSN","56IBWSN::1118","1118","9081768",5,0,0,0,
"56IBWSN","56IBWSN::1119","1119","9086662",5,-0.806602147723478,0.987334859223501,1.07997100266589,0.93514880008387
"56IBWSN","56IBWSN::1120","1120","9086674",5,-0.882424426157663,0.982481052334244,0.779196688167348,0.951900092457507
"56IBWSN","56IBWSN::1121","1121","9081781",5,-1.71646948925219,0.929089176532033,2.21011450841473,0.861867843224079
"56IBWSN","56IBWSN::1122","1122","9086714",5,-0.18848715020272,2.50333484493034,44.7387540670676,0.691137788451852
"56IBWSN","56IBWSN::1123","1123","9081833",5,-1.85623546321333,2.93232430681115,17.6377721132997,0.886208510021311
"56IBWSN","56IBWSN::1124","1124","9081852",5,0.309816908394968,0.293246255682481,2.38714378396874,0.365273871306685
"56IBWSN","56IBWSN::1125","1125","304660",3,25.7865512502669,8.24318080550727,37.4916853372748,0.869525172638523
"56IBWSN","56IBWSN::1126","1126","9081861",5,-0.311344987515301,0.581577995785841,0.91336026941574,0.855405332159338
"56IBWSN","56IBWSN::1127","1127","9086837",5,-1.71646948925219,0.929089176532033,2.21011450841473,0.861867843224079
"56IBWSN","56IBWSN::1128","1128","9086840",5,-1.71646948925219,0.929089176532033,2.21011450841473,0.861867843224079
"56IBWSN","56IBWSN::1129","1129","9086846",5,-1.71646948925219,0.929089176532033,2.21011450841473,0.861867843224079
"56IBWSN","56IBWSN::1130","1130","9081895",5,-1.71646948925219,0.929089176532033,2.21011450841473,0.861867843224079
"56IBWSN","56IBWSN::1131","1131","9081904",5,0,0,0,
"56IBWSN","56IBWSN::1132","1132","9086849",5,-1.71646948925219,0.929089176532033,2.21011450841473,0.861867843224079
"56IBWSN","56IBWSN::1133","1133","9086850",5,-1.71646948925219,0.929089176532033,2.21011450841473,0.861867843224079
"56IBWSN","56IBWSN::1134","1134","9081917",5,-2.89089598135638,1.56478177070792,6.26913367248754,0.861867843224079
"56IBWSN","56IBWSN::1135","1135","9081920",5,-4.87838696918256,2.64056923841803,17.8523376892556,0.861867843224079
"56IBWSN","56IBWSN::1136","1136","9081954",5,-1.71646948925219,0.929089176532033,2.21011450841473,0.861867843224079
"56IBWSN","56IBWSN::1137","1137","9081956",5,-0.944058219088702,0.510999047092618,0.668559638795456,0.861867843224079
"56IBWSN","56IBWSN::1138","1138","9081985",5,-1.33735809692202,0.95335821098851,0.482552935283009,0.967834666798695
"56IBWSN","56IBWSN::1139","1139","9086899",5,-1.71646948925219,0.929089176532033,2.21011450841473,0.861867843224079
"56IBWSN","56IBWSN::1140","1140","9082028",5,-0.408683211734885,0.221211708702527,0.12528993812376,0.861867843224079
"56IBWSN","56IBWSN::1141","1141","9086910",5,-0.45170249710839,0.244497151684726,0.153055021315505,0.861867843224079
"56IBWSN","56IBWSN::1142","1142","9082066",5,0.59852235401341,0.639823678477309,10.1914717001851,0.390873959633188
"56IBWSN","56IBWSN::1143","1143","9082128",5,-1.71646948925219,0.929089176532033,2.21011450841473,0.861867843224079
"56IBWSN","56IBWSN::1144","1144","9082176",5,-1.71646948925219,0.929089176532033,2.21011450841473,0.861867843224079
"56IBWSN","56IBWSN::1145","1145","9082216",5,-2.59490326911781,1.91182569239052,1.62054651774088,0.972995878281746
"56IBWSN","56IBWSN::1146","1146","9085361",5,-1.71646948925219,0.929089176532033,2.21011450841473,0.861867843224079
"56IBWSN","56IBWSN::1147","1147","9085376",5,-1.35510749149682,0.733491455147089,1.37749519218852,0.861867843224079
"56IBWSN","56IBWSN::1148","1148","9082243",5,-1.78837570206144,1.52599498317654,0.738276089376362,0.980540473977695
"56IBWSN","56IBWSN::1149","1149","9082247",5,-1.71646948925219,0.929089176532033,2.21011450841473,0.861867843224079
"56IBWSN","56IBWSN::1150","1150","304660",5,34.294223119582,2.7425396036541,561.854935003837,0.17618106927937
"56IBWSN","56IBWSN::1151","1151","9082264",5,-1.71646948925219,0.929089176532033,2.21011450841473,0.861867843224079
"56IBWSN","56IBWSN::1152","1152","9082265",5,0,0,0,
"56IBWSN","56IBWSN::1153","1153","9082269",5,-1.71646948925219,0.929089176532033,2.21011450841473,0.861867843224079
"56IBWSN","56IBWSN::1154","1154","9082274",5,-0.993745493741446,0.537893733762144,0.740786303320591,0.861867843224079
"56IBWSN","56IBWSN::1155","1155","9082278",5,-1.61241903095309,1.46494578270631,8.27015633966324,0.805654822472315
"56IBWSN","56IBWSN::1156","1156","9082421",5,-0.45170249710839,0.244497151684726,0.153055021315505,0.861867843224079
"56IBWSN","56IBWSN::1157","1157","9082445",5,-0.993745493741446,0.537893733762144,0.740786303320591,0.861867843224079
"56IBWSN","56IBWSN::1158","1158","9082450",5,-0.542042996633056,0.293396582077417,0.220399230778079,0.861867843224079
"56IBWSN","56IBWSN::1159","1159","9082520",5,-1.08408599326611,0.586793164154834,0.881596923112318,0.861867843224079
"56IBWSN","56IBWSN::1160","1160","9082615",5,4.35502478826421,0.0763720536127291,48.9392307811219,0.00190034111264056
"56IBWSN","56IBWSN::1161","1161","9082638",5,-0.899103065782417,0.486665759126978,0.606403300472693,0.861867843224079
"56IBWSN","56IBWSN::1162","1162","9082751",5,-1.06257635040771,0.575150442570826,0.846959981552441,0.861867843224079
"56IBWSN","56IBWSN::1163","1163","9082754",5,-1.71646948925219,0.929089176532033,2.21011450841473,0.861867843224079
"56IBWSN","56IBWSN::1164","1164","9082777",5,0.020980568230761,0.493486748871882,2.10466474447023,0.648935135739
"56IBWSN","56IBWSN::1165","1165","9082793",5,-1.82047209550999,1.44191637018676,0.691448403044111,0.979606791380757
"56IBWSN","56IBWSN::1166","1166","9082954",5,0,0,0,
"56IBWSN","56IBWSN::1167","1167","9082978",5,-1.76048152805431,0.95291197626381,2.32490678233984,0.861867843224079
"56IBWSN","56IBWSN::1168","1168","9082999",5,-1.75484765628691,1.91365383895263,2.73774314361076,0.955294853958022
"56IBWSN","56IBWSN::1169","1169","9083000",5,-3.43293897850438,1.85817835306407,8.84045803365892,0.861867843224079
"56IBWSN","56IBWSN::1170","1170","9083015",5,-0.57215649636018,0.309696392146375,0.245568278663634,0.861867843224079
"56IBWSN","56IBWSN::1171","1171","9083066",5,-1.71646948925219,0.929089176532033,2.21011450841473,0.861867843224079
"56IBWSN","56IBWSN::1172","1172","9083071",5,-8.06220517684259,4.36390370798164,48.7584950095033,0.861867843224079
"56IBWSN","56IBWSN::1173","1173","9083094",5,-5.44246423367001,2.94589251066064,22.2194736375602,0.861867843224079
"56IBWSN","56IBWSN::1174","1174","9083139",5,-1.71646948925219,0.929089176532033,2.21011450841473,0.861867843224079
"56IBWSN","56IBWSN::1175","1175","304660",5,33.4747788256578,2.0305218657829,514.105950701343,0.113567540255518
"56IBWSN","56IBWSN::1176","1176","9083177",5,-1.08408599326611,0.586793164154834,0.881596923112318,0.861867843224079
"56IBWSN","56IBWSN::1177","1177","9083186",5,-1.71646948925219,0.929089176532033,2.21011450841473,0.861867843224079
"56IBWSN","56IBWSN::1178","1178","9083234",5,-1.17442649261913,0.635692594454616,1.03465194433477,0.861867843224079
"56IBWSN","56IBWSN::1179","1179","9083237",5,-3.43293897850438,1.85817835306407,8.84045803365892,0.861867843224079
"56IBWSN","56IBWSN::1180","1180","9083247",5,-1.71646948925219,0.929089176532033,2.21011450841473,0.861867843224079
"56IBWSN","56IBWSN::1181","1181","9083250",5,-3.16886674912458,1.71524155653159,7.53269796825275,0.861867843224079
"56IBWSN","56IBWSN::1182","1182","9083252",5,-6.51378165174118,3.52577431106119,31.8279738301034,0.861867843224079
"56IBWSN","56IBWSN::1183","1183","9083308",5,-1.71646948925219,0.929089176532033,2.21011450841473,0.861867843224079
"56IBWSN","56IBWSN::1184","1184","9083330",5,-1.80680998877685,0.977988606924724,2.44888034197866,0.861867843224079
"56IBWSN","56IBWSN::1185","1185","9083333",5,-0.882424426157663,0.982481052334244,0.779196688167348,0.951900092457507
"56IBWSN","56IBWSN::1186","1186","9083338",5,-1.10989126146023,0.967919631666474,0.307731497174106,0.979853089333134
"56IBWSN","56IBWSN::1187","1187","9083401",5,-1.71646948925219,0.929089176532033,2.21011450841473,0.861867843224079
"56IBWSN","56IBWSN::1188","1188","9083443",5,-1.11570516801392,0.603907964745822,0.933773379805224,0.861867843224079
"56IBWSN","56IBWSN::1189","1189","9083488",5,0,0,0,
"56IBWSN","56IBWSN::1190","1190","9083493",5,-1.71646948925219,0.929089176532033,2.21011450841473,0.861867843224079
"56IBWSN","56IBWSN::1191","1191","9083508",5,-1.71646948925219,0.929089176532033,2.21011450841473,0.861867843224079
"56IBWSN","56IBWSN::1192","1192","9083523",5,-0.899103065782417,0.486665759126978,0.606403300472693,0.861867843224079
"56IBWSN","56IBWSN::1193","1193","9083546",5,-0.45170249710839,0.244497151684726,0.153055021315505,0.861867843224079
"56IBWSN","56IBWSN::1194","1194","9083603",5,-2.16817198687552,1.17358632849549,3.52638769356596,0.861867843224079
"56IBWSN","56IBWSN::1195","1195","9083664",5,-3.16191747993037,1.71148006188599,7.49969604527402,0.861867843224079
"56IBWSN","56IBWSN::1196","1196","9083675",5,-2.7463511828035,1.48654268245125,5.65789314154171,0.861867843224079
"56IBWSN","56IBWSN::1197","1197","9083677",5,-3.49112438477424,1.88967290134235,9.1426742081356,0.861867843224079
"56IBWSN","56IBWSN::1198","1198","9083754",5,-1.71646948925219,0.929089176532033,2.21011450841473,0.861867843224079
"56IBWSN","56IBWSN::1199","1199","9083760",5,-0.124201641497332,1.0310191212472,7.01837298104906,0.707567792456289
"56IBWSN","56IBWSN::1200","1200","304660",4,21.953843983097,5.37006005291552,313.237802878114,0.615597084315231
"56IBWSN","56IBWSN::1201","1201","9083763",5,-1.18571354005364,0.963065824767024,0.294195684390794,0.980531167944612
"56IBWSN","56IBWSN::1202","1202","9083838",5,-13.1969764750601,7.14324844263212,130.644606264328,0.861867843224079
"56IBWSN","56IBWSN::1203","1203","9083876",5,-2.17543695967833,2.8332983951426,42.5484247662902,0.750873565742449
"56IBWSN","56IBWSN::1204","1204","9083995",5,-3.43293897850438,1.85817835306407,8.84045803365892,0.861867843224079
"56IBWSN","56IBWSN::1205","1205","9083996",5,-0.899103065782417,0.486665759126978,0.606403300472693,0.861867843224079
"56IBWSN","56IBWSN::1206","1206","9083998",5,-1.71646948925219,0.929089176532033,2.21011450841473,0.861867843224079
"56IBWSN","56IBWSN::1207","1207","9084006",5,-0.427490755393309,1.01160389367998,3.66098695787556,0.817033630047878
"56IBWSN","56IBWSN::1208","1208","9084023",5,-1.71646948925219,0.929089176532033,2.21011450841473,0.861867843224079
"56IBWSN","56IBWSN::1209","1209","9084026",5,-1.71646948925219,0.929089176532033,2.21011450841473,0.861867843224079
"56IBWSN","56IBWSN::1210","1210","9084033",5,-1.86444099771579,1.00918307147714,2.60759348725874,0.861867843224079
"56IBWSN","56IBWSN::1211","1211","9084129",5,-1.71646948925219,0.929089176532033,2.21011450841473,0.861867843224079
"56IBWSN","56IBWSN::1212","1212","9084272",5,0.508639301264056,0.755330913278103,10.1298120349092,0.47361330464022
"56IBWSN","56IBWSN::1213","1213","9084384",5,-0.899103065782417,0.486665759126978,0.606403300472693,0.861867843224079
"56IBWSN","56IBWSN::1214","1214","9084423",5,-1.60574818932434,1.49562242753148,0.895150783513961,0.975562240729611
"56IBWSN","56IBWSN::1215","1215","9084440",5,-1.62469174054588,2.99975278534059,23.8972009636676,0.857457928099421
"56IBWSN","56IBWSN::1216","1216","9084473",5,-0.722723995510741,0.391195442769889,0.391820854716586,0.861867843224079
"56IBWSN","56IBWSN::1217","1217","9084484",5,0,0,0,
"56IBWSN","56IBWSN::1218","1218","9084525",5,-1.71646948925219,0.929089176532033,2.21011450841473,0.861867843224079
"56IBWSN","56IBWSN::1219","1219","9084526",5,-0.408683211734885,0.221211708702527,0.12528993812376,0.861867843224079
"56IBWSN","56IBWSN::1220","1220","9084554",5,0,0,0,
"56IBWSN","56IBWSN::1221","1221","9084655",5,0,0,0,
"56IBWSN","56IBWSN::1222","1222","9084692",5,-4.08401361265459,2.2105914891502,12.5117184020066,0.861867843224079
"56IBWSN","56IBWSN::1223","1223","9084742",5,-8.32227631069353,4.50467479485636,51.9549416015623,0.861867843224079
"56IBWSN","56IBWSN::1224","1224","9084753",5,-1.71646948925219,0.929089176532033,2.21011450841473,0.861867843224079
"56IBWSN","56IBWSN::1225","1225","304660",4,20.0058869794199,3.51806240393384,259.79570016499,0.453165472301885
"56IBWSN","56IBWSN::1226","1226","9084864",5,-1.71646948925219,0.929089176532033,2.21011450841473,0.861867843224079
"56IBWSN","56IBWSN::1227","1227","9084869",5,-1.71646948925219,0.929089176532033,2.21011450841473,0.861867843224079
"56IBWSN","56IBWSN::1228","1228","9084901",5,-1.71646948925219,0.929089176532033,2.21011450841473,0.861867843224079
"56IBWSN","56IBWSN::1229","1229","9084970",5,-1.22604963520465,0.663635126107582,1.12760944311384,0.861867843224079
"56IBWSN","56IBWSN::1230","1230","9028496",5,-0.794630209006581,0.988101249786036,1.13402599876825,0.932221293781331
"56IBWSN","56IBWSN::1231","1231","9086708",5,-0.993745493741446,0.537893733762144,0.740786303320591,0.861867843224079
