"nursery","material_id","PC1","PC2"
"15HLBSN","15HLBSN::1",-0.151062971992233,0.0246357268163624
"15HLBSN","15HLBSN::10",-0.443101603945459,1.26668125170642
"15HLBSN","15HLBSN::11",-0.207811089490975,0.261412013074214
"15HLBSN","15HLBSN::12",-0.00223867292699403,-0.476054758150559
"15HLBSN","15HLBSN::13",-0.390473282528276,1.16377724404929
"15HLBSN","15HLBSN::14",-0.256965330902626,0.399462112917675
"15HLBSN","15HLBSN::15",-0.120652396170915,-0.244520740813966
"15HLBSN","15HLBSN::16",-0.157656684674279,-0.172166360416539
"15HLBSN","15HLBSN::17",-0.510964439487628,1.3993732616398
"15HLBSN","15HLBSN::18",-0.224418868937224,0.335824108111259
"15HLBSN","15HLBSN::19",-0.00223867292699403,-0.476054758150559
"15HLBSN","15HLBSN::2",-0.00223867292699403,-0.476054758150559
"15HLBSN","15HLBSN::20",-0.253980904782636,0.247944001074773
"15HLBSN","15HLBSN::21",-0.0852775701931226,-0.103994282809076
"15HLBSN","15HLBSN::22",-0.00223867292699403,-0.476054758150559
"15HLBSN","15HLBSN::23",-0.00223867292699403,-0.476054758150559
"15HLBSN","15HLBSN::24",-0.0943382354346938,-0.295972744696556
"15HLBSN","15HLBSN::25",-0.217494089812109,0.322284107120802
"15HLBSN","15HLBSN::26",-0.00223867292699403,-0.476054758150559
"15HLBSN","15HLBSN::27",-0.120652396170915,-0.244520740813966
"15HLBSN","15HLBSN::28",-0.00223867292699403,-0.476054758150559
"15HLBSN","15HLBSN::29",-0.0680240747261023,-0.347424748525121
"15HLBSN","15HLBSN::3",-0.00223867292699403,-0.476054758150559
"15HLBSN","15HLBSN::30",-0.481880367112412,1.34250525738264
"15HLBSN","15HLBSN::31",-0.00223867292699403,-0.476054758150559
"15HLBSN","15HLBSN::32",-0.00223867292699403,-0.476054758150559
"15HLBSN","15HLBSN::33",-0.278537360477723,0.0641912822654762
"15HLBSN","15HLBSN::34",-0.00223867292699403,-0.476054758150559
"15HLBSN","15HLBSN::35",-0.104032926226432,-0.277016743277501
"15HLBSN","15HLBSN::36",-0.00223867292699403,-0.476054758150559
"15HLBSN","15HLBSN::37",-0.00223867292699403,-0.476054758150559
"15HLBSN","15HLBSN::38",-0.00223867292699403,-0.476054758150559
"15HLBSN","15HLBSN::39",-0.25070964870461,0.471108297194889
"15HLBSN","15HLBSN::4",-0.249144163505973,0.331193889390416
"15HLBSN","15HLBSN::40",-0.00223867292699403,-0.476054758150559
"15HLBSN","15HLBSN::41",-0.162201070976863,-0.163280734763176
"15HLBSN","15HLBSN::42",-0.00223867292699403,-0.476054758150559
"15HLBSN","15HLBSN::43",-0.074948853851217,-0.333884747534664
"15HLBSN","15HLBSN::44",-0.00223867292699403,-0.476054758150559
"15HLBSN","15HLBSN::45",-0.00223867292699403,-0.476054758150559
"15HLBSN","15HLBSN::46",-0.00223867292699403,-0.476054758150559
"15HLBSN","15HLBSN::47",-0.0680240747261023,-0.347424748525121
"15HLBSN","15HLBSN::48",-0.00223867292699403,-0.476054758150559
"15HLBSN","15HLBSN::49",6.94765488903904,0.747528801331938
"15HLBSN","15HLBSN::5",-0.00223867292699403,-0.476054758150559
"15HLBSN","15HLBSN::50",-0.627300728988488,1.62684527866845
"15HLBSN","15HLBSN::6",-0.322568030564542,0.660173678123281
"15HLBSN","15HLBSN::7",-0.00223867292699403,-0.476054758150559
"15HLBSN","15HLBSN::8",-0.627300728988488,1.62684527866845
"15HLBSN","15HLBSN::9",-0.348882191273133,0.711625681951846
"15HZAN","15HZAN::1",-0.276759871678191,0.078557736215813
"15HZAN","15HZAN::10",-0.202093347736441,0.31268593300886
"15HZAN","15HZAN::100",-1.8495970521412,-0.909648625430749
"15HZAN","15HZAN::101",0.647476165980241,-0.0813864081616163
"15HZAN","15HZAN::102",-0.404171656709426,-1.27494110066674
"15HZAN","15HZAN::103",-0.045621831527206,0.466668116825478
"15HZAN","15HZAN::104",-0.295163173272639,-0.178449752333028
"15HZAN","15HZAN::105",-0.51461922965594,1.35333694151448
"15HZAN","15HZAN::106",-0.471100414610406,0.55206577191556
"15HZAN","15HZAN::107",-0.150804368321301,-0.207423956733911
"15HZAN","15HZAN::108",-0.0619681806158886,-0.225254236373864
"15HZAN","15HZAN::109",-0.0269194762077116,0.462914373740755
"15HZAN","15HZAN::11",-0.086143601365382,0.474801226838218
"15HZAN","15HZAN::110",0.150752899140929,0.42725381447333
"15HZAN","15HZAN::111",0.0231202512868384,0.0357489839650131
"15HZAN","15HZAN::112",-0.356530276586998,-0.166132782851882
"15HZAN","15HZAN::113",0.0178022242929179,0.0194362826938333
"15HZAN","15HZAN::114",-0.101997504363433,0.232617414599025
"15HZAN","15HZAN::115",-0.115755663913125,0.480744653380709
"15HZAN","15HZAN::116",-0.0619681806158886,-0.225254236373864
"15HZAN","15HZAN::117",0.150752899140929,0.42725381447333
"15HZAN","15HZAN::118",0.00450715680811686,-0.0213454704841163
"15HZAN","15HZAN::119",-0.655849887506063,0.517978835329303
"15HZAN","15HZAN::12",-0.64836798106733,0.00830906289798176
"15HZAN","15HZAN::120",-0.045621831527206,0.466668116825478
"15HZAN","15HZAN::121",-0.0619681806158886,-0.225254236373864
"15HZAN","15HZAN::122",0.150752899140929,0.42725381447333
"15HZAN","15HZAN::123",0.150752899140929,0.42725381447333
"15HZAN","15HZAN::124",-0.471100414610406,0.55206577191556
"15HZAN","15HZAN::125",-0.683821494367223,-0.100442278931634
"15HZAN","15HZAN::126",-0.209267440386226,0.499513368779362
"15HZAN","15HZAN::127",0.038794436105427,0.0838285245365825
"15HZAN","15HZAN::128",-0.0619681806158886,-0.225254236373864
"15HZAN","15HZAN::129",-0.89654257412404,-0.752950329778829
"15HZAN","15HZAN::13",-0.026514667315995,-0.116502894544249
"15HZAN","15HZAN::130",0.0256228522289078,0.0434255492806126
"15HZAN","15HZAN::131",-0.596230461522427,0.168237506722843
"15HZAN","15HZAN::132",-0.0619681806158886,-0.225254236373864
"15HZAN","15HZAN::133",0.150752899140929,0.42725381447333
"15HZAN","15HZAN::134",-0.261987574482311,0.123870795273426
"15HZAN","15HZAN::135",-0.601096630014986,0.153310851960636
"15HZAN","15HZAN::136",0.0595867220962151,0.147607506948746
"15HZAN","15HZAN::137",0.0198364120288391,0.453530016041429
"15HZAN","15HZAN::138",0.150752899140929,0.42725381447333
"15HZAN","15HZAN::139",0.150752899140929,0.42725381447333
"15HZAN","15HZAN::14",-0.17497978900861,0.49263150646569
"15HZAN","15HZAN::140",0.150752899140929,0.42725381447333
"15HZAN","15HZAN::141",-0.274689260372706,-0.877762287221059
"15HZAN","15HZAN::142",2.42544507438945,-0.724502066142786
"15HZAN","15HZAN::143",-0.71644134540546,-4.26511449889926
"15HZAN","15HZAN::144",2.91863070197222,-0.22218122057911
"15HZAN","15HZAN::145",-0.274689260372706,-0.877762287221059
"15HZAN","15HZAN::146",0.150752899140929,0.42725381447333
"15HZAN","15HZAN::147",0.0256228522289078,0.0434255492806126
"15HZAN","15HZAN::148",-0.0619681806158886,-0.225254236373864
"15HZAN","15HZAN::149",-0.274689260372706,-0.877762287221059
"15HZAN","15HZAN::15",0.506097649589469,0.355932695988403
"15HZAN","15HZAN::150",0.949100910995343,-1.81235872520824
"15HZAN","15HZAN::151",-0.0619681806158886,-0.225254236373864
"15HZAN","15HZAN::152",-0.471100414610406,0.55206577191556
"15HZAN","15HZAN::153",-0.340785488028239,-2.73362496471017
"15HZAN","15HZAN::154",-0.403987503179123,-0.156607659780638
"15HZAN","15HZAN::155",-0.0619681806158886,-0.225254236373864
"15HZAN","15HZAN::156",-0.0619681806158886,-0.225254236373864
"15HZAN","15HZAN::157",0.150752899140929,0.42725381447333
"15HZAN","15HZAN::158",-0.045621831527206,0.466668116825478
"15HZAN","15HZAN::159",-0.582525742100046,0.210275840525625
"15HZAN","15HZAN::16",-0.0269194762077116,0.462914373740755
"15HZAN","15HZAN::160",0.150752899140929,0.42725381447333
"15HZAN","15HZAN::161",-0.152380550658157,0.220780303043633
"15HZAN","15HZAN::162",-0.0619681806158886,-0.225254236373864
"15HZAN","15HZAN::163",-0.471100414610406,0.55206577191556
"15HZAN","15HZAN::164",-0.127426424171934,-0.212116135589815
"15HZAN","15HZAN::165",2.75281016683578,-1.11539284325692
"15HZAN","15HZAN::166",-1.08747616351396,-0.573456469114614
"15HZAN","15HZAN::167",-3.26993269963883,-0.740727442586882
"15HZAN","15HZAN::168",-0.683821494367223,-0.100442278931634
"15HZAN","15HZAN::169",-0.0619681806158886,-0.225254236373864
"15HZAN","15HZAN::17",-0.13662296299709,-0.163923419989015
"15HZAN","15HZAN::170",-0.0619681806158886,-0.225254236373864
"15HZAN","15HZAN::171",-0.464343854201404,-0.144493558032563
"15HZAN","15HZAN::172",-0.338347431144399,-0.169782255293976
"15HZAN","15HZAN::173",-0.323801154840068,-0.172701833237666
"15HZAN","15HZAN::174",-0.204591851556352,0.498574933008181
"15HZAN","15HZAN::175",-0.00119072925983671,-0.0388233647125591
"15HZAN","15HZAN::176",-0.683821494367223,-0.100442278931634
"15HZAN","15HZAN::177",-0.471100414610406,0.55206577191556
"15HZAN","15HZAN::178",-0.89654257412404,-0.752950329778829
"15HZAN","15HZAN::179",-0.0619681806158886,-0.225254236373864
"15HZAN","15HZAN::18",0.150752899140929,0.42725381447333
"15HZAN","15HZAN::180",-0.045621831527206,0.466668116825478
"15HZAN","15HZAN::181",-0.241092212351435,0.193059457041962
"15HZAN","15HZAN::182",0.150752899140929,0.42725381447333
"15HZAN","15HZAN::183",2.44762506497821,6.6831048465171
"15HZAN","15HZAN::184",4.42535517128606,-0.686827590545381
"15HZAN","15HZAN::185",-4.62981401706043,1.5623172323809
"15HZAN","15HZAN::186",-0.0619681806158886,-0.225254236373864
"15HZAN","15HZAN::187",-0.045621831527206,0.466668116825478
"15HZAN","15HZAN::188",-0.274689260372706,-0.877762287221059
"15HZAN","15HZAN::189",0.347164053378628,-1.00257424466329
"15HZAN","15HZAN::19",-0.471100414610406,0.55206577191556
"15HZAN","15HZAN::190",0.775721925541358,-3.08452107468622
"15HZAN","15HZAN::191",-1.08451020400928,-2.39612474988897
"15HZAN","15HZAN::192",-0.516521104616246,-0.829224303769915
"15HZAN","15HZAN::193",-0.238255022556841,0.0708294416428366
"15HZAN","15HZAN::194",-0.0619681806158886,-0.225254236373864
"15HZAN","15HZAN::195",-0.0619681806158886,-0.225254236373864
"15HZAN","15HZAN::196",-0.683821494367223,-0.100442278931634
"15HZAN","15HZAN::197",-0.0619681806158886,-0.225254236373864
"15HZAN","15HZAN::198",-0.141375422487294,-0.0221021631405206
"15HZAN","15HZAN::199",0.150752899140929,0.42725381447333
"15HZAN","15HZAN::2",0.0775936857730508,0.441937574169479
"15HZAN","15HZAN::20",-0.026514667315995,-0.116502894544249
"15HZAN","15HZAN::200",-0.449055825191016,-0.515498739033458
"15HZAN","15HZAN::201",-0.0219119423924645,0.230174905728993
"15HZAN","15HZAN::202",-0.215043167760647,0.500672612966557
"15HZAN","15HZAN::203",-0.471100414610406,0.55206577191556
"15HZAN","15HZAN::204",1.80359176063811,-0.599690108700556
"15HZAN","15HZAN::205",0.00520689720541253,-0.0191990624118162
"15HZAN","15HZAN::206",-0.0619681806158886,-0.225254236373864
"15HZAN","15HZAN::207",0.772606212892264,0.302441857031099
"15HZAN","15HZAN::208",0.422242081427989,-0.772277285847813
"15HZAN","15HZAN::209",-0.0619681806158886,-0.225254236373864
"15HZAN","15HZAN::21",-0.026514667315995,-0.116502894544249
"15HZAN","15HZAN::210",0.150752899140929,0.42725381447333
"15HZAN","15HZAN::211",0.150752899140929,0.42725381447333
"15HZAN","15HZAN::212",0.150752899140929,0.42725381447333
"15HZAN","15HZAN::213",0.150752899140929,0.42725381447333
"15HZAN","15HZAN::214",0.150752899140929,0.42725381447333
"15HZAN","15HZAN::215",0.626360470559451,-0.146157427926347
"15HZAN","15HZAN::216",0.150752899140929,0.42725381447333
"15HZAN","15HZAN::217",-0.0619681806158886,-0.225254236373864
"15HZAN","15HZAN::218",-0.237905421953655,0.505261287874724
"15HZAN","15HZAN::219",0.103481548088586,0.282252025410676
"15HZAN","15HZAN::22",-0.256426239053127,0.140929829315342
"15HZAN","15HZAN::220",-0.471100414610406,0.55206577191556
"15HZAN","15HZAN::221",-0.0619681806158886,-0.225254236373864
"15HZAN","15HZAN::222",-4.67881748963759,-0.331214907424283
"15HZAN","15HZAN::223",-0.217248863357429,-0.120908619119089
"15HZAN","15HZAN::224",-0.0291891791196197,-3.36051555396302
"15HZAN","15HZAN::225",-0.0619681806158886,-0.225254236373864
"15HZAN","15HZAN::226",-0.0910789451026106,0.475791797924473
"15HZAN","15HZAN::227",0.0044344724051728,0.456621333865628
"15HZAN","15HZAN::228",0.150752899140929,0.42725381447333
"15HZAN","15HZAN::229",0.604668518349647,-0.212696077841396
"15HZAN","15HZAN::23",0.150752899140929,0.42725381447333
"15HZAN","15HZAN::230",-0.291613468793679,0.0380887949657535
"15HZAN","15HZAN::231",-0.471100414610406,0.55206577191556
"15HZAN","15HZAN::232",-0.0565193975934184,0.00538654800416618
"15HZAN","15HZAN::233",-0.0619681806158886,-0.225254236373864
"15HZAN","15HZAN::234",-0.781972436100633,-1.47114888454627
"15HZAN","15HZAN::24",0.150752899140929,0.42725381447333
"15HZAN","15HZAN::25",-0.251622774444586,0.508014492814631
"15HZAN","15HZAN::26",0.0256228522289078,0.0434255492806126
"15HZAN","15HZAN::27",0.969017367129963,-1.12738620210552
"15HZAN","15HZAN::28",2.7936294825841,-0.10319700465615
"15HZAN","15HZAN::29",0.150752899140929,0.42725381447333
"15HZAN","15HZAN::3",-0.173572476810944,0.0675026312191025
"15HZAN","15HZAN::30",2.868227013674,-0.484065881825566
"15HZAN","15HZAN::31",0.539411220235513,0.349246341071936
"15HZAN","15HZAN::32",5.61448204805493,-1.10387133428624
"15HZAN","15HZAN::33",-0.10530434770883,0.478646973422333
"15HZAN","15HZAN::34",0.150752899140929,0.42725381447333
"15HZAN","15HZAN::35",-0.199898918194323,-0.164465291716254
"15HZAN","15HZAN::36",0.038794436105427,0.0838285245365825
"15HZAN","15HZAN::37",0.150752899140929,0.42725381447333
"15HZAN","15HZAN::38",-0.240885710825146,0.0969163881879917
"15HZAN","15HZAN::39",-0.101314923969655,0.331487684308547
"15HZAN","15HZAN::4",-0.124997818761304,-0.17949866474504
"15HZAN","15HZAN::40",-0.133686784796601,0.499795135962658
"15HZAN","15HZAN::41",-0.186906218086698,0.165718465927771
"15HZAN","15HZAN::42",0.150752899140929,0.42725381447333
"15HZAN","15HZAN::43",-0.471100414610406,0.55206577191556
"15HZAN","15HZAN::44",-0.330170209570048,0.0216885039073263
"15HZAN","15HZAN::45",-0.34940727076888,0.344692567712386
"15HZAN","15HZAN::46",-0.214270742960407,0.0248522166891124
"15HZAN","15HZAN::47",-0.988975896224978,-0.191938320819367
"15HZAN","15HZAN::48",-0.427056188686046,0.157001658123958
"15HZAN","15HZAN::49",0.150752899140929,0.42725381447333
"15HZAN","15HZAN::5",-0.233182708271729,-0.750443643296547
"15HZAN","15HZAN::50",-0.89654257412404,-0.752950329778829
"15HZAN","15HZAN::51",-0.0269194762077116,0.462914373740755
"15HZAN","15HZAN::52",0.150752899140929,0.42725381447333
"15HZAN","15HZAN::53",0.404590502944818,0.0104097260558366
"15HZAN","15HZAN::54",-0.104710174779399,0.112631283950168
"15HZAN","15HZAN::55",-0.144962917569151,-0.0927291883618045
"15HZAN","15HZAN::56",-0.0619681806158886,-0.225254236373864
"15HZAN","15HZAN::57",-0.139704397788774,-0.0358510220939668
"15HZAN","15HZAN::58",0.863916816357354,2.75363288084018
"15HZAN","15HZAN::59",0.671081907860006,-1.36409428082946
"15HZAN","15HZAN::6",0.0198364120288391,0.453530016041429
"15HZAN","15HZAN::60",0.161228641387352,-0.686237860066637
"15HZAN","15HZAN::61",0.442532769737573,-0.640240136405875
"15HZAN","15HZAN::62",0.061916711435516,0.445084094113283
"15HZAN","15HZAN::63",-0.00398921031883464,0.0493689758231034
"15HZAN","15HZAN::64",0.0198364120288391,0.453530016041429
"15HZAN","15HZAN::65",-0.0369421712377388,-0.148488583348371
"15HZAN","15HZAN::66",-0.683821494367223,-0.100442278931634
"15HZAN","15HZAN::67",-0.0783509532741358,0.473237167211263
"15HZAN","15HZAN::68",-0.683821494367223,-0.100442278931634
"15HZAN","15HZAN::69",-0.471100414610406,0.55206577191556
"15HZAN","15HZAN::7",0.150752899140929,0.42725381447333
"15HZAN","15HZAN::70",-0.0619681806158886,-0.225254236373864
"15HZAN","15HZAN::71",-0.0269194762077116,0.462914373740755
"15HZAN","15HZAN::72",-0.0619681806158886,-0.225254236373864
"15HZAN","15HZAN::73",-0.17497978900861,0.49263150646569
"15HZAN","15HZAN::74",4.37859604848825,-0.830258152815
"15HZAN","15HZAN::75",0.772606212892264,0.302441857031099
"15HZAN","15HZAN::76",0.574066538459658,-0.306565657071198
"15HZAN","15HZAN::77",0.150752899140929,0.42725381447333
"15HZAN","15HZAN::78",-0.0494551759268137,-0.186871409861118
"15HZAN","15HZAN::79",-0.0619681806158886,-0.225254236373864
"15HZAN","15HZAN::8",1.96033360888782,-0.118894702789109
"15HZAN","15HZAN::80",-0.617346156943218,0.103466486958114
"15HZAN","15HZAN::81",0.150752899140929,0.42725381447333
"15HZAN","15HZAN::82",0.361013006424105,0.897749273834602
"15HZAN","15HZAN::83",0.150752899140929,0.42725381447333
"15HZAN","15HZAN::84",-0.321076763287105,-0.0573814410222661
"15HZAN","15HZAN::85",0.0199233052013643,0.572111699159967
"15HZAN","15HZAN::86",0.150752899140929,0.42725381447333
"15HZAN","15HZAN::87",-0.41731293131317,-0.153933117839013
"15HZAN","15HZAN::88",0.0275985898125129,0.0494859955755332
"15HZAN","15HZAN::89",0.300776550153303,-0.18219339840209
"15HZAN","15HZAN::9",-0.143809196830181,0.486375267995312
"15HZAN","15HZAN::90",-0.0735217779216779,-0.141146703500297
"15HZAN","15HZAN::91",-0.0619681806158886,-0.225254236373864
"15HZAN","15HZAN::92",0.134406550238802,-0.264668538763457
"15HZAN","15HZAN::93",-0.192884667727979,-0.198978034805765
"15HZAN","15HZAN::94",-0.0619681806158886,-0.225254236373864
"15HZAN","15HZAN::95",-0.135127393983767,-0.210570476677715
"15HZAN","15HZAN::96",-0.0619681806158886,-0.225254236373864
"15HZAN","15HZAN::97",-0.0835340587676019,0.490013488249471
"15HZAN","15HZAN::98",-0.683821494367223,-0.100442278931634
"15HZAN","15HZAN::99",0.660647749856762,-0.0409834329056479
"41SAWSN","41SAWSN::3001",2.20324353447182,0.78609645140765
"41SAWSN","41SAWSN::3002",0.0712076198762332,-0.0743114425664375
"41SAWSN","41SAWSN::3003",0.0712076198762614,-0.0743114425664195
"41SAWSN","41SAWSN::3004",0.0712076198762614,-0.0743114425664195
"41SAWSN","41SAWSN::3005",0.0712076198762614,-0.0743114425664195
"41SAWSN","41SAWSN::3006",0.0712076198762614,-0.0743114425664195
"41SAWSN","41SAWSN::3007",0.0712076198762614,-0.0743114425664195
"41SAWSN","41SAWSN::3008",0.0712076198762614,-0.0743114425664195
"41SAWSN","41SAWSN::3009",0.0712076198762614,-0.0743114425664195
"41SAWSN","41SAWSN::3010",0.0712076198762614,-0.0743114425664195
"41SAWSN","41SAWSN::3011",0.0712076198762614,-0.0743114425664195
"41SAWSN","41SAWSN::3012",0.0712076198762614,-0.0743114425664195
"41SAWSN","41SAWSN::3013",-0.41149278850252,0.343032442634679
"41SAWSN","41SAWSN::3014",0.0712076198762614,-0.0743114425664195
"41SAWSN","41SAWSN::3015",0.0712076198762614,-0.0743114425664195
"41SAWSN","41SAWSN::3016",0.0712076198762614,-0.0743114425664195
"41SAWSN","41SAWSN::3017",0.0712076198762614,-0.0743114425664195
"41SAWSN","41SAWSN::3018",0.0712076198762614,-0.0743114425664195
"41SAWSN","41SAWSN::3019",0.0712076198762614,-0.0743114425664195
"41SAWSN","41SAWSN::3020",0.0712076198762614,-0.0743114425664195
"41SAWSN","41SAWSN::3021",0.0712076198762614,-0.0743114425664195
"41SAWSN","41SAWSN::3022",0.0712076198762614,-0.0743114425664195
"41SAWSN","41SAWSN::3023",0.0712076198762614,-0.0743114425664195
"41SAWSN","41SAWSN::3024",0.0712076198762614,-0.0743114425664195
"41SAWSN","41SAWSN::3025",0.0710871929810866,-0.190021388034071
"41SAWSN","41SAWSN::3026",0.0712076198762614,-0.0743114425664195
"41SAWSN","41SAWSN::3027",0.0712076198762614,-0.0743114425664195
"41SAWSN","41SAWSN::3028",0.0712076198762614,-0.0743114425664195
"41SAWSN","41SAWSN::3029",0.0712076198762614,-0.0743114425664195
"41SAWSN","41SAWSN::3030",0.0712076198762614,-0.0743114425664195
"41SAWSN","41SAWSN::3031",0.0712076198762614,-0.0743114425664195
"41SAWSN","41SAWSN::3032",0.0712076198762614,-0.0743114425664195
"41SAWSN","41SAWSN::3033",0.0712076198762614,-0.0743114425664195
"41SAWSN","41SAWSN::3034",0.0712076198762614,-0.0743114425664195
"41SAWSN","41SAWSN::3035",0.0712076198762614,-0.0743114425664195
"41SAWSN","41SAWSN::3036",0.0712076198762614,-0.0743114425664195
"41SAWSN","41SAWSN::3037",0.0712076198762614,-0.0743114425664195
"41SAWSN","41SAWSN::3038",0.0712076198762614,-0.0743114425664195
"41SAWSN","41SAWSN::3039",0.0712076198762614,-0.0743114425664195
"41SAWSN","41SAWSN::3040",0.0712076198762614,-0.0743114425664195
"41SAWSN","41SAWSN::3041",0.0712076198762614,-0.0743114425664195
"41SAWSN","41SAWSN::3042",0.0712076198762614,-0.0743114425664195
"41SAWSN","41SAWSN::3043",0.0712076198762614,-0.0743114425664195
"41SAWSN","41SAWSN::3044",0.0712076198762614,-0.0743114425664195
"41SAWSN","41SAWSN::3045",0.0712076198762614,-0.0743114425664195
"41SAWSN","41SAWSN::3046",0.0712076198762614,-0.0743114425664195
"41SAWSN","41SAWSN::3047",0.0712076198762614,-0.0743114425664195
"41SAWSN","41SAWSN::3048",0.0712076198762614,-0.0743114425664195
"41SAWSN","41SAWSN::3049",0.0712076198762614,-0.0743114425664195
"41SAWSN","41SAWSN::3050",-0.884935423998534,-0.088088147492066
"41SAWSN","41SAWSN::3051",0.0712076198762614,-0.0743114425664195
"41SAWSN","41SAWSN::3052",0.0712076198762614,-0.0743114425664195
"41SAWSN","41SAWSN::3053",0.0712076198762614,-0.0743114425664195
"41SAWSN","41SAWSN::3054",0.0712076198762614,-0.0743114425664195
"41SAWSN","41SAWSN::3055",0.0712076198762614,-0.0743114425664195
"41SAWSN","41SAWSN::3056",0.0712076198762614,-0.0743114425664195
"41SAWSN","41SAWSN::3057",0.0712076198762614,-0.0743114425664195
"41SAWSN","41SAWSN::3058",0.0712076198762614,-0.0743114425664195
"41SAWSN","41SAWSN::3059",0.0712076198762614,-0.0743114425664195
"41SAWSN","41SAWSN::3060",0.0712076198762614,-0.0743114425664195
"41SAWSN","41SAWSN::3061",0.0712076198762614,-0.0743114425664195
"41SAWSN","41SAWSN::3062",0.0712076198762614,-0.0743114425664195
"41SAWSN","41SAWSN::3063",0.0712076198762614,-0.0743114425664195
"41SAWSN","41SAWSN::3064",0.0712076198762614,-0.0743114425664195
"41SAWSN","41SAWSN::3065",0.0712076198762614,-0.0743114425664195
"41SAWSN","41SAWSN::3066",0.0712076198762614,-0.0743114425664195
"41SAWSN","41SAWSN::3067",0.0712076198762614,-0.0743114425664195
"41SAWSN","41SAWSN::3068",0.0712076198762614,-0.0743114425664195
"41SAWSN","41SAWSN::3069",0.0712076198762614,-0.0743114425664195
"41SAWSN","41SAWSN::3070",0.0712076198762614,-0.0743114425664195
"41SAWSN","41SAWSN::3071",-0.545070260048027,0.458523832288517
"41SAWSN","41SAWSN::3072",0.0712076198762614,-0.0743114425664195
"41SAWSN","41SAWSN::3073",0.0712076198762614,-0.0743114425664195
"41SAWSN","41SAWSN::3074",0.0712076198762614,-0.0743114425664195
"41SAWSN","41SAWSN::3075",-3.65392145540943,-1.93139809357534
"41SAWSN","41SAWSN::3076",0.0712076198762614,-0.0743114425664195
"41SAWSN","41SAWSN::3077",0.0712076198762614,-0.0743114425664195
"41SAWSN","41SAWSN::3078",0.0712076198762614,-0.0743114425664195
"41SAWSN","41SAWSN::3079",-0.404925435986621,0.337354294518591
"41SAWSN","41SAWSN::3080",0.0712076198762614,-0.0743114425664195
"41SAWSN","41SAWSN::3081",0.0712076198762614,-0.0743114425664195
"41SAWSN","41SAWSN::3082",0.0712076198762614,-0.0743114425664195
"41SAWSN","41SAWSN::3083",0.0712076198762614,-0.0743114425664195
"41SAWSN","41SAWSN::3084",0.0712076198762614,-0.0743114425664195
"41SAWSN","41SAWSN::3085",0.0712076198762614,-0.0743114425664195
"41SAWSN","41SAWSN::3086",0.0712076198762614,-0.0743114425664195
"41SAWSN","41SAWSN::3087",0.0712076198762614,-0.0743114425664195
"41SAWSN","41SAWSN::3088",0.0712076198762614,-0.0743114425664195
"41SAWSN","41SAWSN::3089",0.0712076198762614,-0.0743114425664195
"41SAWSN","41SAWSN::3090",0.0712076198762614,-0.0743114425664195
"41SAWSN","41SAWSN::3091",0.0712076198762614,-0.0743114425664195
"41SAWSN","41SAWSN::3092",0.0712076198762614,-0.0743114425664195
"41SAWSN","41SAWSN::3093",0.0712076198762614,-0.0743114425664195
"41SAWSN","41SAWSN::3094",3.7882404324202,2.29218606224901
"41SAWSN","41SAWSN::3095",0.0712076198762614,-0.0743114425664195
"41SAWSN","41SAWSN::3096",0.0712076198762614,-0.0743114425664195
"41SAWSN","41SAWSN::3097",1.48112884388084,2.68484752493516
"41SAWSN","41SAWSN::3098",1.25700522194493,0.680642093770826
"41SAWSN","41SAWSN::3099",0.0712076198762614,-0.0743114425664195
"41SAWSN","41SAWSN::3100",-3.73268146818041,3.21453982693132
"41SAWSN","41SAWSN::3101",0.0712076198762614,-0.0743114425664195
"41SAWSN","41SAWSN::3102",0.0712076198762614,-0.0743114425664195
"41SAWSN","41SAWSN::3103",0.0712076198762614,-0.0743114425664195
"41SAWSN","41SAWSN::3104",0.0712076198762614,-0.0743114425664195
"41SAWSN","41SAWSN::3105",0.0712076198762614,-0.0743114425664195
"41SAWSN","41SAWSN::3106",0.0712076198762614,-0.0743114425664195
"41SAWSN","41SAWSN::3107",-0.61498413717259,0.518971531528376
"41SAWSN","41SAWSN::3108",0.0712076198762614,-0.0743114425664195
"41SAWSN","41SAWSN::3109",0.0712076198762614,-0.0743114425664195
"41SAWSN","41SAWSN::3110",0.0712076198762614,-0.0743114425664195
"41SAWSN","41SAWSN::3111",0.0712076198762614,-0.0743114425664195
"41SAWSN","41SAWSN::3112",0.0712076198762614,-0.0743114425664195
"41SAWSN","41SAWSN::3113",0.0712076198762614,-0.0743114425664195
"41SAWSN","41SAWSN::3114",0.0712076198762614,-0.0743114425664195
"41SAWSN","41SAWSN::3115",0.0712076198762614,-0.0743114425664195
"41SAWSN","41SAWSN::3116",0.0712076198762614,-0.0743114425664195
"41SAWSN","41SAWSN::3117",0.0712076198762614,-0.0743114425664195
"41SAWSN","41SAWSN::3118",0.0712076198762614,-0.0743114425664195
"41SAWSN","41SAWSN::3119",0.0712076198762614,-0.0743114425664195
"41SAWSN","41SAWSN::3120",0.0712076198762614,-0.0743114425664195
"41SAWSN","41SAWSN::3121",0.0712076198762614,-0.0743114425664195
"41SAWSN","41SAWSN::3122",0.0712076198762614,-0.0743114425664195
"41SAWSN","41SAWSN::3123",0.0712076198762614,-0.0743114425664195
"41SAWSN","41SAWSN::3124",0.0712076198762614,-0.0743114425664195
"41SAWSN","41SAWSN::3125",-2.34130843927588,4.47688450550502
"41SAWSN","41SAWSN::3126",0.0712076198762614,-0.0743114425664195
"41SAWSN","41SAWSN::3127",0.0712076198762614,-0.0743114425664195
"41SAWSN","41SAWSN::3128",0.0712076198762614,-0.0743114425664195
"41SAWSN","41SAWSN::3129",0.0712076198762614,-0.0743114425664195
"41SAWSN","41SAWSN::3130",0.0712076198762614,-0.0743114425664195
"41SAWSN","41SAWSN::3131",0.0712076198762614,-0.0743114425664195
"41SAWSN","41SAWSN::3132",0.0712076198762614,-0.0743114425664195
"41SAWSN","41SAWSN::3133",0.0712076198762614,-0.0743114425664195
"41SAWSN","41SAWSN::3134",0.0712076198762614,-0.0743114425664195
"41SAWSN","41SAWSN::3135",0.0712076198762614,-0.0743114425664195
"41SAWSN","41SAWSN::3136",0.0712076198762614,-0.0743114425664195
"41SAWSN","41SAWSN::3137",0.0712076198762614,-0.0743114425664195
"41SAWSN","41SAWSN::3138",0.0712076198762614,-0.0743114425664195
"41SAWSN","41SAWSN::3139",0.0712076198762614,-0.0743114425664195
"41SAWSN","41SAWSN::3140",0.0712076198762614,-0.0743114425664195
"41SAWSN","41SAWSN::3141",0.0712076198762614,-0.0743114425664195
"41SAWSN","41SAWSN::3142",0.0712076198762614,-0.0743114425664195
"41SAWSN","41SAWSN::3143",0.0712076198762614,-0.0743114425664195
"41SAWSN","41SAWSN::3144",0.0712076198762614,-0.0743114425664195
"41SAWSN","41SAWSN::3145",0.0712076198762614,-0.0743114425664195
"41SAWSN","41SAWSN::3146",0.0712076198762614,-0.0743114425664195
"41SAWSN","41SAWSN::3147",0.0712076198762614,-0.0743114425664195
"41SAWSN","41SAWSN::3148",0.0712076198762614,-0.0743114425664195
"41SAWSN","41SAWSN::3149",0.0712076198762614,-0.0743114425664195
"41SAWSN","41SAWSN::3150",-3.59620850669238,-0.76762995454461
"41SAWSN","41SAWSN::3151",0.0712076198762614,-0.0743114425664195
"41SAWSN","41SAWSN::3152",0.0712076198762614,-0.0743114425664195
"41SAWSN","41SAWSN::3153",0.0712076198762614,-0.0743114425664195
"41SAWSN","41SAWSN::3154",0.0712076198762614,-0.0743114425664195
"41SAWSN","41SAWSN::3155",0.0712076198762614,-0.0743114425664195
"41SAWSN","41SAWSN::3156",0.0712076198762614,-0.0743114425664195
"41SAWSN","41SAWSN::3157",0.0712076198762614,-0.0743114425664195
"41SAWSN","41SAWSN::3158",0.0712076198762614,-0.0743114425664195
"41SAWSN","41SAWSN::3159",0.0712076198762614,-0.0743114425664195
"41SAWSN","41SAWSN::3160",0.0712076198762614,-0.0743114425664195
"41SAWSN","41SAWSN::3161",0.0712076198762614,-0.0743114425664195
"41SAWSN","41SAWSN::3162",0.0712076198762614,-0.0743114425664195
"41SAWSN","41SAWSN::3163",0.0712076198762614,-0.0743114425664195
"41SAWSN","41SAWSN::3164",0.0712076198762614,-0.0743114425664195
"41SAWSN","41SAWSN::3165",0.0712076198762614,-0.0743114425664195
"41SAWSN","41SAWSN::3166",0.0712076198762614,-0.0743114425664195
"41SAWSN","41SAWSN::3167",0.0712076198762614,-0.0743114425664195
"41SAWSN","41SAWSN::3168",0.0712076198762614,-0.0743114425664195
"41SAWSN","41SAWSN::3169",0.0712076198762614,-0.0743114425664195
"41SAWSN","41SAWSN::3170",0.0712076198762614,-0.0743114425664195
"41SAWSN","41SAWSN::3171",0.0504020953573596,-0.481592191591366
"41SAWSN","41SAWSN::3172",0.0712076198762614,-0.0743114425664195
"41SAWSN","41SAWSN::3173",0.0712076198762614,-0.0743114425664195
"41SAWSN","41SAWSN::3174",0.0712076198762614,-0.0743114425664195
"41SAWSN","41SAWSN::3175",-4.34842075696515,-0.565680177431057
"41SAWSN","41SAWSN::3176",0.0712076198762614,-0.0743114425664195
"41SAWSN","41SAWSN::3177",0.0712076198762614,-0.0743114425664195
"41SAWSN","41SAWSN::3178",0.0712076198762614,-0.0743114425664195
"41SAWSN","41SAWSN::3179",-1.07330844293026,0.915239782241982
"41SAWSN","41SAWSN::3180",0.0712076198762614,-0.0743114425664195
"41SAWSN","41SAWSN::3181",0.0712076198762614,-0.0743114425664195
"41SAWSN","41SAWSN::3182",0.0712076198762614,-0.0743114425664195
"41SAWSN","41SAWSN::3183",0.0712076198762614,-0.0743114425664195
"41SAWSN","41SAWSN::3184",0.0712076198762614,-0.0743114425664195
"41SAWSN","41SAWSN::3185",0.0712076198762614,-0.0743114425664195
"41SAWSN","41SAWSN::3186",0.0712076198762614,-0.0743114425664195
"41SAWSN","41SAWSN::3187",0.0712076198762614,-0.0743114425664195
"41SAWSN","41SAWSN::3188",0.0712076198762614,-0.0743114425664195
"41SAWSN","41SAWSN::3189",0.0712076198762614,-0.0743114425664195
"41SAWSN","41SAWSN::3190",0.0712076198762614,-0.0743114425664195
"41SAWSN","41SAWSN::3191",0.0712076198762614,-0.0743114425664195
"41SAWSN","41SAWSN::3192",0.0712076198762614,-0.0743114425664195
"41SAWSN","41SAWSN::3193",0.0712076198762614,-0.0743114425664195
"41SAWSN","41SAWSN::3194",0.0712076198762614,-0.0743114425664195
"41SAWSN","41SAWSN::3195",0.0712076198762614,-0.0743114425664195
"41SAWSN","41SAWSN::3196",0.0712076198762614,-0.0743114425664195
"41SAWSN","41SAWSN::3197",0.0712076198762614,-0.0743114425664195
"41SAWSN","41SAWSN::3198",0.0712076198762614,-0.0743114425664195
"41SAWSN","41SAWSN::3199",0.0712076198762614,-0.0743114425664195
"41SAWSN","41SAWSN::3200",-0.183919572470505,1.78972235936401
"41SAWSN","41SAWSN::3201",0.0712076198762614,-0.0743114425664195
"41SAWSN","41SAWSN::3202",0.0712076198762614,-0.0743114425664195
"41SAWSN","41SAWSN::3203",0.0712076198762614,-0.0743114425664195
"41SAWSN","41SAWSN::3204",0.0712076198762614,-0.0743114425664195
"41SAWSN","41SAWSN::3205",0.0712076198762614,-0.0743114425664195
"41SAWSN","41SAWSN::3206",0.0712076198762614,-0.0743114425664195
"41SAWSN","41SAWSN::3207",0.0712076198762614,-0.0743114425664195
"41SAWSN","41SAWSN::3208",0.0712076198762614,-0.0743114425664195
"41SAWSN","41SAWSN::3209",0.0712076198762614,-0.0743114425664195
"41SAWSN","41SAWSN::3210",0.0712076198762614,-0.0743114425664195
"41SAWSN","41SAWSN::3211",0.0712076198762614,-0.0743114425664195
"41SAWSN","41SAWSN::3212",0.0712076198762614,-0.0743114425664195
"41SAWSN","41SAWSN::3213",0.0712076198762614,-0.0743114425664195
"41SAWSN","41SAWSN::3214",0.0712076198762614,-0.0743114425664195
"41SAWSN","41SAWSN::3215",0.0712076198762614,-0.0743114425664195
"41SAWSN","41SAWSN::3216",0.0573372701969936,-0.345831941916384
"41SAWSN","41SAWSN::3217",0.0712076198762614,-0.0743114425664195
"41SAWSN","41SAWSN::3218",0.0712076198762614,-0.0743114425664195
"41SAWSN","41SAWSN::3219",0.0712076198762614,-0.0743114425664195
"41SAWSN","41SAWSN::3220",0.0712076198762614,-0.0743114425664195
"41SAWSN","41SAWSN::3221",0.0712076198762614,-0.0743114425664195
"41SAWSN","41SAWSN::3222",0.0712076198762614,-0.0743114425664195
"41SAWSN","41SAWSN::3223",0.0712076198762614,-0.0743114425664195
"41SAWSN","41SAWSN::3224",0.0712076198762614,-0.0743114425664195
"41SAWSN","41SAWSN::3225",-0.86729179405133,0.462479639118602
"41SAWSN","41SAWSN::3226",0.0712076198762614,-0.0743114425664195
"41SAWSN","41SAWSN::3227",0.0712076198762614,-0.0743114425664195
"41SAWSN","41SAWSN::3228",-1.27478390346073,1.08943592960568
"41SAWSN","41SAWSN::3229",0.0712076198762614,-0.0743114425664195
"41SAWSN","41SAWSN::3230",0.0712076198762614,-0.0743114425664195
"41SAWSN","41SAWSN::3231",0.0712076198762614,-0.0743114425664195
"41SAWSN","41SAWSN::3232",0.0712076198762614,-0.0743114425664195
"56IBWSN","56IBWSN::1001",0.824447171893865,0.170751036541365
"56IBWSN","56IBWSN::1002",0.392980711745065,0.133922239258007
"56IBWSN","56IBWSN::1003",0.133185075718218,0.428887614944768
"56IBWSN","56IBWSN::1004",0.365848058639673,0.0971859813964772
"56IBWSN","56IBWSN::1005",0.415488261512012,0.458358018982447
"56IBWSN","56IBWSN::1007",-0.566097393109096,-0.517905940153046
"56IBWSN","56IBWSN::1008",0.15865325305392,-0.183345442346079
"56IBWSN","56IBWSN::1009",0.650740916295478,0.48291668900918
"56IBWSN","56IBWSN::1011",0.0848401035676861,-0.283284762049368
"56IBWSN","56IBWSN::1012",-0.170124814182159,-0.36252920262959
"56IBWSN","56IBWSN::1014",-0.505665449510878,-0.604062208581849
"56IBWSN","56IBWSN::1015",0.469445461432549,0.237451693267756
"56IBWSN","56IBWSN::1016",-0.210412494377249,-0.683042040862523
"56IBWSN","56IBWSN::1017",0.15865325305392,-0.183345442346079
"56IBWSN","56IBWSN::1018",0.365848058639672,0.0971859813964775
"56IBWSN","56IBWSN::1019",0.650740916295478,0.48291668900918
"56IBWSN","56IBWSN::1025",-2.00813123136096,1.7594104375901
"56IBWSN","56IBWSN::1026",0.15865325305392,-0.183345442346079
"56IBWSN","56IBWSN::1028",0.392980711745063,0.133922239258008
"56IBWSN","56IBWSN::1031",-0.0740097298675373,0.148356191202212
"56IBWSN","56IBWSN::1036",0.15865325305392,-0.183345442346079
"56IBWSN","56IBWSN::1037",0.15865325305392,-0.183345442346079
"56IBWSN","56IBWSN::1038",0.15865325305392,-0.183345442346079
"56IBWSN","56IBWSN::1039",0.15865325305392,-0.183345442346079
"56IBWSN","56IBWSN::1041",0.15865325305392,-0.183345442346079
"56IBWSN","56IBWSN::1042",0.0528973517369449,-0.0325719725670268
"56IBWSN","56IBWSN::1043",0.310739559229556,0.607695550990639
"56IBWSN","56IBWSN::1044",0.15865325305392,-0.183345442346079
"56IBWSN","56IBWSN::1045",0.478510234160933,0.249724943034839
"56IBWSN","56IBWSN::1046",0.415488261512012,0.458358018982447
"56IBWSN","56IBWSN::1047",0.0370433472190113,0.565954405694667
"56IBWSN","56IBWSN::1048",0.15865325305392,-0.183345442346079
"56IBWSN","56IBWSN::1049",0.15865325305392,-0.183345442346079
"56IBWSN","56IBWSN::1050",-3.52155485163238,1.55602800353623
"56IBWSN","56IBWSN::1051",0.46327894932288,0.229102543699259
"56IBWSN","56IBWSN::1052",0.429301467836777,0.183098729899313
"56IBWSN","56IBWSN::1053",0.521244162828987,0.307584549203395
"56IBWSN","56IBWSN::1054",-2.52883537464379,0.647868233291224
"56IBWSN","56IBWSN::1055",-2.75423616543399,-0.557452515140967
"56IBWSN","56IBWSN::1056",0.15865325305392,-0.183345442346079
"56IBWSN","56IBWSN::1057",0.365848058639672,0.0971859813964775
"56IBWSN","56IBWSN::1058",0.349013123505748,0.553129914322883
"56IBWSN","56IBWSN::1060",0.352482632817444,0.321927772316211
"56IBWSN","56IBWSN::1061",0.15865325305392,-0.183345442346079
"56IBWSN","56IBWSN::1062",0.15865325305392,-0.183345442346079
"56IBWSN","56IBWSN::1063",0.00555899586877667,0.0349171044395315
"56IBWSN","56IBWSN::1064",-0.0518513505455116,0.116765559441165
"56IBWSN","56IBWSN::1065",0.469898325018133,0.740739322367454
"56IBWSN","56IBWSN::1066",-2.66462898358384,0.723150327947836
"56IBWSN","56IBWSN::1067",0.650740916295478,0.48291668900918
"56IBWSN","56IBWSN::1068",0.15865325305392,-0.183345442346079
"56IBWSN","56IBWSN::1069",0.15865325305392,-0.183345442346079
"56IBWSN","56IBWSN::1070",-0.0408417453580278,-0.453451711544321
"56IBWSN","56IBWSN::1071",0.533577186949906,0.324282848207136
"56IBWSN","56IBWSN::1072",0.352034720689677,0.548822100895714
"56IBWSN","56IBWSN::1073",0.429301467836777,0.183098729899313
"56IBWSN","56IBWSN::1074",0.15865325305392,-0.183345442346079
"56IBWSN","56IBWSN::1075",-4.11193493762812,2.46360066093667
"56IBWSN","56IBWSN::1076",0.15865325305392,-0.183345442346079
"56IBWSN","56IBWSN::1077",0.15865325305392,-0.183345442346079
"56IBWSN","56IBWSN::1078",0.193617019316433,0.342731346515966
"56IBWSN","56IBWSN::1079",0.417646760036111,0.167318837332117
"56IBWSN","56IBWSN::1080",0.15865325305392,-0.183345442346079
"56IBWSN","56IBWSN::1081",-0.243219172006847,0.389593742894531
"56IBWSN","56IBWSN::1082",0.521244162828987,0.307584549203395
"56IBWSN","56IBWSN::1083",0.15865325305392,-0.183345442346079
"56IBWSN","56IBWSN::1084",-0.243219172006847,0.389593742894531
"56IBWSN","56IBWSN::1085",0.486711695231361,0.260829311912969
"56IBWSN","56IBWSN::1086",0.15865325305392,-0.183345442346079
"56IBWSN","56IBWSN::1087",0.27620709163193,0.560940313700213
"56IBWSN","56IBWSN::1088",0.15865325305392,-0.183345442346079
"56IBWSN","56IBWSN::1089",0.365848058639672,0.0971859813964775
"56IBWSN","56IBWSN::1090",0.417646760036111,0.167318837332117
"56IBWSN","56IBWSN::1091",0.650740916295478,0.48291668900918
"56IBWSN","56IBWSN::1092",0.650740916295478,0.48291668900918
"56IBWSN","56IBWSN::1093",0.521244162828987,0.307584549203395
"56IBWSN","56IBWSN::1094",0.650740916295478,0.48291668900918
"56IBWSN","56IBWSN::1095",-0.0105561890853898,0.0578921093462398
"56IBWSN","56IBWSN::1096",0.427821285632932,0.475056317986188
"56IBWSN","56IBWSN::1097",0.365848058639672,0.0971859813964775
"56IBWSN","56IBWSN::1098",0.190379865346237,0.415117281506652
"56IBWSN","56IBWSN::1099",0.365848058639672,0.0971859813964775
"56IBWSN","56IBWSN::1101",0.521244162828987,0.307584549203395
"56IBWSN","56IBWSN::1102",0.439846203463608,0.197375775552176
"56IBWSN","56IBWSN::1103",0.650740916295478,0.48291668900918
"56IBWSN","56IBWSN::1104",0.207183220542151,0.529077409100467
"56IBWSN","56IBWSN::1105",-0.185808111215171,-0.64972893429476
"56IBWSN","56IBWSN::1106",0.365848058639672,0.0971859813964775
"56IBWSN","56IBWSN::1107",0.191068035587984,0.552052414007175
"56IBWSN","56IBWSN::1108",0.417646760036111,0.167318837332117
"56IBWSN","56IBWSN::1109",0.521244162828987,0.307584549203395
"56IBWSN","56IBWSN::1110",0.15865325305392,-0.183345442346079
"56IBWSN","56IBWSN::1111",0.527719000485088,0.316351156170365
"56IBWSN","56IBWSN::1112",0.439846203463608,0.197375775552176
"56IBWSN","56IBWSN::1113",0.15865325305392,-0.183345442346079
"56IBWSN","56IBWSN::1114",0.330883935188465,0.0498463036282614
"56IBWSN","56IBWSN::1115",0.15865325305392,-0.183345442346079
"56IBWSN","56IBWSN::1116",-1.01289474779574,-0.652508565054334
"56IBWSN","56IBWSN::1117",0.15865325305392,-0.183345442346079
"56IBWSN","56IBWSN::1118",0.650740916295478,0.48291668900918
"56IBWSN","56IBWSN::1119",-0.0709881326836076,0.144048377775043
"56IBWSN","56IBWSN::1120",-0.0518513505455116,0.116765559441165
"56IBWSN","56IBWSN::1121",0.15865325305392,-0.183345442346079
"56IBWSN","56IBWSN::1122",-1.54190458021366,0.297353548722427
"56IBWSN","56IBWSN::1123",-1.59812213485632,-0.327822845409334
"56IBWSN","56IBWSN::1124",0.329044307351164,0.581598942164484
"56IBWSN","56IBWSN::1126",0.193617019316433,0.342731346515966
"56IBWSN","56IBWSN::1127",0.15865325305392,-0.183345442346079
"56IBWSN","56IBWSN::1128",0.15865325305392,-0.183345442346079
"56IBWSN","56IBWSN::1129",0.15865325305392,-0.183345442346079
"56IBWSN","56IBWSN::1130",0.15865325305392,-0.183345442346079
"56IBWSN","56IBWSN::1131",0.650740916295478,0.48291668900918
"56IBWSN","56IBWSN::1132",0.15865325305392,-0.183345442346079
"56IBWSN","56IBWSN::1133",0.15865325305392,-0.183345442346079
"56IBWSN","56IBWSN::1134",-0.178038305850698,-0.639209005694542
"56IBWSN","56IBWSN::1135",-0.747824021260726,-1.4106704210532
"56IBWSN","56IBWSN::1136",0.15865325305392,-0.183345442346079
"56IBWSN","56IBWSN::1137",0.380092701512621,0.116472516763787
"56IBWSN","56IBWSN::1138",0.0629693423232521,-0.046931350619396
"56IBWSN","56IBWSN::1139",0.15865325305392,-0.183345442346079
"56IBWSN","56IBWSN::1140",0.533577186949906,0.324282848207136
"56IBWSN","56IBWSN::1141",0.521244162828987,0.307584549203395
"56IBWSN","56IBWSN::1142",-0.0360243664210941,0.670125166637088
"56IBWSN","56IBWSN::1143",0.15865325305392,-0.183345442346079
"56IBWSN","56IBWSN::1144",0.15865325305392,-0.183345442346079
"56IBWSN","56IBWSN::1145",-0.544946212861776,-0.548060634085939
"56IBWSN","56IBWSN::1146",0.15865325305392,-0.183345442346079
"56IBWSN","56IBWSN::1147",0.262250655846796,-0.0430797304748009
"56IBWSN","56IBWSN::1148",-0.358902587326508,-0.237374516143985
"56IBWSN","56IBWSN::1149",0.15865325305392,-0.183345442346079
"56IBWSN","56IBWSN::1150",-3.56531778507554,3.55314864366029
"56IBWSN","56IBWSN::1151",0.15865325305392,-0.183345442346079
"56IBWSN","56IBWSN::1152",0.650740916295478,0.48291668900918
"56IBWSN","56IBWSN::1153",0.15865325305392,-0.183345442346079
"56IBWSN","56IBWSN::1154",0.365848058639672,0.0971859813964775
"56IBWSN","56IBWSN::1155",-0.134915261820525,-0.547974012316704
"56IBWSN","56IBWSN::1156",0.521244162828987,0.307584549203395
"56IBWSN","56IBWSN::1157",0.365848058639672,0.0971859813964775
"56IBWSN","56IBWSN::1158",0.495344812106164,0.272518121202262
"56IBWSN","56IBWSN::1159",0.339948707916849,0.0621195533953448
"56IBWSN","56IBWSN::1160",0.570202512043253,0.508868631384238
"56IBWSN","56IBWSN::1161",0.392980711745063,0.133922239258008
"56IBWSN","56IBWSN::1162",0.346115220026517,0.0704687029638414
"56IBWSN","56IBWSN::1163",0.15865325305392,-0.183345442346079
"56IBWSN","56IBWSN::1164",0.207142156436679,0.467429839119361
"56IBWSN","56IBWSN::1165",-0.277751200953489,-0.245084262398497
"56IBWSN","56IBWSN::1166",0.650740916295478,0.48291668900918
"56IBWSN","56IBWSN::1167",0.146035620486464,-0.200429086978975
"56IBWSN","56IBWSN::1168",-0.710702452086327,-0.243355281892965
"56IBWSN","56IBWSN::1169",-0.333434410187638,-0.849607573701338
"56IBWSN","56IBWSN::1170",0.486711695231361,0.260829311912969
"56IBWSN","56IBWSN::1171",0.15865325305392,-0.183345442346079
"56IBWSN","56IBWSN::1172",-1.66057992621766,-2.6464963522251
"56IBWSN","56IBWSN::1173",-0.909537040168069,-1.62962177605234
"56IBWSN","56IBWSN::1174",0.15865325305392,-0.183345442346079
"56IBWSN","56IBWSN::1175",-2.9721178916457,3.66395555438209
"56IBWSN","56IBWSN::1176",0.339948707916849,0.0621195533953448
"56IBWSN","56IBWSN::1177",0.15865325305392,-0.183345442346079
"56IBWSN","56IBWSN::1178",0.314049357243234,0.0270531254608383
"56IBWSN","56IBWSN::1179",-0.333434410187638,-0.849607573701338
"56IBWSN","56IBWSN::1180",0.15865325305392,-0.183345442346079
"56IBWSN","56IBWSN::1181",-0.257728615767078,-0.747105707236488
"56IBWSN","56IBWSN::1182",-1.21666867760737,-2.04546268134748
"56IBWSN","56IBWSN::1183",0.15865325305392,-0.183345442346079
"56IBWSN","56IBWSN::1184",0.132753902331096,-0.218411870347212
"56IBWSN","56IBWSN::1185",-0.0518513505455116,0.116765559441165
"56IBWSN","56IBWSN::1186",0.00555899586877667,0.0349171044395315
"56IBWSN","56IBWSN::1187",0.15865325305392,-0.183345442346079
"56IBWSN","56IBWSN::1188",0.330883935188465,0.0498463036282614
"56IBWSN","56IBWSN::1189",0.650740916295478,0.48291668900918
"56IBWSN","56IBWSN::1190",0.15865325305392,-0.183345442346079
"56IBWSN","56IBWSN::1191",0.15865325305392,-0.183345442346079
"56IBWSN","56IBWSN::1192",0.392980711745063,0.133922239258008
"56IBWSN","56IBWSN::1193",0.521244162828987,0.307584549203395
"56IBWSN","56IBWSN::1194",0.0291564994398024,-0.358677582351742
"56IBWSN","56IBWSN::1195",-0.255736358019168,-0.74440828969794
"56IBWSN","56IBWSN::1196",-0.136599344891015,-0.583102721159234
"56IBWSN","56IBWSN::1197",-0.350115347882938,-0.872192730639968
"56IBWSN","56IBWSN::1198",0.15865325305392,-0.183345442346079
"56IBWSN","56IBWSN::1199",-0.243219172006847,0.389593742894531
"56IBWSN","56IBWSN::1201",0.0246957780470599,0.00763428604835965
"56IBWSN","56IBWSN::1202",-3.13264664528327,-4.63960120529342
"56IBWSN","56IBWSN::1203",-0.877176869924799,-1.49396025455467
"56IBWSN","56IBWSN::1204",-0.333434410187638,-0.849607573701338
"56IBWSN","56IBWSN::1205",0.392980711745063,0.133922239258008
"56IBWSN","56IBWSN::1206",0.15865325305392,-0.183345442346079
"56IBWSN","56IBWSN::1207",-0.166672043414275,0.280462469501726
"56IBWSN","56IBWSN::1208",0.15865325305392,-0.183345442346079
"56IBWSN","56IBWSN::1209",0.15865325305392,-0.183345442346079
"56IBWSN","56IBWSN::1210",0.116231902553884,-0.240781833278822
"56IBWSN","56IBWSN::1211",0.15865325305392,-0.183345442346079
"56IBWSN","56IBWSN::1212",0.233706201263185,-0.0245566697337291
"56IBWSN","56IBWSN::1213",0.392980711745063,0.133922239258008
"56IBWSN","56IBWSN::1214",-0.367534103215454,-0.169691503900393
"56IBWSN","56IBWSN::1215",-1.70341245072558,-0.246969799560793
"56IBWSN","56IBWSN::1216",0.443546110709725,0.202385265266623
"56IBWSN","56IBWSN::1217",0.650740916295478,0.48291668900918
"56IBWSN","56IBWSN::1218",0.15865325305392,-0.183345442346079
"56IBWSN","56IBWSN::1219",0.533577186949906,0.324282848207136
"56IBWSN","56IBWSN::1220",0.650740916295478,0.48291668900918
"56IBWSN","56IBWSN::1221",0.650740916295478,0.48291668900918
"56IBWSN","56IBWSN::1222",-0.520088351502038,-1.10232769260614
"56IBWSN","56IBWSN::1223",-1.73513866281894,-2.74744515966298
"56IBWSN","56IBWSN::1224",0.15865325305392,-0.183345442346079
"56IBWSN","56IBWSN::1226",0.15865325305392,-0.183345442346079
"56IBWSN","56IBWSN::1227",0.15865325305392,-0.183345442346079
"56IBWSN","56IBWSN::1228",0.15865325305392,-0.183345442346079
"56IBWSN","56IBWSN::1229",0.299249728258764,0.00701516660304817
"56IBWSN","56IBWSN::1230",-0.0740097298675373,0.148356191202212
"56IBWSN","56IBWSN::1231",0.365848058639672,0.0971859813964775
