"nursery","environment","env_id","location","year","sowing","n","mean","median","zero_prop","sd","mad","iqr","q10","q90","ge20_prop","normalized_entropy","nonzero_component","iqr_component","spread_component","entropy_component","discrimination_score","score_ci_low","score_ci_high","score_class","rule_A","rule_B","rule_C","rule_count","consensus_discriminating"
"15HLBSN","Jashore_2024_2nd_sowing","Jashore_2024_2nd","Jashore",2024,"2nd",50,2.71999373432,2.380952381,0.46,3.79940989070389,3.5300000000706,4.285714286,0,5.789473684,0.02,0.681263426267299,1,0.4285714286,0.2894736842,0.681263426267299,59.9827134766825,49.8677929192704,70.1366315203704,"moderate",TRUE,FALSE,TRUE,2,TRUE
"15HLBSN","Jashore_2024_1st_sowing","Jashore_2024_1st","Jashore",2024,"1st",50,2.46456140358,0,0.64,4.14203427218028,0,4.166666667,0,10,0,0.600048594348352,0.72,0.4166666667,0.5,0.600048594348352,55.9178815262088,29.8639143895008,69.110998820397,"moderate",TRUE,FALSE,TRUE,2,TRUE
"15HLBSN","Okinawa_2024_1st_sowing","Okinawa_2024_1st","Okinawa",2024,"1st",52,2.21882170211538,0,0.942307692307692,9.12857082782135,0,0,0,0,0.0576923076923077,0.137047869132515,0.115384615384615,0,0,0.137047869132515,6.31081211292826,0,37.867494322465,"minimal",FALSE,FALSE,FALSE,0,FALSE
"15HLBSN","Quirusillas_2024_1st_sowing","Quirusillas_2024_1st","Quirusillas",2024,"1st",52,2.76773886269231,0,0.942307692307692,11.7881067823055,0,0,0,0,0.0576923076923077,0.137047869132515,0.115384615384615,0,0,0.137047869132515,6.31081211292826,0,36.3243869683343,"minimal",FALSE,FALSE,FALSE,0,FALSE
"15HLBSN","Okinawa_2024_2nd_sowing","Okinawa_2024_2nd","Okinawa",2024,"2nd",52,2.12594557423077,0,0.961538461538462,10.8408814790951,0,0,0,0,0.0384615384615385,0.101292276163552,0.0769230769230769,0,0,0.101292276163552,4.45538382716573,0,9.72476567168893,"minimal",FALSE,FALSE,FALSE,0,FALSE
"15HZAN","Jashore_2023_2nd_sowing","Jashore_2023_2nd","Jashore",2023,"2nd",234,11.1338494143462,6.111111111,0.346153846153846,20.5326070435425,5.7656666668314,10,0,20,0.123931623931624,0.735128511886085,1,1,1,0.735128511886085,93.3782127971521,79.6964992514826,94.648047249334,"high",TRUE,TRUE,TRUE,3,TRUE
"15HZAN","Jashore_2023_1st_sowing","Jashore_2023_1st","Jashore",2023,"1st",234,14.5475259873974,10,0.11965811965812,21.2095182572373,4.2359999997882,3.888888889,0,27.0000000000002,0.14957264957265,0.664303700361358,1,0.3888888889,1,0.664303700361358,76.329814731534,69.7998071996404,79.8076051535354,"high",TRUE,FALSE,TRUE,2,TRUE
"15HZAN","Quirusillas_2023_2nd_sowing","Quirusillas_2023_2nd","Quirusillas",2023,"2nd",234,4.74190138510684,0,0.91025641025641,18.4798490674123,0,0,0,0,0.0641025641025641,0.237081829561729,0.179487179487179,0,0,0.237081829561729,10.4142252262227,6.79035305743298,32.7654426448065,"minimal",FALSE,FALSE,FALSE,0,FALSE
"15HZAN","Okinawa_2023_1st_sowing","Okinawa_2023_1st","Okinawa",2023,"1st",234,4.48591649534188,0,0.918803418803419,17.5247649821745,0,0,0,0,0.0598290598290598,0.20409517731073,0.162393162393162,0,0,0.20409517731073,9.1622084925973,6.06499413430549,27.293420335276,"minimal",FALSE,FALSE,FALSE,0,FALSE
"15HZAN","Quirusillas_2023_1st_sowing","Quirusillas_2023_1st","Quirusillas",2023,"1st",234,4.47966079961966,0,0.927350427350427,17.1326810657134,0,0,0,0,0.0683760683760684,0.171918585527461,0.145299145299145,0,0,0.171918585527461,7.93044327066515,4.45538382716573,35.6209295884749,"minimal",FALSE,FALSE,FALSE,0,FALSE
"15HZAN","Okinawa_2023_2nd_sowing","Okinawa_2023_2nd","Okinawa",2023,"2nd",234,5.074767275,0,0.935897435897436,19.7705084462703,0,0,0,0,0.0641025641025641,0.147945899687331,0.128205128205128,0,0,0.147945899687331,6.90377569731148,4.02405349385048,9.90556925324333,"minimal",FALSE,FALSE,FALSE,0,FALSE
"41SAWSN","Okinawa_2024_2nd_sowing","Okinawa_2024_2nd","Okinawa",2024,"2nd",232,2.43998254572414,0,0.931034482758621,10.4611524228083,0,0,0,0,0.0431034482758621,0.194503575543088,0.137931034482759,0,0,0.194503575543088,8.31086525064617,4.87207294836242,19.4692619565589,"minimal",FALSE,FALSE,FALSE,0,FALSE
"41SAWSN","Okinawa_2024_1st_sowing","Okinawa_2024_1st","Okinawa",2024,"1st",232,1.30131326415086,0,0.952586206896552,6.99347048204038,0,0,0,0,0.0301724137931034,0.143903059706945,0.0948275862068965,0,0,0.143903059706945,5.96826614784604,2.91864480554052,8.87536350166724,"minimal",FALSE,FALSE,FALSE,0,FALSE
"41SAWSN","Quirusillas_2024_1st_sowing","Quirusillas_2024_1st","Quirusillas",2024,"1st",232,1.41369944883621,0,0.961206896551724,7.41278056329349,0,0,0,0,0.0344827586206897,0.110362563214897,0.0775862068965517,0,0,0.110362563214897,4.69871925278622,2.20582635783578,7.34874827403376,"minimal",FALSE,FALSE,FALSE,0,FALSE
"56IBWSN","Jashore_2024_2nd_sowing","Jashore_2024_2nd","Jashore",2024,"2nd",230,11.4213064828217,10,0.0826086956521739,12.7913611624062,6.2425263161016,5.263157895,2.380952381,20.68439509,0.130434782608696,0.822649272105606,1,0.5263157895,0.915172135449999,0.822649272105606,81.6034299263901,76.6019528483557,87.6653586299932,"high",TRUE,TRUE,TRUE,3,TRUE
"56IBWSN","Jashore_2024_1st_sowing","Jashore_2024_1st","Jashore",2024,"1st",231,4.81429618206494,0,0.714285714285714,14.6263446146643,0,2.631578947,0,8.095238095,0.0649350649350649,0.561929745153602,0.571428571428571,0.2631578947,0.40476190475,0.561929745153602,45.0319529008043,30.258611301554,56.9456185502568,"moderate",TRUE,FALSE,TRUE,2,TRUE
"56IBWSN","Okinawa_2024_2nd_sowing","Okinawa_2024_2nd","Okinawa",2024,"2nd",230,2.18592464432609,0,0.934782608695652,9.86058009797271,0,0,0,0,0.0434782608695652,0.189838422064593,0.130434782608696,0,0,0.189838422064593,8.00683011683222,4.57095748807268,11.4638122703001,"minimal",FALSE,FALSE,FALSE,0,FALSE
"56IBWSN","Quirusillas_2024_1st_sowing","Quirusillas_2024_1st","Quirusillas",2024,"1st",214,0.448899661635514,0,0.97196261682243,2.73799419842888,0,0,0,0,0.00467289719626168,0.0872881426849639,0.0560747663551402,0,0,0.0872881426849639,3.5840727260026,1.29014350721574,6.09607760183428,"minimal",FALSE,FALSE,FALSE,0,FALSE
"56IBWSN","Okinawa_2024_1st_sowing","Okinawa_2024_1st","Okinawa",2024,"1st",228,1.13017998447368,0,0.973684210526316,6.89417700569821,0,0,0,0,0.0263157894736842,0.0756117410543755,0.0526315789473684,0,0,0.0756117410543755,3.2060830000436,1.21959809888475,5.41514268480724,"minimal",FALSE,FALSE,FALSE,0,FALSE
