"nursery","Entry","GID","material_id","n_env","mean_relative","min_relative","max_relative","rank_range","rank_sd","top20_prop","bottom20_prop","rank_pattern"
"15HLBSN","1","9086910","15HLBSN::1",2,0.403061224489796,0.336734693877551,0.469387755102041,0.13265306122449,0.0937998791369909,0,0,"intermediate"
"15HLBSN","10","9079915","15HLBSN::10",2,0.204081632653061,0.0714285714285714,0.336734693877551,0.26530612244898,0.187599758273982,0,0.5,"consistently_high_disease_rank"
"15HLBSN","11","9083211","15HLBSN::11",2,0.326530612244898,0.26530612244898,0.387755102040816,0.122448979591837,0.0865845038187609,0,0,"intermediate"
"15HLBSN","12","9083554","15HLBSN::12",2,0.729591836734694,0.683673469387755,0.775510204081633,0.0918367346938775,0.0649383778640707,0,0,"intermediate"
"15HLBSN","13","9087058","15HLBSN::13",2,0.301020408163265,0.0714285714285714,0.530612244897959,0.459183673469388,0.324691889320353,0,0.5,"intermediate"
"15HLBSN","14","9082028","15HLBSN::14",2,0.255102040816327,0.224489795918367,0.285714285714286,0.0612244897959183,0.0432922519093804,0,0,"intermediate"
"15HLBSN","15","9086526","15HLBSN::15",2,0.459183673469388,0.23469387755102,0.683673469387755,0.448979591836735,0.317476514002123,0,0,"intermediate"
"15HLBSN","16","9083043","15HLBSN::16",2,0.413265306122449,0.142857142857143,0.683673469387755,0.540816326530612,0.382414891866194,0,0.5,"environment_specific"
"15HLBSN","17","8935464","15HLBSN::17",2,0.086734693877551,0.0714285714285714,0.102040816326531,0.0306122448979592,0.0216461259546903,0,1,"consistently_high_disease_rank"
"15HLBSN","18","9084782","15HLBSN::18",2,0.306122448979592,0.224489795918367,0.387755102040816,0.163265306122449,0.115446005091681,0,0,"intermediate"
"15HLBSN","19","9083225","15HLBSN::19",2,0.729591836734694,0.683673469387755,0.775510204081633,0.0918367346938775,0.0649383778640707,0,0,"intermediate"
"15HLBSN","2","9084889","15HLBSN::2",2,0.729591836734694,0.683673469387755,0.775510204081633,0.0918367346938775,0.0649383778640707,0,0,"intermediate"
"15HLBSN","20","9080989","15HLBSN::20",2,0.204081632653061,0.102040816326531,0.306122448979592,0.204081632653061,0.144307506364602,0,0.5,"consistently_high_disease_rank"
"15HLBSN","21","9081586","15HLBSN::21",2,0.556122448979592,0.336734693877551,0.775510204081633,0.438775510204082,0.310261138683893,0,0,"intermediate"
"15HLBSN","22","9086931","15HLBSN::22",2,0.729591836734694,0.683673469387755,0.775510204081633,0.0918367346938775,0.0649383778640707,0,0,"intermediate"
"15HLBSN","23","9082838","15HLBSN::23",2,0.729591836734694,0.683673469387755,0.775510204081633,0.0918367346938775,0.0649383778640707,0,0,"intermediate"
"15HLBSN","24","9086010","15HLBSN::24",2,0.510204081632653,0.336734693877551,0.683673469387755,0.346938775510204,0.245322760819823,0,0,"intermediate"
"15HLBSN","25","9083322","15HLBSN::25",2,0.346938775510204,0.224489795918367,0.469387755102041,0.244897959183673,0.173169007637522,0,0,"intermediate"
"15HLBSN","26","9087200","15HLBSN::26",2,0.729591836734694,0.683673469387755,0.775510204081633,0.0918367346938775,0.0649383778640707,0,0,"intermediate"
"15HLBSN","27","9084399","15HLBSN::27",2,0.459183673469388,0.23469387755102,0.683673469387755,0.448979591836735,0.317476514002123,0,0,"intermediate"
"15HLBSN","28","9079518","15HLBSN::28",2,0.729591836734694,0.683673469387755,0.775510204081633,0.0918367346938775,0.0649383778640707,0,0,"intermediate"
"15HLBSN","29","9088606","15HLBSN::29",2,0.576530612244898,0.469387755102041,0.683673469387755,0.214285714285714,0.151522881682832,0,0,"intermediate"
"15HLBSN","3","9082278","15HLBSN::3",2,0.729591836734694,0.683673469387755,0.775510204081633,0.0918367346938775,0.0649383778640707,0,0,"intermediate"
"15HLBSN","30","9080408","15HLBSN::30",2,0.127551020408163,0.0714285714285714,0.183673469387755,0.112244897959184,0.0793691285005309,0,1,"consistently_high_disease_rank"
"15HLBSN","31","9087481","15HLBSN::31",2,0.729591836734694,0.683673469387755,0.775510204081633,0.0918367346938775,0.0649383778640707,0,0,"intermediate"
"15HLBSN","32","9087991","15HLBSN::32",2,0.729591836734694,0.683673469387755,0.775510204081633,0.0918367346938775,0.0649383778640707,0,0,"intermediate"
"15HLBSN","33","9085393","15HLBSN::33",2,0.362244897959184,0.0408163265306123,0.683673469387755,0.642857142857143,0.454568645048495,0,0.5,"environment_specific"
"15HLBSN","34","9082196","15HLBSN::34",2,0.729591836734694,0.683673469387755,0.775510204081633,0.0918367346938775,0.0649383778640707,0,0,"intermediate"
"15HLBSN","35","9085044","15HLBSN::35",2,0.494897959183673,0.306122448979592,0.683673469387755,0.377551020408163,0.266968886774513,0,0,"intermediate"
"15HLBSN","36","9086404","15HLBSN::36",2,0.729591836734694,0.683673469387755,0.775510204081633,0.0918367346938775,0.0649383778640707,0,0,"intermediate"
"15HLBSN","37","9086675","15HLBSN::37",2,0.729591836734694,0.683673469387755,0.775510204081633,0.0918367346938775,0.0649383778640707,0,0,"intermediate"
"15HLBSN","38","9081904","15HLBSN::38",2,0.729591836734694,0.683673469387755,0.775510204081633,0.0918367346938775,0.0649383778640707,0,0,"intermediate"
"15HLBSN","39","9082756","15HLBSN::39",2,0.326530612244898,0.183673469387755,0.469387755102041,0.285714285714286,0.202030508910442,0,0.5,"intermediate"
"15HLBSN","4","9086267","15HLBSN::4",2,0.260204081632653,0.23469387755102,0.285714285714286,0.0510204081632653,0.0360768765911503,0,0,"intermediate"
"15HLBSN","40","9085537","15HLBSN::40",2,0.729591836734694,0.683673469387755,0.775510204081633,0.0918367346938775,0.0649383778640707,0,0,"intermediate"
"15HLBSN","41","9086752","15HLBSN::41",2,0.392857142857143,0.102040816326531,0.683673469387755,0.581632653061224,0.411276393139114,0,0.5,"environment_specific"
"15HLBSN","42","9083556","15HLBSN::42",2,0.729591836734694,0.683673469387755,0.775510204081633,0.0918367346938775,0.0649383778640707,0,0,"intermediate"
"15HLBSN","43","9086384","15HLBSN::43",2,0.535714285714286,0.387755102040816,0.683673469387755,0.295918367346939,0.209245884228672,0,0,"intermediate"
"15HLBSN","44","9086096","15HLBSN::44",2,0.729591836734694,0.683673469387755,0.775510204081633,0.0918367346938775,0.0649383778640707,0,0,"intermediate"
"15HLBSN","45","9085657","15HLBSN::45",2,0.729591836734694,0.683673469387755,0.775510204081633,0.0918367346938775,0.0649383778640707,0,0,"intermediate"
"15HLBSN","46","9084822","15HLBSN::46",2,0.729591836734694,0.683673469387755,0.775510204081633,0.0918367346938775,0.0649383778640707,0,0,"intermediate"
"15HLBSN","47","9082789","15HLBSN::47",2,0.576530612244898,0.469387755102041,0.683673469387755,0.214285714285714,0.151522881682832,0,0,"intermediate"
"15HLBSN","48","9086411","15HLBSN::48",2,0.729591836734694,0.683673469387755,0.775510204081633,0.0918367346938775,0.0649383778640707,0,0,"intermediate"
"15HLBSN","49","6387","15HLBSN::49",2,0,0,0,0,0,0,1,"consistently_high_disease_rank"
"15HLBSN","5","8935740","15HLBSN::5",2,0.729591836734694,0.683673469387755,0.775510204081633,0.0918367346938775,0.0649383778640707,0,0,"intermediate"
"15HLBSN","50","911521","15HLBSN::50",2,0.0561224489795918,0.0408163265306123,0.0714285714285714,0.0306122448979591,0.0216461259546902,0,1,"consistently_high_disease_rank"
"15HLBSN","6","9082871","15HLBSN::6",2,0.193877551020408,0.153061224489796,0.23469387755102,0.0816326530612246,0.0577230025458407,0,0.5,"consistently_high_disease_rank"
"15HLBSN","7","9088713","15HLBSN::7",2,0.729591836734694,0.683673469387755,0.775510204081633,0.0918367346938775,0.0649383778640707,0,0,"intermediate"
"15HLBSN","8","9087410","15HLBSN::8",2,0.0561224489795918,0.0408163265306123,0.0714285714285714,0.0306122448979591,0.0216461259546902,0,1,"consistently_high_disease_rank"
"15HLBSN","9","9087739","15HLBSN::9",2,0.158163265306122,0.153061224489796,0.163265306122449,0.0102040816326531,0.00721537531823009,0,1,"consistently_high_disease_rank"
"15HZAN","1","9294009","15HZAN::1",2,0.640557939914163,0.487124463519313,0.793991416309013,0.3068669527897,0.216987703239649,0,0,"intermediate"
"15HZAN","10","9294113","15HZAN::10",2,0.725321888412017,0.63519313304721,0.815450643776824,0.180257510729614,0.127461308196717,0.5,0,"intermediate"
"15HZAN","100","304660","15HZAN::100",2,0.0300429184549356,0.00429184549356221,0.055793991416309,0.0515021459227468,0.0364175166276334,0,1,"consistently_high_disease_rank"
"15HZAN","101","9295419","15HZAN::101",2,0.325107296137339,0.124463519313305,0.525751072961373,0.401287553648069,0.28375315039031,0,0.5,"intermediate"
"15HZAN","102","9295421","15HZAN::102",2,0.224248927038627,0.0772532188841202,0.371244635193133,0.293991416309013,0.20788332408274,0,0.5,"consistently_high_disease_rank"
"15HZAN","103","9295511","15HZAN::103",2,0.766094420600858,0.703862660944206,0.828326180257511,0.124463519313305,0.0880089985167806,0.5,0,"consistently_low_disease_rank"
"15HZAN","104","9295565","15HZAN::104",2,0.490343347639485,0.246781115879828,0.733905579399142,0.487124463519313,0.344449011436365,0,0,"intermediate"
"15HZAN","105","9269749","15HZAN::105",2,0.832618025751073,0.828326180257511,0.836909871244635,0.00858369098712453,0.0060695861046056,1,0,"consistently_low_disease_rank"
"15HZAN","106","9269767","15HZAN::106",2,0.88519313304721,0.828326180257511,0.94206008583691,0.113733905579399,0.0804220158860237,1,0,"consistently_low_disease_rank"
"15HZAN","107","9295644","15HZAN::107",2,0.428111587982833,0.246781115879828,0.609442060085837,0.362660944206009,0.256440012919585,0,0,"intermediate"
"15HZAN","108","9295646","15HZAN::108",2,0.309012875536481,0.246781115879828,0.371244635193133,0.124463519313305,0.0880089985167806,0,0,"intermediate"
"15HZAN","109","9295648","15HZAN::109",2,0.752145922746781,0.675965665236052,0.828326180257511,0.152360515021459,0.107735153356749,0.5,0,"consistently_low_disease_rank"
"15HZAN","11","9294129","15HZAN::11",2,0.784334763948498,0.740343347639485,0.828326180257511,0.0879828326180258,0.062213257572207,0.5,0,"consistently_low_disease_rank"
"15HZAN","110","9269785","15HZAN::110",2,0.599785407725322,0.371244635193133,0.828326180257511,0.457081545064378,0.323205460070246,0.5,0,"intermediate"
"15HZAN","111","9269788","15HZAN::111",2,0.438841201716738,0.371244635193133,0.506437768240343,0.13519313304721,0.0955959811475376,0,0,"intermediate"
"15HZAN","112","9295660","15HZAN::112",2,0.520386266094421,0.246781115879828,0.793991416309013,0.547210300429185,0.386936114168604,0,0,"environment_specific"
"15HZAN","113","9295665","15HZAN::113",2,0.429184549356223,0.371244635193133,0.487124463519313,0.11587982832618,0.081939412412175,0,0,"intermediate"
"15HZAN","114","9269804","15HZAN::114",2,0.649141630901288,0.622317596566524,0.675965665236052,0.053648068669528,0.0379349131537848,0,0,"intermediate"
"15HZAN","115","9269817","15HZAN::115",2,0.799356223175966,0.770386266094421,0.828326180257511,0.0579399141630901,0.0409697062060875,0.5,0,"consistently_low_disease_rank"
"15HZAN","116","9269819","15HZAN::116",2,0.309012875536481,0.246781115879828,0.371244635193133,0.124463519313305,0.0880089985167806,0,0,"intermediate"
"15HZAN","117","9269821","15HZAN::117",2,0.599785407725322,0.371244635193133,0.828326180257511,0.457081545064378,0.323205460070246,0.5,0,"intermediate"
"15HZAN","118","9269840","15HZAN::118",2,0.414163090128755,0.371244635193133,0.457081545064378,0.0858369098712447,0.0606958610460556,0,0,"intermediate"
"15HZAN","119","9295730","15HZAN::119",2,0.747854077253219,0.553648068669528,0.94206008583691,0.388412017167382,0.274648771233402,0.5,0,"intermediate"
"15HZAN","12","9294140","15HZAN::12",2,0.679184549356223,0.416309012875536,0.94206008583691,0.525751072961373,0.37176214890709,0.5,0,"environment_specific"
"15HZAN","120","9295773","15HZAN::120",2,0.766094420600858,0.703862660944206,0.828326180257511,0.124463519313305,0.0880089985167806,0.5,0,"consistently_low_disease_rank"
"15HZAN","121","9295786","15HZAN::121",2,0.309012875536481,0.246781115879828,0.371244635193133,0.124463519313305,0.0880089985167806,0,0,"intermediate"
"15HZAN","122","9295787","15HZAN::122",2,0.599785407725322,0.371244635193133,0.828326180257511,0.457081545064378,0.323205460070246,0.5,0,"intermediate"
"15HZAN","123","9295791","15HZAN::123",2,0.599785407725322,0.371244635193133,0.828326180257511,0.457081545064378,0.323205460070246,0.5,0,"intermediate"
"15HZAN","124","9295806","15HZAN::124",2,0.88519313304721,0.828326180257511,0.94206008583691,0.113733905579399,0.0804220158860237,1,0,"consistently_low_disease_rank"
"15HZAN","125","9295807","15HZAN::125",2,0.594420600858369,0.246781115879828,0.94206008583691,0.695278969957082,0.49163647447305,0.5,0,"environment_specific"
"15HZAN","126","9295808","15HZAN::126",2,0.841201716738197,0.828326180257511,0.854077253218884,0.0257510729613734,0.0182087583138166,1,0,"consistently_low_disease_rank"
"15HZAN","127","9295827","15HZAN::127",2,0.475321888412017,0.371244635193133,0.579399141630901,0.208154506437768,0.147187463036685,0,0,"intermediate"
"15HZAN","128","9295838","15HZAN::128",2,0.309012875536481,0.246781115879828,0.371244635193133,0.124463519313305,0.0880089985167806,0,0,"intermediate"
"15HZAN","129","9295840","15HZAN::129",2,0.521459227467811,0.100858369098712,0.94206008583691,0.841201716738197,0.594819438251345,0.5,0.5,"environment_specific"
"15HZAN","13","9294142","15HZAN::13",2,0.393776824034335,0.371244635193133,0.416309012875536,0.0450643776824035,0.0318653270491792,0,0,"intermediate"
"15HZAN","130","9295844","15HZAN::130",2,0.448497854077253,0.371244635193133,0.525751072961373,0.15450643776824,0.1092525498829,0,0,"intermediate"
"15HZAN","131","9295863","15HZAN::131",2,0.733905579399142,0.525751072961373,0.94206008583691,0.416309012875536,0.29437492607337,0.5,0,"intermediate"
"15HZAN","132","9295873","15HZAN::132",2,0.309012875536481,0.246781115879828,0.371244635193133,0.124463519313305,0.0880089985167806,0,0,"intermediate"
"15HZAN","133","9295888","15HZAN::133",2,0.599785407725322,0.371244635193133,0.828326180257511,0.457081545064378,0.323205460070246,0.5,0,"intermediate"
"15HZAN","134","9270040","15HZAN::134",2,0.67381974248927,0.553648068669528,0.793991416309013,0.240343347639485,0.169948410928956,0,0,"intermediate"
"15HZAN","135","9295927","15HZAN::135",2,0.721030042918455,0.5,0.94206008583691,0.44206008583691,0.312583684387186,0.5,0,"intermediate"
"15HZAN","136","9295932","15HZAN::136",2,0.490343347639485,0.371244635193133,0.609442060085837,0.238197424892704,0.168431014402804,0,0,"intermediate"
"15HZAN","137","9295933","15HZAN::137",2,0.731759656652361,0.63519313304721,0.828326180257511,0.1931330472103,0.136565687353625,0.5,0,"intermediate"
"15HZAN","138","9270086","15HZAN::138",2,0.599785407725322,0.371244635193133,0.828326180257511,0.457081545064378,0.323205460070246,0.5,0,"intermediate"
"15HZAN","139","9270103","15HZAN::139",2,0.599785407725322,0.371244635193133,0.828326180257511,0.457081545064378,0.323205460070246,0.5,0,"intermediate"
"15HZAN","14","9294144","15HZAN::14",2,0.82725321888412,0.82618025751073,0.828326180257511,0.00214592274678105,0.00151739652615134,1,0,"consistently_low_disease_rank"
"15HZAN","140","9270104","15HZAN::140",2,0.599785407725322,0.371244635193133,0.828326180257511,0.457081545064378,0.323205460070246,0.5,0,"intermediate"
"15HZAN","141","9295984","15HZAN::141",2,0.236051502145923,0.100858369098712,0.371244635193133,0.270386266094421,0.191191962295075,0,0.5,"consistently_high_disease_rank"
"15HZAN","142","9295985","15HZAN::142",2,0.162017167381974,0.0772532188841202,0.246781115879828,0.169527896995708,0.11987432556596,0,0.5,"consistently_high_disease_rank"
"15HZAN","143","9295986","15HZAN::143",2,0.0879828326180258,0.0515021459227468,0.124463519313305,0.0729613733905579,0.0515914818891472,0,1,"consistently_high_disease_rank"
"15HZAN","144","9295992","15HZAN::144",2,0.229613733905579,0.0643776824034334,0.394849785407725,0.330472103004292,0.233679065027314,0,0.5,"consistently_high_disease_rank"
"15HZAN","145","9296001","15HZAN::145",2,0.236051502145923,0.100858369098712,0.371244635193133,0.270386266094421,0.191191962295075,0,0.5,"consistently_high_disease_rank"
"15HZAN","146","9296007","15HZAN::146",2,0.599785407725322,0.371244635193133,0.828326180257511,0.457081545064378,0.323205460070246,0.5,0,"intermediate"
"15HZAN","147","9296016","15HZAN::147",2,0.448497854077253,0.371244635193133,0.525751072961373,0.15450643776824,0.1092525498829,0,0,"intermediate"
"15HZAN","148","9296026","15HZAN::148",2,0.309012875536481,0.246781115879828,0.371244635193133,0.124463519313305,0.0880089985167806,0,0,"intermediate"
"15HZAN","149","9296031","15HZAN::149",2,0.236051502145923,0.100858369098712,0.371244635193133,0.270386266094421,0.191191962295075,0,0.5,"consistently_high_disease_rank"
"15HZAN","15","9294146","15HZAN::15",2,0.493562231759657,0.158798283261803,0.828326180257511,0.669527896995708,0.473427716159234,0.5,0.5,"environment_specific"
"15HZAN","150","7304225","15HZAN::150",2,0.0150214592274678,0.0128755364806867,0.0171673819742489,0.00429184549356221,0.00303479305230276,0,1,"consistently_high_disease_rank"
"15HZAN","151","9296038","15HZAN::151",2,0.309012875536481,0.246781115879828,0.371244635193133,0.124463519313305,0.0880089985167806,0,0,"intermediate"
"15HZAN","152","9296054","15HZAN::152",2,0.88519313304721,0.828326180257511,0.94206008583691,0.113733905579399,0.0804220158860237,1,0,"consistently_low_disease_rank"
"15HZAN","153","9296079","15HZAN::153",2,0.0450643776824035,0.0343347639484979,0.055793991416309,0.0214592274678111,0.0151739652615139,0,1,"consistently_high_disease_rank"
"15HZAN","154","9296092","15HZAN::154",2,0.543991416309013,0.246781115879828,0.841201716738197,0.594420600858369,0.420318837743935,0.5,0,"environment_specific"
"15HZAN","155","9296120","15HZAN::155",2,0.309012875536481,0.246781115879828,0.371244635193133,0.124463519313305,0.0880089985167806,0,0,"intermediate"
"15HZAN","156","9296122","15HZAN::156",2,0.309012875536481,0.246781115879828,0.371244635193133,0.124463519313305,0.0880089985167806,0,0,"intermediate"
"15HZAN","157","9296123","15HZAN::157",2,0.599785407725322,0.371244635193133,0.828326180257511,0.457081545064378,0.323205460070246,0.5,0,"intermediate"
"15HZAN","158","9296175","15HZAN::158",2,0.766094420600858,0.703862660944206,0.828326180257511,0.124463519313305,0.0880089985167806,0.5,0,"consistently_low_disease_rank"
"15HZAN","159","9296208","15HZAN::159",2,0.76931330472103,0.59656652360515,0.94206008583691,0.34549356223176,0.244300840710374,0.5,0,"consistently_low_disease_rank"
"15HZAN","16","9294147","15HZAN::16",2,0.752145922746781,0.675965665236052,0.828326180257511,0.152360515021459,0.107735153356749,0.5,0,"consistently_low_disease_rank"
"15HZAN","160","9296237","15HZAN::160",2,0.599785407725322,0.371244635193133,0.828326180257511,0.457081545064378,0.323205460070246,0.5,0,"intermediate"
"15HZAN","161","9296263","15HZAN::161",2,0.309012875536481,0.246781115879828,0.371244635193133,0.124463519313305,0.0880089985167806,0,0,"intermediate"
"15HZAN","162","9296288","15HZAN::162",2,0.309012875536481,0.246781115879828,0.371244635193133,0.124463519313305,0.0880089985167806,0,0,"intermediate"
"15HZAN","163","9296290","15HZAN::163",2,0.88519313304721,0.828326180257511,0.94206008583691,0.113733905579399,0.0804220158860237,1,0,"consistently_low_disease_rank"
"15HZAN","164","9296319","15HZAN::164",2,0.416309012875536,0.246781115879828,0.585836909871245,0.339055793991416,0.23974865113192,0,0,"intermediate"
"15HZAN","165","9296325","15HZAN::165",2,0.0536480686695279,0.0407725321888412,0.0665236051502146,0.0257510729613734,0.0182087583138166,0,1,"consistently_high_disease_rank"
"15HZAN","166","9296332","15HZAN::166",2,0.0450643776824035,0.0343347639484979,0.055793991416309,0.0214592274678111,0.0151739652615139,0,1,"consistently_high_disease_rank"
"15HZAN","167","9296336","15HZAN::167",2,0.0643776824034335,0.0343347639484979,0.0944206008583691,0.0600858369098712,0.0424871027322389,0,1,"consistently_high_disease_rank"
"15HZAN","168","9296354","15HZAN::168",2,0.594420600858369,0.246781115879828,0.94206008583691,0.695278969957082,0.49163647447305,0.5,0,"environment_specific"
"15HZAN","169","9296358","15HZAN::169",2,0.309012875536481,0.246781115879828,0.371244635193133,0.124463519313305,0.0880089985167806,0,0,"intermediate"
"15HZAN","17","9294168","15HZAN::17",2,0.494635193133047,0.379828326180258,0.609442060085837,0.229613733905579,0.162361428298199,0,0,"intermediate"
"15HZAN","170","9296359","15HZAN::170",2,0.309012875536481,0.246781115879828,0.371244635193133,0.124463519313305,0.0880089985167806,0,0,"intermediate"
"15HZAN","171","9296367","15HZAN::171",2,0.55793991416309,0.246781115879828,0.869098712446352,0.622317596566524,0.440044992583903,0.5,0,"environment_specific"
"15HZAN","172","9296371","15HZAN::172",2,0.511802575107296,0.246781115879828,0.776824034334764,0.530042918454936,0.374796941959393,0,0,"environment_specific"
"15HZAN","173","9296374","15HZAN::173",2,0.505364806866953,0.246781115879828,0.763948497854077,0.517167381974249,0.365692562802485,0,0,"environment_specific"
"15HZAN","174","9270527","15HZAN::174",2,0.837982832618026,0.828326180257511,0.847639484978541,0.0193133047210301,0.0136565687353625,1,0,"consistently_low_disease_rank"
"15HZAN","175","9296409","15HZAN::175",2,0.408798283261803,0.371244635193133,0.446351931330472,0.0751072961373391,0.0531088784152987,0,0,"intermediate"
"15HZAN","176","9296411","15HZAN::176",2,0.594420600858369,0.246781115879828,0.94206008583691,0.695278969957082,0.49163647447305,0.5,0,"environment_specific"
"15HZAN","177","9296412","15HZAN::177",2,0.88519313304721,0.828326180257511,0.94206008583691,0.113733905579399,0.0804220158860237,1,0,"consistently_low_disease_rank"
"15HZAN","178","9296428","15HZAN::178",2,0.521459227467811,0.100858369098712,0.94206008583691,0.841201716738197,0.594819438251345,0.5,0.5,"environment_specific"
"15HZAN","179","9296430","15HZAN::179",2,0.309012875536481,0.246781115879828,0.371244635193133,0.124463519313305,0.0880089985167806,0,0,"intermediate"
"15HZAN","18","9294175","15HZAN::18",2,0.599785407725322,0.371244635193133,0.828326180257511,0.457081545064378,0.323205460070246,0.5,0,"intermediate"
"15HZAN","180","9296445","15HZAN::180",2,0.766094420600858,0.703862660944206,0.828326180257511,0.124463519313305,0.0880089985167806,0.5,0,"consistently_low_disease_rank"
"15HZAN","181","9296450","15HZAN::181",2,0.710300429184549,0.605150214592275,0.815450643776824,0.210300429184549,0.148704859562836,0.5,0,"intermediate"
"15HZAN","182","9296458","15HZAN::182",2,0.599785407725322,0.371244635193133,0.828326180257511,0.457081545064378,0.323205460070246,0.5,0,"intermediate"
"15HZAN","183","9296471","15HZAN::183",2,0.420600858369099,0.0128755364806867,0.828326180257511,0.815450643776824,0.576610679937528,0.5,0.5,"environment_specific"
"15HZAN","184","9270624","15HZAN::184",2,0.329399141630901,0.0407725321888412,0.618025751072961,0.57725321888412,0.408179665534724,0,0.5,"environment_specific"
"15HZAN","185","9270636","15HZAN::185",2,0.202789699570815,0.0343347639484979,0.371244635193133,0.336909871244635,0.238231254605768,0,0.5,"consistently_high_disease_rank"
"15HZAN","186","9296538","15HZAN::186",2,0.309012875536481,0.246781115879828,0.371244635193133,0.124463519313305,0.0880089985167806,0,0,"intermediate"
"15HZAN","187","9296544","15HZAN::187",2,0.766094420600858,0.703862660944206,0.828326180257511,0.124463519313305,0.0880089985167806,0.5,0,"consistently_low_disease_rank"
"15HZAN","188","9296554","15HZAN::188",2,0.236051502145923,0.100858369098712,0.371244635193133,0.270386266094421,0.191191962295075,0,0.5,"consistently_high_disease_rank"
"15HZAN","189","9296575","15HZAN::189",2,0.112660944206009,0.100858369098712,0.124463519313305,0.0236051502145922,0.0166913617876652,0,1,"consistently_high_disease_rank"
"15HZAN","19","9294191","15HZAN::19",2,0.88519313304721,0.828326180257511,0.94206008583691,0.113733905579399,0.0804220158860237,1,0,"consistently_low_disease_rank"
"15HZAN","190","9296591","15HZAN::190",2,0.0439914163090129,0.0407725321888412,0.0472103004291845,0.00643776824034326,0.0045521895784541,0,1,"consistently_high_disease_rank"
"15HZAN","191","9296629","15HZAN::191",2,0.218884120171674,0.0665236051502146,0.371244635193133,0.304721030042918,0.215470306713497,0,0.5,"consistently_high_disease_rank"
"15HZAN","192","9296682","15HZAN::192",2,0.424892703862661,0.100858369098712,0.748927038626609,0.648068669527897,0.45825375089772,0,0.5,"environment_specific"
"15HZAN","193","9296684","15HZAN::193",2,0.622317596566524,0.487124463519313,0.757510729613734,0.270386266094421,0.191191962295075,0,0,"intermediate"
"15HZAN","194","9296686","15HZAN::194",2,0.309012875536481,0.246781115879828,0.371244635193133,0.124463519313305,0.0880089985167806,0,0,"intermediate"
"15HZAN","195","9296689","15HZAN::195",2,0.309012875536481,0.246781115879828,0.371244635193133,0.124463519313305,0.0880089985167806,0,0,"intermediate"
"15HZAN","196","9296690","15HZAN::196",2,0.594420600858369,0.246781115879828,0.94206008583691,0.695278969957082,0.49163647447305,0.5,0,"environment_specific"
"15HZAN","197","9296703","15HZAN::197",2,0.309012875536481,0.246781115879828,0.371244635193133,0.124463519313305,0.0880089985167806,0,0,"intermediate"
"15HZAN","198","9296714","15HZAN::198",2,0.309012875536481,0.246781115879828,0.371244635193133,0.124463519313305,0.0880089985167806,0,0,"intermediate"
"15HZAN","199","9296768","15HZAN::199",2,0.599785407725322,0.371244635193133,0.828326180257511,0.457081545064378,0.323205460070246,0.5,0,"intermediate"
"15HZAN","2","9294011","15HZAN::2",2,0.71244635193133,0.59656652360515,0.828326180257511,0.23175965665236,0.16387882482435,0.5,0,"intermediate"
"15HZAN","20","9294197","15HZAN::20",2,0.393776824034335,0.371244635193133,0.416309012875536,0.0450643776824035,0.0318653270491792,0,0,"intermediate"
"15HZAN","200","304660","15HZAN::200",2,0.0214592274678112,0.0128755364806867,0.0300429184549357,0.0171673819742489,0.0121391722092111,0,1,"consistently_high_disease_rank"
"15HZAN","201","9296772","15HZAN::201",2,0.622317596566524,0.618025751072961,0.626609442060086,0.00858369098712441,0.00606958610460552,0,0,"intermediate"
"15HZAN","202","9296784","15HZAN::202",2,0.843347639484979,0.828326180257511,0.858369098712446,0.0300429184549357,0.0212435513661195,1,0,"consistently_low_disease_rank"
"15HZAN","203","9296785","15HZAN::203",2,0.88519313304721,0.828326180257511,0.94206008583691,0.113733905579399,0.0804220158860237,1,0,"consistently_low_disease_rank"
"15HZAN","204","9270930","15HZAN::204",2,0.165236051502146,0.0836909871244635,0.246781115879828,0.163090128755365,0.115322135987506,0,0.5,"consistently_high_disease_rank"
"15HZAN","205","9270933","15HZAN::205",2,0.420600858369099,0.371244635193133,0.469957081545064,0.0987124463519313,0.0698002402029639,0,0,"intermediate"
"15HZAN","206","9270957","15HZAN::206",2,0.309012875536481,0.246781115879828,0.371244635193133,0.124463519313305,0.0880089985167806,0,0,"intermediate"
"15HZAN","207","9296864","15HZAN::207",2,0.476394849785408,0.124463519313305,0.828326180257511,0.703862660944206,0.497706060577656,0.5,0.5,"environment_specific"
"15HZAN","208","9296866","15HZAN::208",2,0.126609442060086,0.124463519313305,0.128755364806867,0.00429184549356232,0.00303479305230284,0,1,"consistently_high_disease_rank"
"15HZAN","209","9296869","15HZAN::209",2,0.309012875536481,0.246781115879828,0.371244635193133,0.124463519313305,0.0880089985167806,0,0,"intermediate"
"15HZAN","21","9294200","15HZAN::21",2,0.393776824034335,0.371244635193133,0.416309012875536,0.0450643776824035,0.0318653270491792,0,0,"intermediate"
"15HZAN","210","9296883","15HZAN::210",2,0.599785407725322,0.371244635193133,0.828326180257511,0.457081545064378,0.323205460070246,0.5,0,"intermediate"
"15HZAN","211","9296884","15HZAN::211",2,0.599785407725322,0.371244635193133,0.828326180257511,0.457081545064378,0.323205460070246,0.5,0,"intermediate"
"15HZAN","212","9296895","15HZAN::212",2,0.599785407725322,0.371244635193133,0.828326180257511,0.457081545064378,0.323205460070246,0.5,0,"intermediate"
"15HZAN","213","9296907","15HZAN::213",2,0.599785407725322,0.371244635193133,0.828326180257511,0.457081545064378,0.323205460070246,0.5,0,"intermediate"
"15HZAN","214","9271061","15HZAN::214",2,0.599785407725322,0.371244635193133,0.828326180257511,0.457081545064378,0.323205460070246,0.5,0,"intermediate"
"15HZAN","215","9271063","15HZAN::215",2,0.290772532188841,0.124463519313305,0.457081545064378,0.332618025751073,0.235196461553465,0,0.5,"intermediate"
"15HZAN","216","9271064","15HZAN::216",2,0.599785407725322,0.371244635193133,0.828326180257511,0.457081545064378,0.323205460070246,0.5,0,"intermediate"
"15HZAN","217","9271065","15HZAN::217",2,0.309012875536481,0.246781115879828,0.371244635193133,0.124463519313305,0.0880089985167806,0,0,"intermediate"
"15HZAN","218","9296943","15HZAN::218",2,0.84549356223176,0.828326180257511,0.862660944206009,0.0343347639484979,0.0242783444184223,1,0,"consistently_low_disease_rank"
"15HZAN","219","9296944","15HZAN::219",2,0.509656652360515,0.371244635193133,0.648068669527897,0.276824034334764,0.195744151873529,0,0,"intermediate"
"15HZAN","22","9294204","15HZAN::22",2,0.678111587982833,0.562231759656652,0.793991416309013,0.231759656652361,0.16387882482435,0,0,"intermediate"
"15HZAN","220","9297003","15HZAN::220",2,0.88519313304721,0.828326180257511,0.94206008583691,0.113733905579399,0.0804220158860237,1,0,"consistently_low_disease_rank"
"15HZAN","221","9297045","15HZAN::221",2,0.309012875536481,0.246781115879828,0.371244635193133,0.124463519313305,0.0880089985167806,0,0,"intermediate"
"15HZAN","222","9297090","15HZAN::222",2,0.488197424892704,0.0343347639484979,0.94206008583691,0.907725321888412,0.641858730562038,0.5,0.5,"environment_specific"
"15HZAN","223","9297094","15HZAN::223",2,0.531115879828326,0.386266094420601,0.675965665236052,0.289699570815451,0.204848531030438,0,0,"intermediate"
"15HZAN","224","9297101","15HZAN::224",2,0.0751072961373391,0.055793991416309,0.0944206008583691,0.0386266094420601,0.027313137470725,0,1,"consistently_high_disease_rank"
"15HZAN","225","9297124","15HZAN::225",2,0.309012875536481,0.246781115879828,0.371244635193133,0.124463519313305,0.0880089985167806,0,0,"intermediate"
"15HZAN","226","9297144","15HZAN::226",2,0.78862660944206,0.748927038626609,0.828326180257511,0.0793991416309013,0.0561436714676014,0.5,0,"consistently_low_disease_rank"
"15HZAN","227","9297161","15HZAN::227",2,0.741416309012876,0.65450643776824,0.828326180257511,0.17381974248927,0.122909118618263,0.5,0,"intermediate"
"15HZAN","228","9297164","15HZAN::228",2,0.599785407725322,0.371244635193133,0.828326180257511,0.457081545064378,0.323205460070246,0.5,0,"intermediate"
"15HZAN","229","9297181","15HZAN::229",2,0.278969957081545,0.124463519313305,0.433476394849785,0.309012875536481,0.2185050997658,0,0.5,"intermediate"
"15HZAN","23","9294220","15HZAN::23",2,0.599785407725322,0.371244635193133,0.828326180257511,0.457081545064378,0.323205460070246,0.5,0,"intermediate"
"15HZAN","230","9297186","15HZAN::230",2,0.636266094420601,0.457081545064378,0.815450643776824,0.358369098712446,0.253405219867282,0.5,0,"intermediate"
"15HZAN","231","9297187","15HZAN::231",2,0.88519313304721,0.828326180257511,0.94206008583691,0.113733905579399,0.0804220158860237,1,0,"consistently_low_disease_rank"
"15HZAN","232","9297191","15HZAN::232",2,0.531115879828326,0.476394849785408,0.585836909871245,0.109442060085837,0.0773872228337209,0,0,"intermediate"
"15HZAN","233","9297196","15HZAN::233",2,0.309012875536481,0.246781115879828,0.371244635193133,0.124463519313305,0.0880089985167806,0,0,"intermediate"
"15HZAN","234","9297218","15HZAN::234",2,0.433476394849785,0.072961373390558,0.793991416309013,0.721030042918455,0.509845232786867,0,0.5,"environment_specific"
"15HZAN","24","9294222","15HZAN::24",2,0.599785407725322,0.371244635193133,0.828326180257511,0.457081545064378,0.323205460070246,0.5,0,"intermediate"
"15HZAN","25","9268365","15HZAN::25",2,0.848712446351931,0.828326180257511,0.869098712446352,0.0407725321888412,0.0288305339968764,1,0,"consistently_low_disease_rank"
"15HZAN","26","9268369","15HZAN::26",2,0.448497854077253,0.371244635193133,0.525751072961373,0.15450643776824,0.1092525498829,0,0,"intermediate"
"15HZAN","27","9294242","15HZAN::27",2,0.0976394849785408,0.0944206008583691,0.100858369098712,0.00643776824034337,0.00455218957845418,0,1,"consistently_high_disease_rank"
"15HZAN","28","9294243","15HZAN::28",2,0.450643776824034,0.072961373390558,0.828326180257511,0.755364806866953,0.534123577205289,0.5,0.5,"environment_specific"
"15HZAN","29","9294248","15HZAN::29",2,0.599785407725322,0.371244635193133,0.828326180257511,0.457081545064378,0.323205460070246,0.5,0,"intermediate"
"15HZAN","3","9294013","15HZAN::3",2,0.59549356223176,0.5,0.690987124463519,0.190987124463519,0.135048290827474,0,0,"intermediate"
"15HZAN","30","9294249","15HZAN::30",2,0.324034334763948,0.0686695278969958,0.579399141630901,0.510729613733905,0.361140373224031,0,0.5,"environment_specific"
"15HZAN","31","9294250","15HZAN::31",2,0.489270386266094,0.150214592274678,0.828326180257511,0.678111587982833,0.479497302263839,0.5,0.5,"environment_specific"
"15HZAN","32","9294274","15HZAN::32",2,0.25,0.0128755364806867,0.487124463519313,0.474248927038627,0.335344632279457,0,0.5,"consistently_high_disease_rank"
"15HZAN","33","9294282","15HZAN::33",2,0.792918454935622,0.757510729613734,0.828326180257511,0.0708154506437768,0.0500740853629958,0.5,0,"consistently_low_disease_rank"
"15HZAN","34","9294285","15HZAN::34",2,0.599785407725322,0.371244635193133,0.828326180257511,0.457081545064378,0.323205460070246,0.5,0,"intermediate"
"15HZAN","35","9294287","15HZAN::35",2,0.513948497854077,0.366952789699571,0.660944206008584,0.293991416309013,0.20788332408274,0,0,"intermediate"
"15HZAN","36","9294293","15HZAN::36",2,0.475321888412017,0.371244635193133,0.579399141630901,0.208154506437768,0.147187463036685,0,0,"intermediate"
"15HZAN","37","9294312","15HZAN::37",2,0.599785407725322,0.371244635193133,0.828326180257511,0.457081545064378,0.323205460070246,0.5,0,"intermediate"
"15HZAN","38","9294335","15HZAN::38",2,0.648068669527897,0.525751072961373,0.770386266094421,0.244635193133047,0.172983203981258,0,0,"intermediate"
"15HZAN","39","9294344","15HZAN::39",2,0.684549356223176,0.652360515021459,0.716738197424893,0.0643776824034334,0.0455218957845417,0,0,"intermediate"
"15HZAN","4","9294016","15HZAN::4",2,0.481759656652361,0.366952789699571,0.59656652360515,0.229613733905579,0.162361428298199,0,0,"intermediate"
"15HZAN","40","9294359","15HZAN::40",2,0.63412017167382,0.613733905579399,0.65450643776824,0.0407725321888412,0.0288305339968764,0,0,"intermediate"
"15HZAN","41","9294373","15HZAN::41",2,0.670600858369099,0.600858369098712,0.740343347639485,0.139484978540773,0.0986307741998403,0,0,"intermediate"
"15HZAN","42","9294374","15HZAN::42",2,0.599785407725322,0.371244635193133,0.828326180257511,0.457081545064378,0.323205460070246,0.5,0,"intermediate"
"15HZAN","43","9294386","15HZAN::43",2,0.88519313304721,0.828326180257511,0.94206008583691,0.113733905579399,0.0804220158860237,1,0,"consistently_low_disease_rank"
"15HZAN","44","9294408","15HZAN::44",2,0.637339055793991,0.44206008583691,0.832618025751073,0.390557939914163,0.276166167759553,0.5,0,"intermediate"
"15HZAN","45","9294419","15HZAN::45",2,0.758583690987124,0.641630901287554,0.875536480686695,0.233905579399142,0.165396221350501,0.5,0,"consistently_low_disease_rank"
"15HZAN","46","9294518","15HZAN::46",2,0.59549356223176,0.469957081545064,0.721030042918455,0.251072961373391,0.177535393559713,0,0,"intermediate"
"15HZAN","47","9294520","15HZAN::47",2,0.309012875536481,0.246781115879828,0.371244635193133,0.124463519313305,0.0880089985167806,0,0,"intermediate"
"15HZAN","48","9294575","15HZAN::48",2,0.716738197424893,0.553648068669528,0.879828326180258,0.32618025751073,0.230644271975011,0.5,0,"intermediate"
"15HZAN","49","9294602","15HZAN::49",2,0.599785407725322,0.371244635193133,0.828326180257511,0.457081545064378,0.323205460070246,0.5,0,"intermediate"
"15HZAN","5","9294018","15HZAN::5",2,0.247854077253219,0.124463519313305,0.371244635193133,0.246781115879828,0.17450060050741,0,0.5,"consistently_high_disease_rank"
"15HZAN","50","6564550","15HZAN::50",2,0.521459227467811,0.100858369098712,0.94206008583691,0.841201716738197,0.594819438251345,0.5,0.5,"environment_specific"
"15HZAN","51","9268735","15HZAN::51",2,0.752145922746781,0.675965665236052,0.828326180257511,0.152360515021459,0.107735153356749,0.5,0,"consistently_low_disease_rank"
"15HZAN","52","9294703","15HZAN::52",2,0.599785407725322,0.371244635193133,0.828326180257511,0.457081545064378,0.323205460070246,0.5,0,"intermediate"
"15HZAN","53","9294715","15HZAN::53",2,0.366952789699571,0.15450643776824,0.579399141630901,0.424892703862661,0.300444512177975,0,0.5,"intermediate"
"15HZAN","54","9294738","15HZAN::54",2,0.613733905579399,0.579399141630901,0.648068669527897,0.0686695278969958,0.0485566888368445,0,0,"intermediate"
"15HZAN","55","9294753","15HZAN::55",2,0.51931330472103,0.416309012875536,0.622317596566524,0.206008583690987,0.145670066510533,0,0,"intermediate"
"15HZAN","56","9294759","15HZAN::56",2,0.309012875536481,0.246781115879828,0.371244635193133,0.124463519313305,0.0880089985167806,0,0,"intermediate"
"15HZAN","57","9294767","15HZAN::57",2,0.536480686695279,0.437768240343348,0.63519313304721,0.197424892703863,0.139600480405928,0,0,"intermediate"
"15HZAN","58","9294795","15HZAN::58",2,0.036480686695279,0.0128755364806867,0.0600858369098712,0.0472103004291845,0.0333827235753305,0,1,"consistently_high_disease_rank"
"15HZAN","59","9294801","15HZAN::59",2,0.00858369098712447,0.00429184549356221,0.0128755364806867,0.00858369098712453,0.0060695861046056,0,1,"consistently_high_disease_rank"
"15HZAN","6","9294021","15HZAN::6",2,0.731759656652361,0.63519313304721,0.828326180257511,0.1931330472103,0.136565687353625,0.5,0,"intermediate"
"15HZAN","60","9294807","15HZAN::60",2,0.0171673819742489,0.0128755364806867,0.0214592274678111,0.00858369098712441,0.00606958610460552,0,1,"consistently_high_disease_rank"
"15HZAN","61","9294809","15HZAN::61",2,0.00858369098712447,0.00429184549356221,0.0128755364806867,0.00858369098712453,0.0060695861046056,0,1,"consistently_high_disease_rank"
"15HZAN","62","9294822","15HZAN::62",2,0.718884120171674,0.609442060085837,0.828326180257511,0.218884120171674,0.154774445667442,0.5,0,"intermediate"
"15HZAN","63","9294832","15HZAN::63",2,0.550429184549356,0.525751072961373,0.575107296137339,0.0493562231759657,0.034900120101482,0,0,"intermediate"
"15HZAN","64","9294844","15HZAN::64",2,0.731759656652361,0.63519313304721,0.828326180257511,0.1931330472103,0.136565687353625,0.5,0,"intermediate"
"15HZAN","65","9294846","15HZAN::65",2,0.383047210300429,0.371244635193133,0.394849785407725,0.0236051502145923,0.0166913617876653,0,0,"intermediate"
"15HZAN","66","9294856","15HZAN::66",2,0.594420600858369,0.246781115879828,0.94206008583691,0.695278969957082,0.49163647447305,0.5,0,"environment_specific"
"15HZAN","67","9294884","15HZAN::67",2,0.777896995708155,0.727467811158798,0.828326180257511,0.100858369098712,0.0713176367291153,0.5,0,"consistently_low_disease_rank"
"15HZAN","68","9294885","15HZAN::68",2,0.594420600858369,0.246781115879828,0.94206008583691,0.695278969957082,0.49163647447305,0.5,0,"environment_specific"
"15HZAN","69","9294923","15HZAN::69",2,0.88519313304721,0.828326180257511,0.94206008583691,0.113733905579399,0.0804220158860237,1,0,"consistently_low_disease_rank"
"15HZAN","7","9294032","15HZAN::7",2,0.599785407725322,0.371244635193133,0.828326180257511,0.457081545064378,0.323205460070246,0.5,0,"intermediate"
"15HZAN","70","9294926","15HZAN::70",2,0.309012875536481,0.246781115879828,0.371244635193133,0.124463519313305,0.0880089985167806,0,0,"intermediate"
"15HZAN","71","9294933","15HZAN::71",2,0.752145922746781,0.675965665236052,0.828326180257511,0.152360515021459,0.107735153356749,0.5,0,"consistently_low_disease_rank"
"15HZAN","72","9294936","15HZAN::72",2,0.309012875536481,0.246781115879828,0.371244635193133,0.124463519313305,0.0880089985167806,0,0,"intermediate"
"15HZAN","73","9294958","15HZAN::73",2,0.82725321888412,0.82618025751073,0.828326180257511,0.00214592274678105,0.00151739652615134,1,0,"consistently_low_disease_rank"
"15HZAN","74","9294960","15HZAN::74",2,0.283261802575107,0.0407725321888412,0.525751072961373,0.484978540772532,0.342931614910214,0,0.5,"intermediate"
"15HZAN","75","9294963","15HZAN::75",2,0.476394849785408,0.124463519313305,0.828326180257511,0.703862660944206,0.497706060577656,0.5,0.5,"environment_specific"
"15HZAN","76","9295034","15HZAN::76",2,0.252145922746781,0.124463519313305,0.379828326180258,0.255364806866953,0.180570186612015,0,0.5,"intermediate"
"15HZAN","77","9295051","15HZAN::77",2,0.599785407725322,0.371244635193133,0.828326180257511,0.457081545064378,0.323205460070246,0.5,0,"intermediate"
"15HZAN","78","9295083","15HZAN::78",2,0.372317596566524,0.371244635193133,0.373390557939914,0.00214592274678116,0.00151739652615142,0,0,"intermediate"
"15HZAN","79","9295087","15HZAN::79",2,0.309012875536481,0.246781115879828,0.371244635193133,0.124463519313305,0.0880089985167806,0,0,"intermediate"
"15HZAN","8","9294036","15HZAN::8",2,0.362660944206009,0.0836909871244635,0.641630901287554,0.55793991416309,0.394523096799361,0,0.5,"environment_specific"
"15HZAN","80","9295141","15HZAN::80",2,0.699570815450644,0.457081545064378,0.94206008583691,0.484978540772532,0.342931614910214,0.5,0,"intermediate"
"15HZAN","81","9295153","15HZAN::81",2,0.599785407725322,0.371244635193133,0.828326180257511,0.457081545064378,0.323205460070246,0.5,0,"intermediate"
"15HZAN","82","9269292","15HZAN::82",2,0.351931330472103,0.124463519313305,0.579399141630901,0.454935622317597,0.321688063544095,0,0.5,"intermediate"
"15HZAN","83","9295175","15HZAN::83",2,0.599785407725322,0.371244635193133,0.828326180257511,0.457081545064378,0.323205460070246,0.5,0,"intermediate"
"15HZAN","84","9295234","15HZAN::84",2,0.605150214592275,0.416309012875536,0.793991416309013,0.377682403433476,0.267061788602645,0,0,"intermediate"
"15HZAN","85","9295251","15HZAN::85",2,0.501072961373391,0.371244635193133,0.630901287553648,0.259656652360515,0.183604979664318,0,0,"intermediate"
"15HZAN","86","9295252","15HZAN::86",2,0.599785407725322,0.371244635193133,0.828326180257511,0.457081545064378,0.323205460070246,0.5,0,"intermediate"
"15HZAN","87","9295272","15HZAN::87",2,0.547210300429185,0.246781115879828,0.847639484978541,0.600858369098712,0.424871027322389,0.5,0,"environment_specific"
"15HZAN","88","9295292","15HZAN::88",2,0.458154506437768,0.371244635193133,0.545064377682403,0.17381974248927,0.122909118618263,0,0,"intermediate"
"15HZAN","89","9295300","15HZAN::89",2,0.289699570815451,0.163090128755365,0.416309012875536,0.253218884120172,0.179052790085864,0,0.5,"intermediate"
"15HZAN","9","9294112","15HZAN::9",2,0.811158798283262,0.793991416309013,0.828326180257511,0.0343347639484978,0.0242783444184222,0.5,0,"consistently_low_disease_rank"
"15HZAN","90","9295318","15HZAN::90",2,0.487124463519313,0.394849785407725,0.579399141630901,0.184549356223176,0.130496101249019,0,0,"intermediate"
"15HZAN","91","9295323","15HZAN::91",2,0.309012875536481,0.246781115879828,0.371244635193133,0.124463519313305,0.0880089985167806,0,0,"intermediate"
"15HZAN","92","9295344","15HZAN::92",2,0.207081545064378,0.167381974248927,0.246781115879828,0.0793991416309012,0.0561436714676014,0,0.5,"consistently_high_disease_rank"
"15HZAN","93","9295346","15HZAN::93",2,0.440987124463519,0.246781115879828,0.63519313304721,0.388412017167382,0.274648771233401,0,0,"intermediate"
"15HZAN","94","9295390","15HZAN::94",2,0.309012875536481,0.246781115879828,0.371244635193133,0.124463519313305,0.0880089985167806,0,0,"intermediate"
"15HZAN","95","9295404","15HZAN::95",2,0.421673819742489,0.246781115879828,0.59656652360515,0.349785407725322,0.247335633762677,0,0,"intermediate"
"15HZAN","96","9295405","15HZAN::96",2,0.309012875536481,0.246781115879828,0.371244635193133,0.124463519313305,0.0880089985167806,0,0,"intermediate"
"15HZAN","97","9295406","15HZAN::97",2,0.777896995708155,0.727467811158798,0.828326180257511,0.100858369098712,0.0713176367291153,0.5,0,"consistently_low_disease_rank"
"15HZAN","98","9295407","15HZAN::98",2,0.594420600858369,0.246781115879828,0.94206008583691,0.695278969957082,0.49163647447305,0.5,0,"environment_specific"
"15HZAN","99","9295415","15HZAN::99",2,0.351931330472103,0.124463519313305,0.579399141630901,0.454935622317597,0.321688063544095,0,0.5,"intermediate"
"56IBWSN","1001","7400769","56IBWSN::1001",2,0.452705524966774,0.160869565217391,0.744541484716157,0.583671919498766,0.412718372265746,0,0.5,"environment_specific"
"56IBWSN","1002","8048669","56IBWSN::1002",2,0.67981773305487,0.643478260869565,0.716157205240175,0.0726789443706094,0.0513917744139378,0,0,"intermediate"
"56IBWSN","1003","8236239","56IBWSN::1003",2,0.390559141826467,0.123913043478261,0.657205240174672,0.533292196696412,0.377094528637903,0,0.5,"environment_specific"
"56IBWSN","1004","9087172","56IBWSN::1004",2,0.650341750522119,0.643478260869565,0.657205240174672,0.0137269793051071,0.00970644015184866,0,0,"intermediate"
"56IBWSN","1005","9087179","56IBWSN::1005",2,0.55839187393203,0.256521739130435,0.860262008733624,0.60374026960319,0.42690883871181,0.5,0,"environment_specific"
"56IBWSN","1006","9087199","56IBWSN::1006",2,0.694009872792861,0.643478260869565,0.744541484716157,0.101063223846592,0.0714624909104992,0,0,"intermediate"
"56IBWSN","1007","9087204","56IBWSN::1007",2,0.119816783747864,0.115720524017467,0.123913043478261,0.00819251946079358,0.0057929860657299,0,1,"consistently_high_disease_rank"
"56IBWSN","1008","9087367","56IBWSN::1008",2,0.517153977596355,0.390829694323144,0.643478260869565,0.252648566546421,0.178649514662035,0,0,"intermediate"
"56IBWSN","1009","9087373","56IBWSN::1009",2,0.802088475412949,0.643478260869565,0.960698689956332,0.317220429086767,0.224308716538159,0.5,0,"consistently_low_disease_rank"
"56IBWSN","1010","9087404","56IBWSN::1010",2,0.650341750522119,0.643478260869565,0.657205240174672,0.0137269793051071,0.00970644015184866,0,0,"intermediate"
"56IBWSN","1011","9087671","56IBWSN::1011",2,0.417808999430416,0.192139737991266,0.643478260869565,0.451338522878299,0.319144530137965,0,0.5,"intermediate"
"56IBWSN","1012","9087776","56IBWSN::1012",2,0.226476172394152,0.179039301310044,0.273913043478261,0.0948737421682172,0.0670858664436905,0,0.5,"consistently_high_disease_rank"
"56IBWSN","1013","9087895","56IBWSN::1013",2,0.650341750522119,0.643478260869565,0.657205240174672,0.0137269793051071,0.00970644015184866,0,0,"intermediate"
"56IBWSN","1014","9087979","56IBWSN::1014",2,0.160034175052212,0.115720524017467,0.204347826086957,0.0886273020694893,0.0626689662916044,0,0.5,"consistently_high_disease_rank"
"56IBWSN","1015","9088013","56IBWSN::1015",2,0.722394152268844,0.643478260869565,0.801310043668122,0.157831782798557,0.111603923903622,0.5,0,"intermediate"
"56IBWSN","1016","9088021","56IBWSN::1016",2,0.393791532181508,0.14410480349345,0.643478260869565,0.499373457376115,0.353110358055223,0,0.5,"intermediate"
"56IBWSN","1017","9088060","56IBWSN::1017",2,0.517153977596355,0.390829694323144,0.643478260869565,0.252648566546421,0.178649514662035,0,0,"intermediate"
"56IBWSN","1018","9088164","56IBWSN::1018",2,0.650341750522119,0.643478260869565,0.657205240174672,0.0137269793051071,0.00970644015184866,0,0,"intermediate"
"56IBWSN","1019","9088201","56IBWSN::1019",2,0.802088475412949,0.643478260869565,0.960698689956332,0.317220429086767,0.224308716538159,0.5,0,"consistently_low_disease_rank"
"56IBWSN","1020","9088207","56IBWSN::1020",2,0.775887602050503,0.643478260869565,0.908296943231441,0.264818682361876,0.187255086082969,0.5,0,"consistently_low_disease_rank"
"56IBWSN","1021","9088237","56IBWSN::1021",2,0.306284412378963,0.221739130434783,0.390829694323144,0.169090563888361,0.119565084360118,0,0,"intermediate"
"56IBWSN","1022","9088279","56IBWSN::1022",2,0.629599392443516,0.615720524017467,0.643478260869565,0.027757736852098,0.0196276839585103,0,0,"intermediate"
"56IBWSN","1023","9088327","56IBWSN::1023",2,0.802088475412949,0.643478260869565,0.960698689956332,0.317220429086767,0.224308716538159,0.5,0,"consistently_low_disease_rank"
"56IBWSN","1024","9088606","56IBWSN::1024",2,0.802088475412949,0.643478260869565,0.960698689956332,0.317220429086767,0.224308716538159,0.5,0,"consistently_low_disease_rank"
"56IBWSN","1025","304660","56IBWSN::1025",2,0.0261344218720335,0.0218340611353712,0.0304347826086957,0.00860072147332447,0.00608162847688449,0,1,"consistently_high_disease_rank"
"56IBWSN","1026","9088609","56IBWSN::1026",2,0.517153977596355,0.390829694323144,0.643478260869565,0.252648566546421,0.178649514662035,0,0,"intermediate"
"56IBWSN","1027","9088616","56IBWSN::1027",2,0.802088475412949,0.643478260869565,0.960698689956332,0.317220429086767,0.224308716538159,0.5,0,"consistently_low_disease_rank"
"56IBWSN","1028","9088620","56IBWSN::1028",2,0.67981773305487,0.643478260869565,0.716157205240175,0.0726789443706094,0.0513917744139378,0,0,"intermediate"
"56IBWSN","1029","9088734","56IBWSN::1029",2,0.332371368900702,0.273913043478261,0.390829694323144,0.116916650844883,0.0826725566460368,0,0,"intermediate"
"56IBWSN","1030","9080801","56IBWSN::1030",2,0.29758876020505,0.204347826086957,0.390829694323144,0.186481868236188,0.131862593598144,0,0,"intermediate"
"56IBWSN","1031","9080803","56IBWSN::1031",2,0.257371368900702,0.123913043478261,0.390829694323144,0.266916650844883,0.188738573824019,0,0.5,"intermediate"
"56IBWSN","1032","9080807","56IBWSN::1032",2,0.469261439149421,0.0782608695652174,0.860262008733624,0.782001139168407,0.552958308401586,0.5,0.5,"environment_specific"
"56IBWSN","1033","9080809","56IBWSN::1033",2,0.650341750522119,0.643478260869565,0.657205240174672,0.0137269793051071,0.00970644015184866,0,0,"intermediate"
"56IBWSN","1034","9085393","56IBWSN::1034",2,0.323675716726789,0.256521739130435,0.390829694323144,0.134307955192709,0.0949700658840637,0,0,"intermediate"
"56IBWSN","1035","9085394","56IBWSN::1035",2,0.316067021074616,0.241304347826087,0.390829694323144,0.149525346497057,0.105730386467337,0,0,"intermediate"
"56IBWSN","1036","9080813","56IBWSN::1036",2,0.517153977596355,0.390829694323144,0.643478260869565,0.252648566546421,0.178649514662035,0,0,"intermediate"
"56IBWSN","1037","9080814","56IBWSN::1037",2,0.517153977596355,0.390829694323144,0.643478260869565,0.252648566546421,0.178649514662035,0,0,"intermediate"
"56IBWSN","1038","9080817","56IBWSN::1038",2,0.517153977596355,0.390829694323144,0.643478260869565,0.252648566546421,0.178649514662035,0,0,"intermediate"
"56IBWSN","1039","9080821","56IBWSN::1039",2,0.517153977596355,0.390829694323144,0.643478260869565,0.252648566546421,0.178649514662035,0,0,"intermediate"
"56IBWSN","1040","9080828","56IBWSN::1040",2,0.722394152268844,0.643478260869565,0.801310043668122,0.157831782798557,0.111603923903622,0.5,0,"intermediate"
"56IBWSN","1041","9080833","56IBWSN::1041",2,0.517153977596355,0.390829694323144,0.643478260869565,0.252648566546421,0.178649514662035,0,0,"intermediate"
"56IBWSN","1042","9085407","56IBWSN::1042",2,0.323675716726789,0.256521739130435,0.390829694323144,0.134307955192709,0.0949700658840637,0,0,"intermediate"
"56IBWSN","1043","9085409","56IBWSN::1043",2,0.510565786975508,0.160869565217391,0.860262008733624,0.699392443516233,0.494545139520958,0.5,0.5,"environment_specific"
"56IBWSN","1044","9080834","56IBWSN::1044",2,0.517153977596355,0.390829694323144,0.643478260869565,0.252648566546421,0.178649514662035,0,0,"intermediate"
"56IBWSN","1045","9080841","56IBWSN::1045",2,0.725669261439149,0.643478260869565,0.807860262008734,0.164382001139168,0.116235627710521,0.5,0,"intermediate"
"56IBWSN","1046","9085450","56IBWSN::1046",2,0.55839187393203,0.256521739130435,0.860262008733624,0.60374026960319,0.42690883871181,0.5,0,"environment_specific"
"56IBWSN","1047","9085470","56IBWSN::1047",2,0.376428707043858,0.0956521739130435,0.657205240174672,0.561553066261629,0.397077981149696,0,0.5,"environment_specific"
"56IBWSN","1048","9080875","56IBWSN::1048",2,0.517153977596355,0.390829694323144,0.643478260869565,0.252648566546421,0.178649514662035,0,0,"intermediate"
"56IBWSN","1049","9085484","56IBWSN::1049",2,0.517153977596355,0.390829694323144,0.643478260869565,0.252648566546421,0.178649514662035,0,0,"intermediate"
"56IBWSN","1050","304660","56IBWSN::1050",2,0.0174102904879438,0.00873362445414849,0.0260869565217391,0.0173533320675906,0.0122706587811753,0,1,"consistently_high_disease_rank"
"56IBWSN","1051","9080877","56IBWSN::1051",2,0.719119043098538,0.643478260869565,0.794759825327511,0.151281564457946,0.106972220096723,0,0,"intermediate"
"56IBWSN","1052","9080879","56IBWSN::1052",2,0.70274349724701,0.643478260869565,0.762008733624454,0.118530472754889,0.0838137010622292,0,0,"intermediate"
"56IBWSN","1053","9080886","56IBWSN::1053",2,0.751870134801595,0.643478260869565,0.860262008733624,0.216783747864059,0.153289258165711,0.5,0,"consistently_low_disease_rank"
"56IBWSN","1054","9085500","56IBWSN::1054",2,0.0457565976836909,0.0434782608695652,0.0480349344978166,0.00455667362825141,0.00322205482219048,0,1,"consistently_high_disease_rank"
"56IBWSN","1055","9085502","56IBWSN::1055",2,0.0326466679324093,0.017467248908297,0.0478260869565217,0.0303588380482247,0.0214669402528439,0,1,"consistently_high_disease_rank"
"56IBWSN","1056","9080921","56IBWSN::1056",2,0.517153977596355,0.390829694323144,0.643478260869565,0.252648566546421,0.178649514662035,0,0,"intermediate"
"56IBWSN","1057","9080922","56IBWSN::1057",2,0.650341750522119,0.643478260869565,0.657205240174672,0.0137269793051071,0.00970644015184866,0,0,"intermediate"
"56IBWSN","1058","9080974","56IBWSN::1058",2,0.532304917410291,0.204347826086957,0.860262008733624,0.655914182646668,0.463801366425891,0.5,0,"environment_specific"
"56IBWSN","1059","9085614","56IBWSN::1059",2,0.517153977596355,0.390829694323144,0.643478260869565,0.252648566546421,0.178649514662035,0,0,"intermediate"
"56IBWSN","1060","9081036","56IBWSN::1060",2,0.529950636035694,0.282608695652174,0.777292576419214,0.49468388076704,0.349794326634052,0,0,"intermediate"
"56IBWSN","1061","9081043","56IBWSN::1061",2,0.517153977596355,0.390829694323144,0.643478260869565,0.252648566546421,0.178649514662035,0,0,"intermediate"
"56IBWSN","1062","9085716","56IBWSN::1062",2,0.517153977596355,0.390829694323144,0.643478260869565,0.252648566546421,0.178649514662035,0,0,"intermediate"
"56IBWSN","1063","9085757","56IBWSN::1063",2,0.311719194987659,0.232608695652174,0.390829694323144,0.15822099867097,0.111879141086351,0,0,"intermediate"
"56IBWSN","1064","9085784","56IBWSN::1064",2,0.275849629770268,0.160869565217391,0.390829694323144,0.229960129105753,0.162606366693212,0,0.5,"intermediate"
"56IBWSN","1065","9085876","56IBWSN::1065",2,0.576001518891209,0.191304347826087,0.960698689956332,0.769394342130245,0.544043956726859,0.5,0.5,"environment_specific"
"56IBWSN","1066","9081161","56IBWSN::1066",2,0.0479494968672869,0.0391304347826087,0.0567685589519651,0.0176381241693564,0.0124720372075622,0,1,"consistently_high_disease_rank"
"56IBWSN","1067","9085902","56IBWSN::1067",2,0.802088475412949,0.643478260869565,0.960698689956332,0.317220429086767,0.224308716538159,0.5,0,"consistently_low_disease_rank"
"56IBWSN","1068","9085936","56IBWSN::1068",2,0.517153977596355,0.390829694323144,0.643478260869565,0.252648566546421,0.178649514662035,0,0,"intermediate"
"56IBWSN","1069","9085943","56IBWSN::1069",2,0.517153977596355,0.390829694323144,0.643478260869565,0.252648566546421,0.178649514662035,0,0,"intermediate"
"56IBWSN","1070","9081213","56IBWSN::1070",2,0.413442187203342,0.183406113537118,0.643478260869565,0.460072147332447,0.32532013521383,0,0.5,"intermediate"
"56IBWSN","1071","9081217","56IBWSN::1071",2,0.775887602050503,0.643478260869565,0.908296943231441,0.264818682361876,0.187255086082969,0.5,0,"consistently_low_disease_rank"
"56IBWSN","1072","9081219","56IBWSN::1072",2,0.541000569584204,0.221739130434783,0.860262008733624,0.638522878298842,0.451503857187864,0.5,0,"environment_specific"
"56IBWSN","1073","9081224","56IBWSN::1073",2,0.70274349724701,0.643478260869565,0.762008733624454,0.118530472754889,0.0838137010622292,0,0,"intermediate"
"56IBWSN","1074","9081229","56IBWSN::1074",2,0.517153977596355,0.390829694323144,0.643478260869565,0.252648566546421,0.178649514662035,0,0,"intermediate"
"56IBWSN","1075","304660","56IBWSN::1075",2,0.00872413138408962,0.0043478260869565,0.0131004366812227,0.00875261059426624,0.00618903030429088,0,1,"consistently_high_disease_rank"
"56IBWSN","1076","9085982","56IBWSN::1076",2,0.517153977596355,0.390829694323144,0.643478260869565,0.252648566546421,0.178649514662035,0,0,"intermediate"
"56IBWSN","1077","9085983","56IBWSN::1077",2,0.517153977596355,0.390829694323144,0.643478260869565,0.252648566546421,0.178649514662035,0,0,"intermediate"
"56IBWSN","1078","9085994","56IBWSN::1078",2,0.430776533130814,0.204347826086957,0.657205240174672,0.452857414087716,0.320218548412028,0,0,"intermediate"
"56IBWSN","1079","9085998","56IBWSN::1079",2,0.694009872792861,0.643478260869565,0.744541484716157,0.101063223846592,0.0714624909104992,0,0,"intermediate"
"56IBWSN","1080","9081285","56IBWSN::1080",2,0.517153977596355,0.390829694323144,0.643478260869565,0.252648566546421,0.178649514662035,0,0,"intermediate"
"56IBWSN","1081","9081298","56IBWSN::1081",2,0.234545281944181,0.0782608695652174,0.390829694323144,0.312568824757927,0.22101953557384,0,0.5,"consistently_high_disease_rank"
"56IBWSN","1082","9086008","56IBWSN::1082",2,0.751870134801595,0.643478260869565,0.860262008733624,0.216783747864059,0.153289258165711,0.5,0,"consistently_low_disease_rank"
"56IBWSN","1083","9086012","56IBWSN::1083",2,0.517153977596355,0.390829694323144,0.643478260869565,0.252648566546421,0.178649514662035,0,0,"intermediate"
"56IBWSN","1084","9086074","56IBWSN::1084",2,0.234545281944181,0.0782608695652174,0.390829694323144,0.312568824757927,0.22101953557384,0,0.5,"consistently_high_disease_rank"
"56IBWSN","1085","9086078","56IBWSN::1085",2,0.730036073666224,0.643478260869565,0.816593886462882,0.173115625593317,0.122411232786386,0.5,0,"intermediate"
"56IBWSN","1086","9081347","56IBWSN::1086",2,0.517153977596355,0.390829694323144,0.643478260869565,0.252648566546421,0.178649514662035,0,0,"intermediate"
"56IBWSN","1087","9081354","56IBWSN::1087",2,0.488731725840137,0.160869565217391,0.816593886462882,0.655724321245491,0.463667114141633,0.5,0.5,"environment_specific"
"56IBWSN","1088","9086110","56IBWSN::1088",2,0.517153977596355,0.390829694323144,0.643478260869565,0.252648566546421,0.178649514662035,0,0,"intermediate"
"56IBWSN","1089","9081366","56IBWSN::1089",2,0.650341750522119,0.643478260869565,0.657205240174672,0.0137269793051071,0.00970644015184866,0,0,"intermediate"
"56IBWSN","1090","9081369","56IBWSN::1090",2,0.694009872792861,0.643478260869565,0.744541484716157,0.101063223846592,0.0714624909104992,0,0,"intermediate"
"56IBWSN","1091","9086125","56IBWSN::1091",2,0.802088475412949,0.643478260869565,0.960698689956332,0.317220429086767,0.224308716538159,0.5,0,"consistently_low_disease_rank"
"56IBWSN","1092","9086126","56IBWSN::1092",2,0.802088475412949,0.643478260869565,0.960698689956332,0.317220429086767,0.224308716538159,0.5,0,"consistently_low_disease_rank"
"56IBWSN","1093","9081386","56IBWSN::1093",2,0.751870134801595,0.643478260869565,0.860262008733624,0.216783747864059,0.153289258165711,0.5,0,"consistently_low_disease_rank"
"56IBWSN","1094","9081400","56IBWSN::1094",2,0.802088475412949,0.643478260869565,0.960698689956332,0.317220429086767,0.224308716538159,0.5,0,"consistently_low_disease_rank"
"56IBWSN","1095","9081402","56IBWSN::1095",2,0.306284412378963,0.221739130434783,0.390829694323144,0.169090563888361,0.119565084360118,0,0,"intermediate"
"56IBWSN","1096","9081403","56IBWSN::1096",2,0.582409341180938,0.256521739130435,0.908296943231441,0.651775204101006,0.460874666629068,0.5,0,"environment_specific"
"56IBWSN","1097","9088753","56IBWSN::1097",2,0.650341750522119,0.643478260869565,0.657205240174672,0.0137269793051071,0.00970644015184866,0,0,"intermediate"
"56IBWSN","1098","9086193","56IBWSN::1098",2,0.396976457186254,0.184782608695652,0.609170305676856,0.424387696981204,0.300087418387551,0,0.5,"intermediate"
"56IBWSN","1099","9086267","56IBWSN::1099",2,0.650341750522119,0.643478260869565,0.657205240174672,0.0137269793051071,0.00970644015184866,0,0,"intermediate"
"56IBWSN","1100","304660","56IBWSN::1100",2,0.0218150749952534,0.00869565217391299,0.0349344978165939,0.0262388456426809,0.0185536656844467,0,1,"consistently_high_disease_rank"
"56IBWSN","1101","9086269","56IBWSN::1101",2,0.751870134801595,0.643478260869565,0.860262008733624,0.216783747864059,0.153289258165711,0.5,0,"consistently_low_disease_rank"
"56IBWSN","1102","9081482","56IBWSN::1102",2,0.71038541864439,0.643478260869565,0.777292576419214,0.133814315549649,0.0946210099449931,0,0,"intermediate"
"56IBWSN","1103","9081527","56IBWSN::1103",2,0.802088475412949,0.643478260869565,0.960698689956332,0.317220429086767,0.224308716538159,0.5,0,"consistently_low_disease_rank"
"56IBWSN","1104","9086358","56IBWSN::1104",2,0.450602809948737,0.123913043478261,0.777292576419214,0.653379532940953,0.462009098431047,0,0.5,"environment_specific"
"56IBWSN","1105","9081584","56IBWSN::1105",2,0.395974938295045,0.148471615720524,0.643478260869565,0.495006645149041,0.35002255551729,0,0.5,"intermediate"
"56IBWSN","1106","9081587","56IBWSN::1106",2,0.650341750522119,0.643478260869565,0.657205240174672,0.0137269793051071,0.00970644015184866,0,0,"intermediate"
"56IBWSN","1107","9081599","56IBWSN::1107",2,0.442994114296564,0.108695652173913,0.777292576419214,0.668596924245301,0.472769419014321,0,0.5,"environment_specific"
"56IBWSN","1108","9081607","56IBWSN::1108",2,0.694009872792861,0.643478260869565,0.744541484716157,0.101063223846592,0.0714624909104992,0,0,"intermediate"
"56IBWSN","1109","9081613","56IBWSN::1109",2,0.751870134801595,0.643478260869565,0.860262008733624,0.216783747864059,0.153289258165711,0.5,0,"consistently_low_disease_rank"
"56IBWSN","1110","9081614","56IBWSN::1110",2,0.517153977596355,0.390829694323144,0.643478260869565,0.252648566546421,0.178649514662035,0,0,"intermediate"
"56IBWSN","1111","9081645","56IBWSN::1111",2,0.769337383709892,0.643478260869565,0.895196506550218,0.251718245680653,0.177991678469171,0.5,0,"consistently_low_disease_rank"
"56IBWSN","1112","9081671","56IBWSN::1112",2,0.71038541864439,0.643478260869565,0.777292576419214,0.133814315549649,0.0946210099449931,0,0,"intermediate"
"56IBWSN","1113","9081677","56IBWSN::1113",2,0.517153977596355,0.390829694323144,0.643478260869565,0.252648566546421,0.178649514662035,0,0,"intermediate"
"56IBWSN","1114","9086614","56IBWSN::1114",2,0.617590658819062,0.591703056768559,0.643478260869565,0.0517752041010063,0.0366105979171391,0,0,"intermediate"
"56IBWSN","1115","9086653","56IBWSN::1115",2,0.517153977596355,0.390829694323144,0.643478260869565,0.252648566546421,0.178649514662035,0,0,"intermediate"
"56IBWSN","1116","9081766","56IBWSN::1116",2,0.082798557053351,0.0782608695652174,0.0873362445414847,0.00907537497626731,0.00641725918752932,0,1,"consistently_high_disease_rank"
"56IBWSN","1117","9081767","56IBWSN::1117",2,0.517153977596355,0.390829694323144,0.643478260869565,0.252648566546421,0.178649514662035,0,0,"intermediate"
"56IBWSN","1118","9081768","56IBWSN::1118",2,0.802088475412949,0.643478260869565,0.960698689956332,0.317220429086767,0.224308716538159,0.5,0,"consistently_low_disease_rank"
"56IBWSN","1119","9086662","56IBWSN::1119",2,0.264980064552876,0.139130434782609,0.390829694323144,0.251699259540535,0.177978253240745,0,0.5,"intermediate"
"56IBWSN","1120","9086674","56IBWSN::1120",2,0.275849629770268,0.160869565217391,0.390829694323144,0.229960129105753,0.162606366693212,0,0.5,"intermediate"
"56IBWSN","1121","9081781","56IBWSN::1121",2,0.517153977596355,0.390829694323144,0.643478260869565,0.252648566546421,0.178649514662035,0,0,"intermediate"
"56IBWSN","1122","9086714","56IBWSN::1122",2,0.0719384849060186,0.0521739130434783,0.0917030567685589,0.0395291437250807,0.0279513255825022,0,1,"consistently_high_disease_rank"
"56IBWSN","1123","9081833","56IBWSN::1123",2,0.0697360926523637,0.0608695652173913,0.0786026200873362,0.0177330548699449,0.0125391633496912,0,1,"consistently_high_disease_rank"
"56IBWSN","1124","9081852","56IBWSN::1124",2,0.519261439149421,0.178260869565217,0.860262008733624,0.682001139168407,0.482247630282931,0.5,0.5,"environment_specific"
"56IBWSN","1125","304660","56IBWSN::1125",1,0.0217391304347826,0.0217391304347826,0.0217391304347826,0,,0,1,"insufficient"
"56IBWSN","1126","9081861","56IBWSN::1126",2,0.430776533130814,0.204347826086957,0.657205240174672,0.452857414087716,0.320218548412028,0,0,"intermediate"
"56IBWSN","1127","9086837","56IBWSN::1127",2,0.517153977596355,0.390829694323144,0.643478260869565,0.252648566546421,0.178649514662035,0,0,"intermediate"
"56IBWSN","1128","9086840","56IBWSN::1128",2,0.517153977596355,0.390829694323144,0.643478260869565,0.252648566546421,0.178649514662035,0,0,"intermediate"
"56IBWSN","1129","9086846","56IBWSN::1129",2,0.517153977596355,0.390829694323144,0.643478260869565,0.252648566546421,0.178649514662035,0,0,"intermediate"
"56IBWSN","1130","9081895","56IBWSN::1130",2,0.517153977596355,0.390829694323144,0.643478260869565,0.252648566546421,0.178649514662035,0,0,"intermediate"
"56IBWSN","1131","9081904","56IBWSN::1131",2,0.802088475412949,0.643478260869565,0.960698689956332,0.317220429086767,0.224308716538159,0.5,0,"consistently_low_disease_rank"
"56IBWSN","1132","9086849","56IBWSN::1132",2,0.517153977596355,0.390829694323144,0.643478260869565,0.252648566546421,0.178649514662035,0,0,"intermediate"
"56IBWSN","1133","9086850","56IBWSN::1133",2,0.517153977596355,0.390829694323144,0.643478260869565,0.252648566546421,0.178649514662035,0,0,"intermediate"
"56IBWSN","1134","9081917","56IBWSN::1134",2,0.39925004746535,0.155021834061135,0.643478260869565,0.48845642680843,0.345390851710391,0,0.5,"intermediate"
"56IBWSN","1135","9081920","56IBWSN::1135",2,0.363223846591988,0.0829694323144105,0.643478260869565,0.560508828555155,0.396339593586278,0,0.5,"environment_specific"
"56IBWSN","1136","9081954","56IBWSN::1136",2,0.517153977596355,0.390829694323144,0.643478260869565,0.252648566546421,0.178649514662035,0,0,"intermediate"
"56IBWSN","1137","9081956","56IBWSN::1137",2,0.671084108600722,0.643478260869565,0.698689956331878,0.0552116954623125,0.0390405642622077,0,0,"intermediate"
"56IBWSN","1138","9081985","56IBWSN::1138",2,0.332371368900702,0.273913043478261,0.390829694323144,0.116916650844883,0.0826725566460368,0,0,"intermediate"
"56IBWSN","1139","9086899","56IBWSN::1139",2,0.517153977596355,0.390829694323144,0.643478260869565,0.252648566546421,0.178649514662035,0,0,"intermediate"
"56IBWSN","1140","9082028","56IBWSN::1140",2,0.775887602050503,0.643478260869565,0.908296943231441,0.264818682361876,0.187255086082969,0.5,0,"consistently_low_disease_rank"
"56IBWSN","1141","9086910","56IBWSN::1141",2,0.751870134801595,0.643478260869565,0.860262008733624,0.216783747864059,0.153289258165711,0.5,0,"consistently_low_disease_rank"
"56IBWSN","1142","9082066","56IBWSN::1142",2,0.367733054869945,0.0782608695652174,0.657205240174672,0.578944370609455,0.409375490387723,0,0.5,"environment_specific"
"56IBWSN","1143","9082128","56IBWSN::1143",2,0.517153977596355,0.390829694323144,0.643478260869565,0.252648566546421,0.178649514662035,0,0,"intermediate"
"56IBWSN","1144","9082176","56IBWSN::1144",2,0.517153977596355,0.390829694323144,0.643478260869565,0.252648566546421,0.178649514662035,0,0,"intermediate"
"56IBWSN","1145","9082216","56IBWSN::1145",2,0.129599392443516,0.115720524017467,0.143478260869565,0.0277577368520979,0.0196276839585102,0,1,"consistently_high_disease_rank"
"56IBWSN","1146","9085361","56IBWSN::1146",2,0.517153977596355,0.390829694323144,0.643478260869565,0.252648566546421,0.178649514662035,0,0,"intermediate"
"56IBWSN","1147","9085376","56IBWSN::1147",2,0.609948737421682,0.576419213973799,0.643478260869565,0.0670590468957661,0.0474179067999029,0,0,"intermediate"
"56IBWSN","1148","9082243","56IBWSN::1148",2,0.144925954053541,0.123913043478261,0.165938864628821,0.0420258211505602,0.0297167431204941,0,1,"consistently_high_disease_rank"
"56IBWSN","1149","9082247","56IBWSN::1149",2,0.517153977596355,0.390829694323144,0.643478260869565,0.252648566546421,0.178649514662035,0,0,"intermediate"
"56IBWSN","1150","304660","56IBWSN::1150",2,0.0152838427947598,0,0.0305676855895196,0.0305676855895196,0.0216146177655276,0,1,"consistently_high_disease_rank"
"56IBWSN","1151","9082264","56IBWSN::1151",2,0.517153977596355,0.390829694323144,0.643478260869565,0.252648566546421,0.178649514662035,0,0,"intermediate"
"56IBWSN","1152","9082265","56IBWSN::1152",2,0.802088475412949,0.643478260869565,0.960698689956332,0.317220429086767,0.224308716538159,0.5,0,"consistently_low_disease_rank"
"56IBWSN","1153","9082269","56IBWSN::1153",2,0.517153977596355,0.390829694323144,0.643478260869565,0.252648566546421,0.178649514662035,0,0,"intermediate"
"56IBWSN","1154","9082274","56IBWSN::1154",2,0.650341750522119,0.643478260869565,0.657205240174672,0.0137269793051071,0.00970644015184866,0,0,"intermediate"
"56IBWSN","1155","9082278","56IBWSN::1155",2,0.39925004746535,0.155021834061135,0.643478260869565,0.48845642680843,0.345390851710391,0,0.5,"intermediate"
"56IBWSN","1156","9082421","56IBWSN::1156",2,0.751870134801595,0.643478260869565,0.860262008733624,0.216783747864059,0.153289258165711,0.5,0,"consistently_low_disease_rank"
"56IBWSN","1157","9082445","56IBWSN::1157",2,0.650341750522119,0.643478260869565,0.657205240174672,0.0137269793051071,0.00970644015184866,0,0,"intermediate"
"56IBWSN","1158","9082450","56IBWSN::1158",2,0.734402885893298,0.643478260869565,0.825327510917031,0.181849250047465,0.128586837862251,0.5,0,"intermediate"
"56IBWSN","1159","9082520","56IBWSN::1159",2,0.621957471046136,0.600436681222707,0.643478260869565,0.0430415796468578,0.0304349928412741,0,0,"intermediate"
"56IBWSN","1160","9082615","56IBWSN::1160",2,0.67981773305487,0.643478260869565,0.716157205240175,0.0726789443706094,0.0513917744139378,0,0,"intermediate"
"56IBWSN","1161","9082638","56IBWSN::1161",2,0.67981773305487,0.643478260869565,0.716157205240175,0.0726789443706094,0.0513917744139378,0,0,"intermediate"
"56IBWSN","1162","9082751","56IBWSN::1162",2,0.626324283273211,0.609170305676856,0.643478260869565,0.0343079551927095,0.0242593877654091,0,0,"intermediate"
"56IBWSN","1163","9082754","56IBWSN::1163",2,0.517153977596355,0.390829694323144,0.643478260869565,0.252648566546421,0.178649514662035,0,0,"intermediate"
"56IBWSN","1164","9082777","56IBWSN::1164",2,0.452705524966774,0.160869565217391,0.744541484716157,0.583671919498766,0.412718372265746,0,0.5,"environment_specific"
"56IBWSN","1165","9082793","56IBWSN::1165",2,0.179727548889311,0.174672489082969,0.184782608695652,0.0101101196126828,0.00714893413673513,0,1,"consistently_high_disease_rank"
"56IBWSN","1166","9082954","56IBWSN::1166",2,0.802088475412949,0.643478260869565,0.960698689956332,0.317220429086767,0.224308716538159,0.5,0,"consistently_low_disease_rank"
"56IBWSN","1167","9082978","56IBWSN::1167",2,0.424359217771027,0.205240174672489,0.643478260869565,0.438238086197076,0.309881122524167,0,0,"intermediate"
"56IBWSN","1168","9082999","56IBWSN::1168",2,0.104632618188722,0.0782608695652174,0.131004366812227,0.0527434972470097,0.0372952845668545,0,1,"consistently_high_disease_rank"
"56IBWSN","1169","9083000","56IBWSN::1169",2,0.379599392443516,0.115720524017467,0.643478260869565,0.527757736852098,0.373181074551784,0,0.5,"environment_specific"
"56IBWSN","1170","9083015","56IBWSN::1170",2,0.730036073666224,0.643478260869565,0.816593886462882,0.173115625593317,0.122411232786386,0.5,0,"intermediate"
"56IBWSN","1171","9083066","56IBWSN::1171",2,0.517153977596355,0.390829694323144,0.643478260869565,0.252648566546421,0.178649514662035,0,0,"intermediate"
"56IBWSN","1172","9083071","56IBWSN::1172",2,0.343573191570154,0.0436681222707423,0.643478260869565,0.599810138598823,0.424129816427671,0,0.5,"environment_specific"
"56IBWSN","1173","9083094","56IBWSN::1173",2,0.356673628251377,0.0698689956331878,0.643478260869565,0.573609265236377,0.405603001200075,0,0.5,"environment_specific"
"56IBWSN","1174","9083139","56IBWSN::1174",2,0.517153977596355,0.390829694323144,0.643478260869565,0.252648566546421,0.178649514662035,0,0,"intermediate"
"56IBWSN","1175","304660","56IBWSN::1175",2,0.0327226124928802,0.0130434782608696,0.0524017467248908,0.0393582684640212,0.0278304985266701,0,1,"consistently_high_disease_rank"
"56IBWSN","1176","9083177","56IBWSN::1176",2,0.621957471046136,0.600436681222707,0.643478260869565,0.0430415796468578,0.0304349928412741,0,0,"intermediate"
"56IBWSN","1177","9083186","56IBWSN::1177",2,0.517153977596355,0.390829694323144,0.643478260869565,0.252648566546421,0.178649514662035,0,0,"intermediate"
"56IBWSN","1178","9083234","56IBWSN::1178",2,0.614315549648756,0.585152838427948,0.643478260869565,0.0583254224416176,0.0412423017240379,0,0,"intermediate"
"56IBWSN","1179","9083237","56IBWSN::1179",2,0.379599392443516,0.115720524017467,0.643478260869565,0.527757736852098,0.373181074551784,0,0.5,"environment_specific"
"56IBWSN","1180","9083247","56IBWSN::1180",2,0.517153977596355,0.390829694323144,0.643478260869565,0.252648566546421,0.178649514662035,0,0,"intermediate"
"56IBWSN","1181","9083250","56IBWSN::1181",2,0.389424719954433,0.135371179039301,0.643478260869565,0.508107081830264,0.359285963131088,0,0.5,"environment_specific"
"56IBWSN","1182","9083252","56IBWSN::1182",2,0.352306816024302,0.0611353711790393,0.643478260869565,0.582342889690526,0.41177860627594,0,0.5,"environment_specific"
"56IBWSN","1183","9083308","56IBWSN::1183",2,0.517153977596355,0.390829694323144,0.643478260869565,0.252648566546421,0.178649514662035,0,0,"intermediate"
"56IBWSN","1184","9083330","56IBWSN::1184",2,0.42217581165749,0.200873362445415,0.643478260869565,0.44260489842415,0.3129689250621,0,0,"intermediate"
"56IBWSN","1185","9083333","56IBWSN::1185",2,0.275849629770268,0.160869565217391,0.390829694323144,0.229960129105753,0.162606366693212,0,0.5,"intermediate"
"56IBWSN","1186","9083338","56IBWSN::1186",2,0.311719194987659,0.232608695652174,0.390829694323144,0.15822099867097,0.111879141086351,0,0,"intermediate"
"56IBWSN","1187","9083401","56IBWSN::1187",2,0.517153977596355,0.390829694323144,0.643478260869565,0.252648566546421,0.178649514662035,0,0,"intermediate"
"56IBWSN","1188","9083443","56IBWSN::1188",2,0.617590658819062,0.591703056768559,0.643478260869565,0.0517752041010063,0.0366105979171391,0,0,"intermediate"
"56IBWSN","1189","9083488","56IBWSN::1189",2,0.802088475412949,0.643478260869565,0.960698689956332,0.317220429086767,0.224308716538159,0.5,0,"consistently_low_disease_rank"
"56IBWSN","1190","9083493","56IBWSN::1190",2,0.517153977596355,0.390829694323144,0.643478260869565,0.252648566546421,0.178649514662035,0,0,"intermediate"
"56IBWSN","1191","9083508","56IBWSN::1191",2,0.517153977596355,0.390829694323144,0.643478260869565,0.252648566546421,0.178649514662035,0,0,"intermediate"
"56IBWSN","1192","9083523","56IBWSN::1192",2,0.67981773305487,0.643478260869565,0.716157205240175,0.0726789443706094,0.0513917744139378,0,0,"intermediate"
"56IBWSN","1193","9083546","56IBWSN::1193",2,0.751870134801595,0.643478260869565,0.860262008733624,0.216783747864059,0.153289258165711,0.5,0,"consistently_low_disease_rank"
"56IBWSN","1194","9083603","56IBWSN::1194",2,0.415625593316879,0.187772925764192,0.643478260869565,0.455705335105373,0.322232332675897,0,0.5,"intermediate"
"56IBWSN","1195","9083664","56IBWSN::1195",2,0.39160812606797,0.139737991266376,0.643478260869565,0.50374026960319,0.356198160593155,0,0.5,"environment_specific"
"56IBWSN","1196","9083675","56IBWSN::1196",2,0.402525156635656,0.161572052401747,0.643478260869565,0.481906208467819,0.340759147903492,0,0.5,"intermediate"
"56IBWSN","1197","9083677","56IBWSN::1197",2,0.371957471046136,0.100436681222707,0.643478260869565,0.543041579646858,0.383988383434548,0,0.5,"environment_specific"
"56IBWSN","1198","9083754","56IBWSN::1198",2,0.517153977596355,0.390829694323144,0.643478260869565,0.252648566546421,0.178649514662035,0,0,"intermediate"
"56IBWSN","1199","9083760","56IBWSN::1199",2,0.234545281944181,0.0782608695652174,0.390829694323144,0.312568824757927,0.22101953557384,0,0.5,"consistently_high_disease_rank"
"56IBWSN","1200","304660","56IBWSN::1200",2,0.0108790582874502,0.00436681222707425,0.0173913043478261,0.0130244921207519,0.00920970670009439,0,1,"consistently_high_disease_rank"
"56IBWSN","1201","9083763","56IBWSN::1201",2,0.316067021074616,0.241304347826087,0.390829694323144,0.149525346497057,0.105730386467337,0,0,"intermediate"
"56IBWSN","1202","9083838","56IBWSN::1202",2,0.321739130434783,0,0.643478260869565,0.643478260869565,0.455007841806996,0,0.5,"environment_specific"
"56IBWSN","1203","9083876","56IBWSN::1203",2,0.354490222137839,0.0655021834061136,0.643478260869565,0.577976077463452,0.408690803738008,0,0.5,"environment_specific"
"56IBWSN","1204","9083995","56IBWSN::1204",2,0.379599392443516,0.115720524017467,0.643478260869565,0.527757736852098,0.373181074551784,0,0.5,"environment_specific"
"56IBWSN","1205","9083996","56IBWSN::1205",2,0.67981773305487,0.643478260869565,0.716157205240175,0.0726789443706094,0.0513917744139378,0,0,"intermediate"
"56IBWSN","1206","9083998","56IBWSN::1206",2,0.517153977596355,0.390829694323144,0.643478260869565,0.252648566546421,0.178649514662035,0,0,"intermediate"
"56IBWSN","1207","9084006","56IBWSN::1207",2,0.245414847161572,0.1,0.390829694323144,0.290829694323144,0.205647649026306,0,0.5,"consistently_high_disease_rank"
"56IBWSN","1208","9084023","56IBWSN::1208",2,0.517153977596355,0.390829694323144,0.643478260869565,0.252648566546421,0.178649514662035,0,0,"intermediate"
"56IBWSN","1209","9084026","56IBWSN::1209",2,0.517153977596355,0.390829694323144,0.643478260869565,0.252648566546421,0.178649514662035,0,0,"intermediate"
"56IBWSN","1210","9084033","56IBWSN::1210",2,0.419992405543953,0.196506550218341,0.643478260869565,0.446971710651225,0.316056727600032,0,0.5,"intermediate"
"56IBWSN","1211","9084129","56IBWSN::1211",2,0.517153977596355,0.390829694323144,0.643478260869565,0.252648566546421,0.178649514662035,0,0,"intermediate"
"56IBWSN","1212","9084272","56IBWSN::1212",2,0.517153977596355,0.390829694323144,0.643478260869565,0.252648566546421,0.178649514662035,0,0,"intermediate"
"56IBWSN","1213","9084384","56IBWSN::1213",2,0.67981773305487,0.643478260869565,0.716157205240175,0.0726789443706094,0.0513917744139378,0,0,"intermediate"
"56IBWSN","1214","9084423","56IBWSN::1214",2,0.137326751471426,0.104347826086956,0.170305676855895,0.0659578507689387,0.0466392435512069,0,1,"consistently_high_disease_rank"
"56IBWSN","1215","9084440","56IBWSN::1215",2,0.0653787734953484,0.0565217391304348,0.074235807860262,0.0177140687298272,0.0125257381212654,0,1,"consistently_high_disease_rank"
"56IBWSN","1216","9084473","56IBWSN::1216",2,0.716935636985001,0.643478260869565,0.790393013100437,0.146914752230871,0.103884417558791,0,0,"intermediate"
"56IBWSN","1217","9084484","56IBWSN::1217",2,0.802088475412949,0.643478260869565,0.960698689956332,0.317220429086767,0.224308716538159,0.5,0,"consistently_low_disease_rank"
"56IBWSN","1218","9084525","56IBWSN::1218",2,0.517153977596355,0.390829694323144,0.643478260869565,0.252648566546421,0.178649514662035,0,0,"intermediate"
"56IBWSN","1219","9084526","56IBWSN::1219",2,0.775887602050503,0.643478260869565,0.908296943231441,0.264818682361876,0.187255086082969,0.5,0,"consistently_low_disease_rank"
"56IBWSN","1220","9084554","56IBWSN::1220",2,0.802088475412949,0.643478260869565,0.960698689956332,0.317220429086767,0.224308716538159,0.5,0,"consistently_low_disease_rank"
"56IBWSN","1221","9084655","56IBWSN::1221",2,0.802088475412949,0.643478260869565,0.960698689956332,0.317220429086767,0.224308716538159,0.5,0,"consistently_low_disease_rank"
"56IBWSN","1222","9084692","56IBWSN::1222",2,0.369774064932599,0.0960698689956332,0.643478260869565,0.547408391873932,0.38707618597248,0,0.5,"environment_specific"
"56IBWSN","1223","9084742","56IBWSN::1223",2,0.341389785456617,0.0393013100436681,0.643478260869565,0.604176950825897,0.427217618965603,0,0.5,"environment_specific"
"56IBWSN","1224","9084753","56IBWSN::1224",2,0.517153977596355,0.390829694323144,0.643478260869565,0.252648566546421,0.178649514662035,0,0,"intermediate"
"56IBWSN","1225","304660","56IBWSN::1225",2,0.0304917410290488,0.0262008733624454,0.0347826086956522,0.00858173533320683,0.00606820324845875,0,1,"consistently_high_disease_rank"
"56IBWSN","1226","9084864","56IBWSN::1226",2,0.517153977596355,0.390829694323144,0.643478260869565,0.252648566546421,0.178649514662035,0,0,"intermediate"
"56IBWSN","1227","9084869","56IBWSN::1227",2,0.517153977596355,0.390829694323144,0.643478260869565,0.252648566546421,0.178649514662035,0,0,"intermediate"
"56IBWSN","1228","9084901","56IBWSN::1228",2,0.517153977596355,0.390829694323144,0.643478260869565,0.252648566546421,0.178649514662035,0,0,"intermediate"
"56IBWSN","1229","9084970","56IBWSN::1229",2,0.612132143535219,0.580786026200873,0.643478260869565,0.0626922346686919,0.0443301042619704,0,0,"intermediate"
"56IBWSN","1230","9028496","56IBWSN::1230",2,0.257371368900702,0.123913043478261,0.390829694323144,0.266916650844883,0.188738573824019,0,0.5,"intermediate"
"56IBWSN","1231","9086708","56IBWSN::1231",2,0.650341750522119,0.643478260869565,0.657205240174672,0.0137269793051071,0.00970644015184866,0,0,"intermediate"
