"material_id","nursery","Entry","GID","n_location_year_pairs","mean_delta","median_delta","mean_abs_delta","max_increase","max_decrease","prop_abs_delta_le5","sowing_response_pattern","robustness_class","selection_count"
"15HLBSN::17","15HLBSN","17","8935464",2,-2.105263158,-2.105263158,2.105263158,0,-4.210526316,1,"generally_stable","provisional",2
"15HLBSN::20","15HLBSN","20","9080989",2,1.5789473685,1.5789473685,1.5789473685,3.157894737,0,1,"generally_stable","provisional",2
"15HLBSN::39","15HLBSN","39","9082756",2,-1.4285714285,-1.4285714285,1.4285714285,0,-2.857142857,1,"generally_stable","provisional",2
"15HLBSN::50","15HLBSN","50","911521",2,0,0,0,0,0,1,"generally_stable","provisional",2
"15HLBSN::6","15HLBSN","6","9082871",2,-0.751879699,-0.751879699,0.751879699,0,-1.503759398,1,"generally_stable","provisional",2
"15HLBSN::8","15HLBSN","8","9087410",2,0,0,0,0,0,1,"generally_stable","provisional",2
"15HLBSN::9","15HLBSN","9","9087739",2,-0.275689223,-0.275689223,0.275689223,0,-0.551378446,1,"generally_stable","provisional",2
"15HLBSN::51","15HLBSN","51","304660",1,3.22000972,3.22000972,3.22000972,3.22000972,3.22000972,1,"generally_stable","not_screenable",0
"15HLBSN::49","15HLBSN","49","6387",2,-15.41666667,-15.41666667,17.25,1.83333333,-32.66666667,0.5,"second_sowing_sensitive_decrease","weak",0
"15HLBSN::12","15HLBSN","12","9083554",2,0,0,0,0,0,1,"stable_low_both_sowings","robust",5
"15HLBSN::19","15HLBSN","19","9083225",2,0,0,0,0,0,1,"stable_low_both_sowings","robust",5
"15HLBSN::2","15HLBSN","2","9084889",2,0,0,0,0,0,1,"stable_low_both_sowings","robust",5
"15HLBSN::22","15HLBSN","22","9086931",2,0,0,0,0,0,1,"stable_low_both_sowings","robust",5
"15HLBSN::23","15HLBSN","23","9082838",2,0,0,0,0,0,1,"stable_low_both_sowings","robust",5
"15HLBSN::26","15HLBSN","26","9087200",2,0,0,0,0,0,1,"stable_low_both_sowings","robust",5
"15HLBSN::28","15HLBSN","28","9079518",2,0,0,0,0,0,1,"stable_low_both_sowings","robust",5
"15HLBSN::3","15HLBSN","3","9082278",2,0,0,0,0,0,1,"stable_low_both_sowings","robust",5
"15HLBSN::31","15HLBSN","31","9087481",2,0,0,0,0,0,1,"stable_low_both_sowings","robust",5
"15HLBSN::32","15HLBSN","32","9087991",2,0,0,0,0,0,1,"stable_low_both_sowings","robust",5
"15HLBSN::34","15HLBSN","34","9082196",2,0,0,0,0,0,1,"stable_low_both_sowings","robust",5
"15HLBSN::36","15HLBSN","36","9086404",2,0,0,0,0,0,1,"stable_low_both_sowings","robust",5
"15HLBSN::37","15HLBSN","37","9086675",2,0,0,0,0,0,1,"stable_low_both_sowings","robust",5
"15HLBSN::38","15HLBSN","38","9081904",2,0,0,0,0,0,1,"stable_low_both_sowings","robust",5
"15HLBSN::40","15HLBSN","40","9085537",2,0,0,0,0,0,1,"stable_low_both_sowings","robust",5
"15HLBSN::42","15HLBSN","42","9083556",2,0,0,0,0,0,1,"stable_low_both_sowings","robust",5
"15HLBSN::44","15HLBSN","44","9086096",2,0,0,0,0,0,1,"stable_low_both_sowings","robust",5
"15HLBSN::45","15HLBSN","45","9085657",2,0,0,0,0,0,1,"stable_low_both_sowings","robust",5
"15HLBSN::46","15HLBSN","46","9084822",2,0,0,0,0,0,1,"stable_low_both_sowings","robust",5
"15HLBSN::48","15HLBSN","48","9086411",2,0,0,0,0,0,1,"stable_low_both_sowings","robust",5
"15HLBSN::5","15HLBSN","5","8935740",2,0,0,0,0,0,1,"stable_low_both_sowings","robust",5
"15HLBSN::7","15HLBSN","7","9088713",2,0,0,0,0,0,1,"stable_low_both_sowings","robust",5
"15HLBSN::1","15HLBSN","1","9086910",2,0,0,0,0,0,1,"stable_low_both_sowings","robust",4
"15HLBSN::11","15HLBSN","11","9083211",2,-0.5889724315,-0.5889724315,0.5889724315,0,-1.177944863,1,"stable_low_both_sowings","robust",4
"15HLBSN::14","15HLBSN","14","9082028",2,-0.238095238,-0.238095238,0.238095238,0,-0.476190476,1,"stable_low_both_sowings","robust",4
"15HLBSN::15","15HLBSN","15","9086526",2,2.142857143,2.142857143,2.142857143,4.285714286,0,1,"stable_low_both_sowings","robust",4
"15HLBSN::18","15HLBSN","18","9084782",2,-0.8270676695,-0.8270676695,0.8270676695,0,-1.654135339,1,"stable_low_both_sowings","robust",4
"15HLBSN::21","15HLBSN","21","9081586",2,-1.1904761905,-1.1904761905,1.1904761905,0,-2.380952381,1,"stable_low_both_sowings","robust",4
"15HLBSN::24","15HLBSN","24","9086010",2,1.6666666665,1.6666666665,1.6666666665,3.333333333,0,1,"stable_low_both_sowings","robust",4
"15HLBSN::25","15HLBSN","25","9083322",2,-0.9523809525,-0.9523809525,0.9523809525,0,-1.904761905,1,"stable_low_both_sowings","robust",4
"15HLBSN::27","15HLBSN","27","9084399",2,2.142857143,2.142857143,2.142857143,4.285714286,0,1,"stable_low_both_sowings","robust",4
"15HLBSN::29","15HLBSN","29","9088606",2,1.1904761905,1.1904761905,1.1904761905,2.380952381,0,1,"stable_low_both_sowings","robust",4
"15HLBSN::35","15HLBSN","35","9085044",2,1.842105263,1.842105263,1.842105263,3.684210526,0,1,"stable_low_both_sowings","robust",4
"15HLBSN::4","15HLBSN","4","9086267",2,0.30075188,0.30075188,0.30075188,0.60150376,0,1,"stable_low_both_sowings","robust",4
"15HLBSN::43","15HLBSN","43","9086384",2,1.3157894735,1.3157894735,1.3157894735,2.631578947,0,1,"stable_low_both_sowings","robust",4
"15HLBSN::47","15HLBSN","47","9082789",2,1.1904761905,1.1904761905,1.1904761905,2.380952381,0,1,"stable_low_both_sowings","robust",4
"15HLBSN::10","15HLBSN","10","9079915",2,-3.3333333335,-3.3333333335,3.3333333335,0,-6.666666667,0.5,"variable_moderate","provisional",2
"15HLBSN::13","15HLBSN","13","9087058",2,-4.2857142855,-4.2857142855,4.2857142855,0,-8.571428571,0.5,"variable_moderate","provisional",2
"15HLBSN::16","15HLBSN","16","9083043",2,2.8125,2.8125,2.8125,5.625,0,0.5,"variable_moderate","provisional",2
"15HLBSN::30","15HLBSN","30","9080408",2,-2.6315789475,-2.6315789475,2.6315789475,0,-5.263157895,0.5,"variable_moderate","provisional",2
"15HLBSN::33","15HLBSN","33","9085393",2,5,5,5,10,0,0.5,"variable_moderate","provisional",2
"15HLBSN::41","15HLBSN","41","9086752",2,2.894736842,2.894736842,2.894736842,5.789473684,0,0.5,"variable_moderate","provisional",2
"15HLBSN::52","15HLBSN","52","304660",1,24.6170983,24.6170983,24.6170983,24.6170983,24.6170983,0,"variable_moderate","not_screenable",0
"15HZAN::10","15HZAN","10","9294113",3,-0.857142857,0,0.857142857,0,-2.571428571,1,"generally_stable","provisional",3
"15HZAN::181","15HZAN","181","9296450",3,-0.246031746,0,0.246031746,0,-0.738095238,1,"generally_stable","provisional",3
"15HZAN::39","15HZAN","39","9294344",3,-1.52046783633333,0,1.52046783633333,0,-4.561403509,1,"generally_stable","provisional",3
"15HZAN::48","15HZAN","48","9294575",3,0.982286634666667,0,0.982286634666667,2.946859904,0,1,"generally_stable","provisional",3
"15HZAN::1","15HZAN","1","9294009",3,0.328947368333333,0,0.328947368333333,0.986842105,0,1,"generally_stable","provisional",2
"15HZAN::104","15HZAN","104","9295565",3,1.25,0,1.25,3.75,0,1,"generally_stable","provisional",2
"15HZAN::107","15HZAN","107","9295644",3,0.476190476333333,0,0.476190476333333,1.428571429,0,1,"generally_stable","provisional",2
"15HZAN::108","15HZAN","108","9295646",3,0,0,0,0,0,1,"generally_stable","provisional",2
"15HZAN::111","15HZAN","111","9269788",3,-1.33333333333333,0,1.33333333333333,0,-4,1,"generally_stable","provisional",2
"15HZAN::112","15HZAN","112","9295660",3,1.57894736833333,0,1.57894736833333,4.736842105,0,1,"generally_stable","provisional",2
"15HZAN::113","15HZAN","113","9295665",3,-1.25,0,1.25,0,-3.75,1,"generally_stable","provisional",2
"15HZAN::114","15HZAN","114","9269804",3,-1.20448179266667,0,1.20448179266667,0,-3.613445378,1,"generally_stable","provisional",2
"15HZAN::116","15HZAN","116","9269819",3,0,0,0,0,0,1,"generally_stable","provisional",2
"15HZAN::118","15HZAN","118","9269840",3,-1.04166666666667,0,1.04166666666667,0,-3.125,1,"generally_stable","provisional",2
"15HZAN::121","15HZAN","121","9295786",3,0,0,0,0,0,1,"generally_stable","provisional",2
"15HZAN::127","15HZAN","127","9295827",3,-1.57894736833333,0,1.57894736833333,0,-4.736842105,1,"generally_stable","provisional",2
"15HZAN::128","15HZAN","128","9295838",3,0,0,0,0,0,1,"generally_stable","provisional",2
"15HZAN::13","15HZAN","13","9294142",3,-0.555555555666666,0,0.555555555666666,0,-1.666666667,1,"generally_stable","provisional",2
"15HZAN::130","15HZAN","130","9295844",3,-1.37254901966667,0,1.37254901966667,0,-4.117647059,1,"generally_stable","provisional",2
"15HZAN::132","15HZAN","132","9295873",3,0,0,0,0,0,1,"generally_stable","provisional",2
"15HZAN::134","15HZAN","134","9270040",3,0.097465887,0,0.097465887,0.292397661,0,1,"generally_stable","provisional",2
"15HZAN::147","15HZAN","147","9296016",3,-1.37254901966667,0,1.37254901966667,0,-4.117647059,1,"generally_stable","provisional",2
"15HZAN::148","15HZAN","148","9296026",3,0,0,0,0,0,1,"generally_stable","provisional",2
"15HZAN::151","15HZAN","151","9296038",3,0,0,0,0,0,1,"generally_stable","provisional",2
"15HZAN::155","15HZAN","155","9296120",3,0,0,0,0,0,1,"generally_stable","provisional",2
"15HZAN::156","15HZAN","156","9296122",3,0,0,0,0,0,1,"generally_stable","provisional",2
"15HZAN::162","15HZAN","162","9296288",3,0,0,0,0,0,1,"generally_stable","provisional",2
"15HZAN::164","15HZAN","164","9296319",3,0.350877193,0,0.350877193,1.052631579,0,1,"generally_stable","provisional",2
"15HZAN::169","15HZAN","169","9296358",3,0,0,0,0,0,1,"generally_stable","provisional",2
"15HZAN::17","15HZAN","17","9294168",3,0.253968254,0,0.253968254,0.761904762,0,1,"generally_stable","provisional",2
"15HZAN::170","15HZAN","170","9296359",3,0,0,0,0,0,1,"generally_stable","provisional",2
"15HZAN::172","15HZAN","172","9296371",3,1.48148148133333,0,1.48148148133333,4.444444444,0,1,"generally_stable","provisional",2
"15HZAN::173","15HZAN","173","9296374",3,1.403508772,0,1.403508772,4.210526316,0,1,"generally_stable","provisional",2
"15HZAN::175","15HZAN","175","9296409",3,-0.952380952333333,0,0.952380952333333,0,-2.857142857,1,"generally_stable","provisional",2
"15HZAN::179","15HZAN","179","9296430",3,0,0,0,0,0,1,"generally_stable","provisional",2
"15HZAN::186","15HZAN","186","9296538",3,0,0,0,0,0,1,"generally_stable","provisional",2
"15HZAN::193","15HZAN","193","9296684",3,0.122549019666667,0,0.122549019666667,0.367647059,0,1,"generally_stable","provisional",2
"15HZAN::194","15HZAN","194","9296686",3,0,0,0,0,0,1,"generally_stable","provisional",2
"15HZAN::195","15HZAN","195","9296689",3,0,0,0,0,0,1,"generally_stable","provisional",2
"15HZAN::197","15HZAN","197","9296703",3,0,0,0,0,0,1,"generally_stable","provisional",2
"15HZAN::20","15HZAN","20","9294197",3,-0.555555555666666,0,0.555555555666666,0,-1.666666667,1,"generally_stable","provisional",2
"15HZAN::205","15HZAN","205","9270933",3,-1.052631579,0,1.052631579,0,-3.157894737,1,"generally_stable","provisional",2
"15HZAN::206","15HZAN","206","9270957",3,0,0,0,0,0,1,"generally_stable","provisional",2
"15HZAN::209","15HZAN","209","9296869",3,0,0,0,0,0,1,"generally_stable","provisional",2
"15HZAN::21","15HZAN","21","9294200",3,-0.555555555666666,0,0.555555555666666,0,-1.666666667,1,"generally_stable","provisional",2
"15HZAN::217","15HZAN","217","9271065",3,0,0,0,0,0,1,"generally_stable","provisional",2
"15HZAN::22","15HZAN","22","9294204",3,0.0103199173333334,0,0.0103199173333334,0.0309597520000002,0,1,"generally_stable","provisional",2
"15HZAN::221","15HZAN","221","9297045",3,0,0,0,0,0,1,"generally_stable","provisional",2
"15HZAN::223","15HZAN","223","9297094",3,0.601503759333334,0,0.601503759333334,1.804511278,0,1,"generally_stable","provisional",2
"15HZAN::225","15HZAN","225","9297124",3,0,0,0,0,0,1,"generally_stable","provisional",2
"15HZAN::230","15HZAN","230","9297186",3,0.545634920666667,0,0.545634920666667,1.636904762,0,1,"generally_stable","provisional",2
"15HZAN::232","15HZAN","232","9297191",3,-0.760233918,0,0.760233918,0,-2.280701754,1,"generally_stable","provisional",2
"15HZAN::233","15HZAN","233","9297196",3,0,0,0,0,0,1,"generally_stable","provisional",2
"15HZAN::26","15HZAN","26","9268369",3,-1.37254901966667,0,1.37254901966667,0,-4.117647059,1,"generally_stable","provisional",2
"15HZAN::3","15HZAN","3","9294013",3,-0.254629629666667,0,0.254629629666667,0,-0.763888889,1,"generally_stable","provisional",2
"15HZAN::35","15HZAN","35","9294287",3,0.634920635,0,0.634920635,1.904761905,0,1,"generally_stable","provisional",2
"15HZAN::36","15HZAN","36","9294293",3,-1.57894736833333,0,1.57894736833333,0,-4.736842105,1,"generally_stable","provisional",2
"15HZAN::38","15HZAN","38","9294335",3,0.056022409,0,0.056022409,0.168067227,0,1,"generally_stable","provisional",2
"15HZAN::4","15HZAN","4","9294016",3,0.233426704000001,0,0.233426704000001,0.700280112000002,0,1,"generally_stable","provisional",2
"15HZAN::41","15HZAN","41","9294373",3,-0.484544695,0,0.484544695,0,-1.453634085,1,"generally_stable","provisional",2
"15HZAN::44","15HZAN","44","9294408",3,0.828460039,0,0.828460039,2.485380117,0,1,"generally_stable","provisional",2
"15HZAN::46","15HZAN","46","9294518",3,0.123839009333333,0,0.123839009333333,0.371517028,0,1,"generally_stable","provisional",2
"15HZAN::54","15HZAN","54","9294738",3,-0.809716599,0,0.809716599,0,-2.429149797,1,"generally_stable","provisional",2
"15HZAN::55","15HZAN","55","9294753",3,0.0793650793333338,0,0.0793650793333338,0.238095238000001,0,1,"generally_stable","provisional",2
"15HZAN::56","15HZAN","56","9294759",3,0,0,0,0,0,1,"generally_stable","provisional",2
"15HZAN::57","15HZAN","57","9294767",3,-0.131578947333333,0,0.131578947333333,0,-0.394736842,1,"generally_stable","provisional",2
"15HZAN::63","15HZAN","63","9294832",3,-1.213818861,0,1.213818861,0,-3.641456583,1,"generally_stable","provisional",2
"15HZAN::65","15HZAN","65","9294846",3,-0.392156862666667,0,0.392156862666667,0,-1.176470588,1,"generally_stable","provisional",2
"15HZAN::70","15HZAN","70","9294926",3,0,0,0,0,0,1,"generally_stable","provisional",2
"15HZAN::72","15HZAN","72","9294936",3,0,0,0,0,0,1,"generally_stable","provisional",2
"15HZAN::78","15HZAN","78","9295083",3,-0.196078431333333,0,0.196078431333333,0,-0.588235294,1,"generally_stable","provisional",2
"15HZAN::79","15HZAN","79","9295087",3,0,0,0,0,0,1,"generally_stable","provisional",2
"15HZAN::84","15HZAN","84","9295234",3,1.02339181266667,0,1.02339181266667,3.070175438,0,1,"generally_stable","provisional",2
"15HZAN::88","15HZAN","88","9295292",3,-1.403508772,0,1.403508772,0,-4.210526316,1,"generally_stable","provisional",2
"15HZAN::90","15HZAN","90","9295318",3,-0.196078431333333,0,0.196078431333333,0,-0.588235294,1,"generally_stable","provisional",2
"15HZAN::91","15HZAN","91","9295323",3,0,0,0,0,0,1,"generally_stable","provisional",2
"15HZAN::93","15HZAN","93","9295346",3,0.701754386,0,0.701754386,2.105263158,0,1,"generally_stable","provisional",2
"15HZAN::94","15HZAN","94","9295390",3,0,0,0,0,0,1,"generally_stable","provisional",2
"15HZAN::95","15HZAN","95","9295404",3,0.392156862666667,0,0.392156862666667,1.176470588,0,1,"generally_stable","provisional",2
"15HZAN::96","15HZAN","96","9295405",3,0,0,0,0,0,1,"generally_stable","provisional",2
"15HZAN::189","15HZAN","189","9296575",3,0,0,0,0,0,1,"generally_stable","weak",0
"15HZAN::208","15HZAN","208","9296866",3,-1.17647058666667,0,1.17647058666667,0,-3.52941176,1,"generally_stable","weak",0
"15HZAN::92","15HZAN","92","9295344",3,-1.05263158,0,1.05263158,0,-3.15789474,1,"generally_stable","weak",0
"15HZAN::119","15HZAN","119","9295730",3,-2.14016411466667,0,5.84386781866667,5.555555556,-11.9760479,0.333333333333333,"second_sowing_sensitive_decrease","weak",1
"15HZAN::161","15HZAN","161","9296263",3,-5.42168674666667,0,5.42168674666667,0,-16.26506024,0.666666666666667,"second_sowing_sensitive_decrease","weak",1
"15HZAN::40","15HZAN","40","9294359",3,-4.798098798,-3.897058824,4.798098798,0,-10.49723757,0.666666666666667,"second_sowing_sensitive_decrease","weak",1
"15HZAN::85","15HZAN","85","9295251",3,-6.44650842633333,-7.058823529,6.44650842633333,0,-12.28070175,0.333333333333333,"second_sowing_sensitive_decrease","weak",1
"15HZAN::144","15HZAN","144","9295992",3,-18.321195143,-11.9047619,23.732959849,8.117647059,-51.176470588,0,"second_sowing_sensitive_decrease","weak",0
"15HZAN::15","15HZAN","15","9294146",3,-5.23809523666667,0,5.23809523666667,0,-15.71428571,0.666666666666667,"second_sowing_sensitive_decrease","weak",0
"15HZAN::165","15HZAN","165","9296325",3,-38.6250958326667,-39.721441348,38.6250958326667,-30,-46.15384615,0,"second_sowing_sensitive_decrease","weak",0
"15HZAN::183","15HZAN","183","9296471",3,-42.0869242566667,-32.83856517,46.47211919,6.57779239999999,-100,0,"second_sowing_sensitive_decrease","weak",0
"15HZAN::184","15HZAN","184","9270624",3,-25.4385964913333,0,25.4385964913333,0,-76.315789474,0.666666666666667,"second_sowing_sensitive_decrease","weak",0
"15HZAN::207","15HZAN","207","9296864",3,-6.66666666666667,0,6.66666666666667,0,-20,0.666666666666667,"second_sowing_sensitive_decrease","weak",0
"15HZAN::28","15HZAN","28","9294243",3,-17.5,0,17.5,0,-52.5,0.666666666666667,"second_sowing_sensitive_decrease","weak",0
"15HZAN::31","15HZAN","31","9294250",3,-5.41666666666667,0,5.41666666666667,0,-16.25,0.666666666666667,"second_sowing_sensitive_decrease","weak",0
"15HZAN::75","15HZAN","75","9294963",3,-6.66666666666667,0,6.66666666666667,0,-20,0.666666666666667,"second_sowing_sensitive_decrease","weak",0
"15HZAN::8","15HZAN","8","9294036",3,-12.456140351,0,12.456140351,0,-37.368421053,0.666666666666667,"second_sowing_sensitive_decrease","weak",0
"15HZAN::82","15HZAN","82","9269292",3,-15.890489514,-14.736842105,15.890489514,0,-32.934626437,0.333333333333333,"second_sowing_sensitive_decrease","weak",0
"15HZAN::105","15HZAN","105","9269749",3,8.82453494233333,0,11.9617898443333,31.17948718,-4.705882353,0.666666666666667,"second_sowing_sensitive_increase","robust",4
"15HZAN::47","15HZAN","47","9294520",3,17.4097664533333,0,17.4097664533333,52.22929936,0,0.666666666666667,"second_sowing_sensitive_increase","weak",1
"15HZAN::129","15HZAN","129","9295840",3,6.66666666666667,0,6.66666666666667,20,0,0.666666666666667,"second_sowing_sensitive_increase","weak",0
"15HZAN::178","15HZAN","178","9296428",3,6.66666666666667,0,6.66666666666667,20,0,0.666666666666667,"second_sowing_sensitive_increase","weak",0
"15HZAN::190","15HZAN","190","9296591",3,18.5817934933333,-4.93150685000001,32.6377187,76.82926829,-16.15238096,0.333333333333333,"second_sowing_sensitive_increase","weak",0
"15HZAN::191","15HZAN","191","9296629",3,18.6405959033333,15.92178771,18.6405959033333,40,0,0.333333333333333,"second_sowing_sensitive_increase","weak",0
"15HZAN::222","15HZAN","222","9297090",3,28.5129743433333,13.97053181,34.1340468633333,80,-8.43160878,0,"second_sowing_sensitive_increase","weak",0
"15HZAN::224","15HZAN","224","9297101",3,14.5548654233333,13.66459627,14.5548654233333,30,0,0.333333333333333,"second_sowing_sensitive_increase","weak",0
"15HZAN::50","15HZAN","50","6564550",3,6.66666666666667,0,6.66666666666667,20,0,0.666666666666667,"second_sowing_sensitive_increase","weak",0
"15HZAN::106","15HZAN","106","9269767",3,0,0,0,0,0,1,"stable_low_both_sowings","robust",6
"15HZAN::124","15HZAN","124","9295806",3,0,0,0,0,0,1,"stable_low_both_sowings","robust",6
"15HZAN::126","15HZAN","126","9295808",3,-1.403508772,0,1.403508772,0,-4.210526316,1,"stable_low_both_sowings","robust",6
"15HZAN::14","15HZAN","14","9294144",3,-1.58730158733333,0,1.58730158733333,0,-4.761904762,1,"stable_low_both_sowings","robust",6
"15HZAN::152","15HZAN","152","9296054",3,0,0,0,0,0,1,"stable_low_both_sowings","robust",6
"15HZAN::163","15HZAN","163","9296290",3,0,0,0,0,0,1,"stable_low_both_sowings","robust",6
"15HZAN::174","15HZAN","174","9270527",3,-1.42857142866667,0,1.42857142866667,0,-4.285714286,1,"stable_low_both_sowings","robust",6
"15HZAN::177","15HZAN","177","9296412",3,0,0,0,0,0,1,"stable_low_both_sowings","robust",6
"15HZAN::19","15HZAN","19","9294191",3,0,0,0,0,0,1,"stable_low_both_sowings","robust",6
"15HZAN::202","15HZAN","202","9296784",3,-1.37254901966667,0,1.37254901966667,0,-4.117647059,1,"stable_low_both_sowings","robust",6
"15HZAN::203","15HZAN","203","9296785",3,0,0,0,0,0,1,"stable_low_both_sowings","robust",6
"15HZAN::218","15HZAN","218","9296943",3,-1.25,0,1.25,0,-3.75,1,"stable_low_both_sowings","robust",6
"15HZAN::220","15HZAN","220","9297003",3,0,0,0,0,0,1,"stable_low_both_sowings","robust",6
"15HZAN::231","15HZAN","231","9297187",3,0,0,0,0,0,1,"stable_low_both_sowings","robust",6
"15HZAN::25","15HZAN","25","9268365",3,-1.17647058833333,0,1.17647058833333,0,-3.529411765,1,"stable_low_both_sowings","robust",6
"15HZAN::43","15HZAN","43","9294386",3,0,0,0,0,0,1,"stable_low_both_sowings","robust",6
"15HZAN::69","15HZAN","69","9294923",3,0,0,0,0,0,1,"stable_low_both_sowings","robust",6
"15HZAN::73","15HZAN","73","9294958",3,-1.58730158733333,0,1.58730158733333,0,-4.761904762,1,"stable_low_both_sowings","robust",6
"15HZAN::45","15HZAN","45","9294419",3,-0.07518797,0,0.07518797,0,-0.22556391,1,"stable_low_both_sowings","robust",5
"15HZAN::9","15HZAN","9","9294112",3,-1.754385965,0,1.754385965,0,-5.263157895,0.666666666666667,"variable_moderate","robust",4
"15HZAN::103","15HZAN","103","9295511",3,-2.28070175433333,0,2.28070175433333,0,-6.842105263,0.666666666666667,"variable_moderate","provisional",3
"15HZAN::109","15HZAN","109","9295648",3,-2.380952381,0,2.380952381,0,-7.142857143,0.666666666666667,"variable_moderate","provisional",3
"15HZAN::11","15HZAN","11","9294129",3,-2.06349206333333,0,2.06349206333333,0,-6.19047619,0.666666666666667,"variable_moderate","provisional",3
"15HZAN::115","15HZAN","115","9269817",3,-1.90476190466667,0,1.90476190466667,0,-5.714285714,0.666666666666667,"variable_moderate","provisional",3
"15HZAN::120","15HZAN","120","9295773",3,-2.28070175433333,0,2.28070175433333,0,-6.842105263,0.666666666666667,"variable_moderate","provisional",3
"15HZAN::131","15HZAN","131","9295863",3,1.96078431366667,0,1.96078431366667,5.882352941,0,0.666666666666667,"variable_moderate","provisional",3
"15HZAN::135","15HZAN","135","9295927",3,2.037037037,0,2.037037037,6.111111111,0,0.666666666666667,"variable_moderate","provisional",3
"15HZAN::137","15HZAN","137","9295933",3,-2.63157894733333,0,2.63157894733333,0,-7.894736842,0.666666666666667,"variable_moderate","provisional",3
"15HZAN::158","15HZAN","158","9296175",3,-2.28070175433333,0,2.28070175433333,0,-6.842105263,0.666666666666667,"variable_moderate","provisional",3
"15HZAN::159","15HZAN","159","9296208",3,1.746031746,0,1.746031746,5.238095238,0,0.666666666666667,"variable_moderate","provisional",3
"15HZAN::16","15HZAN","16","9294147",3,-2.380952381,0,2.380952381,0,-7.142857143,0.666666666666667,"variable_moderate","provisional",3
"15HZAN::180","15HZAN","180","9296445",3,-2.28070175433333,0,2.28070175433333,0,-6.842105263,0.666666666666667,"variable_moderate","provisional",3
"15HZAN::187","15HZAN","187","9296544",3,-2.28070175433333,0,2.28070175433333,0,-6.842105263,0.666666666666667,"variable_moderate","provisional",3
"15HZAN::2","15HZAN","2","9294011",3,-2.94117647066667,0,2.94117647066667,0,-8.823529412,0.666666666666667,"variable_moderate","provisional",3
"15HZAN::226","15HZAN","226","9297144",3,-2.037037037,0,2.037037037,0,-6.111111111,0.666666666666667,"variable_moderate","provisional",3
"15HZAN::227","15HZAN","227","9297161",3,-2.549019608,0,2.549019608,0,-7.647058824,0.666666666666667,"variable_moderate","provisional",3
"15HZAN::33","15HZAN","33","9294282",3,-1.96078431366667,0,1.96078431366667,0,-5.882352941,0.666666666666667,"variable_moderate","provisional",3
"15HZAN::51","15HZAN","51","9268735",3,-2.380952381,0,2.380952381,0,-7.142857143,0.666666666666667,"variable_moderate","provisional",3
"15HZAN::6","15HZAN","6","9294021",3,-2.63157894733333,0,2.63157894733333,0,-7.894736842,0.666666666666667,"variable_moderate","provisional",3
"15HZAN::62","15HZAN","62","9294822",3,-2.857142857,0,2.857142857,0,-8.571428571,0.666666666666667,"variable_moderate","provisional",3
"15HZAN::64","15HZAN","64","9294844",3,-2.63157894733333,0,2.63157894733333,0,-7.894736842,0.666666666666667,"variable_moderate","provisional",3
"15HZAN::67","15HZAN","67","9294884",3,-2.105263158,0,2.105263158,0,-6.315789474,0.666666666666667,"variable_moderate","provisional",3
"15HZAN::71","15HZAN","71","9294933",3,-2.380952381,0,2.380952381,0,-7.142857143,0.666666666666667,"variable_moderate","provisional",3
"15HZAN::110","15HZAN","110","9269785",3,-3.33333333333333,0,3.33333333333333,0,-10,0.666666666666667,"variable_moderate","provisional",2
"15HZAN::117","15HZAN","117","9269821",3,-3.33333333333333,0,3.33333333333333,0,-10,0.666666666666667,"variable_moderate","provisional",2
"15HZAN::12","15HZAN","12","9294140",3,2.77777777766667,0,2.77777777766667,8.333333333,0,0.666666666666667,"variable_moderate","provisional",2
"15HZAN::122","15HZAN","122","9295787",3,-3.33333333333333,0,3.33333333333333,0,-10,0.666666666666667,"variable_moderate","provisional",2
"15HZAN::123","15HZAN","123","9295791",3,-3.33333333333333,0,3.33333333333333,0,-10,0.666666666666667,"variable_moderate","provisional",2
"15HZAN::125","15HZAN","125","9295807",3,3.33333333333333,0,3.33333333333333,10,0,0.666666666666667,"variable_moderate","provisional",2
"15HZAN::133","15HZAN","133","9295888",3,-3.33333333333333,0,3.33333333333333,0,-10,0.666666666666667,"variable_moderate","provisional",2
"15HZAN::136","15HZAN","136","9295932",3,-1.90476190466667,0,1.90476190466667,0,-5.714285714,0.666666666666667,"variable_moderate","provisional",2
"15HZAN::138","15HZAN","138","9270086",3,-3.33333333333333,0,3.33333333333333,0,-10,0.666666666666667,"variable_moderate","provisional",2
"15HZAN::139","15HZAN","139","9270103",3,-3.33333333333333,0,3.33333333333333,0,-10,0.666666666666667,"variable_moderate","provisional",2
"15HZAN::140","15HZAN","140","9270104",3,-3.33333333333333,0,3.33333333333333,0,-10,0.666666666666667,"variable_moderate","provisional",2
"15HZAN::146","15HZAN","146","9296007",3,-3.33333333333333,0,3.33333333333333,0,-10,0.666666666666667,"variable_moderate","provisional",2
"15HZAN::154","15HZAN","154","9296092",3,1.83333333333333,0,1.83333333333333,5.5,0,0.666666666666667,"variable_moderate","provisional",2
"15HZAN::157","15HZAN","157","9296123",3,-3.33333333333333,0,3.33333333333333,0,-10,0.666666666666667,"variable_moderate","provisional",2
"15HZAN::160","15HZAN","160","9296237",3,-3.33333333333333,0,3.33333333333333,0,-10,0.666666666666667,"variable_moderate","provisional",2
"15HZAN::168","15HZAN","168","9296354",3,3.33333333333333,0,3.33333333333333,10,0,0.666666666666667,"variable_moderate","provisional",2
"15HZAN::171","15HZAN","171","9296367",3,2.156862745,0,2.156862745,6.470588235,0,0.666666666666667,"variable_moderate","provisional",2
"15HZAN::176","15HZAN","176","9296411",3,3.33333333333333,0,3.33333333333333,10,0,0.666666666666667,"variable_moderate","provisional",2
"15HZAN::18","15HZAN","18","9294175",3,-3.33333333333333,0,3.33333333333333,0,-10,0.666666666666667,"variable_moderate","provisional",2
"15HZAN::182","15HZAN","182","9296458",3,-3.33333333333333,0,3.33333333333333,0,-10,0.666666666666667,"variable_moderate","provisional",2
"15HZAN::196","15HZAN","196","9296690",3,3.33333333333333,0,3.33333333333333,10,0,0.666666666666667,"variable_moderate","provisional",2
"15HZAN::198","15HZAN","198","9296714",3,2.45508982033333,0,2.45508982033333,7.365269461,0,0.666666666666667,"variable_moderate","provisional",2
"15HZAN::199","15HZAN","199","9296768",3,-3.33333333333333,0,3.33333333333333,0,-10,0.666666666666667,"variable_moderate","provisional",2
"15HZAN::201","15HZAN","201","9296772",3,-1.676767677,0,1.676767677,0,-5.030303031,0.666666666666667,"variable_moderate","provisional",2
"15HZAN::210","15HZAN","210","9296883",3,-3.33333333333333,0,3.33333333333333,0,-10,0.666666666666667,"variable_moderate","provisional",2
"15HZAN::211","15HZAN","211","9296884",3,-3.33333333333333,0,3.33333333333333,0,-10,0.666666666666667,"variable_moderate","provisional",2
"15HZAN::212","15HZAN","212","9296895",3,-3.33333333333333,0,3.33333333333333,0,-10,0.666666666666667,"variable_moderate","provisional",2
"15HZAN::213","15HZAN","213","9296907",3,-3.33333333333333,0,3.33333333333333,0,-10,0.666666666666667,"variable_moderate","provisional",2
"15HZAN::214","15HZAN","214","9271061",3,-3.33333333333333,0,3.33333333333333,0,-10,0.666666666666667,"variable_moderate","provisional",2
"15HZAN::216","15HZAN","216","9271064",3,-3.33333333333333,0,3.33333333333333,0,-10,0.666666666666667,"variable_moderate","provisional",2
"15HZAN::219","15HZAN","219","9296944",3,-2.59259259266667,0,2.59259259266667,0,-7.777777778,0.666666666666667,"variable_moderate","provisional",2
"15HZAN::228","15HZAN","228","9297164",3,-3.33333333333333,0,3.33333333333333,0,-10,0.666666666666667,"variable_moderate","provisional",2
"15HZAN::23","15HZAN","23","9294220",3,-3.33333333333333,0,3.33333333333333,0,-10,0.666666666666667,"variable_moderate","provisional",2
"15HZAN::24","15HZAN","24","9294222",3,-3.33333333333333,0,3.33333333333333,0,-10,0.666666666666667,"variable_moderate","provisional",2
"15HZAN::29","15HZAN","29","9294248",3,-3.33333333333333,0,3.33333333333333,0,-10,0.666666666666667,"variable_moderate","provisional",2
"15HZAN::34","15HZAN","34","9294285",3,-3.33333333333333,0,3.33333333333333,0,-10,0.666666666666667,"variable_moderate","provisional",2
"15HZAN::37","15HZAN","37","9294312",3,-3.33333333333333,0,3.33333333333333,0,-10,0.666666666666667,"variable_moderate","provisional",2
"15HZAN::42","15HZAN","42","9294374",3,-3.33333333333333,0,3.33333333333333,0,-10,0.666666666666667,"variable_moderate","provisional",2
"15HZAN::49","15HZAN","49","9294602",3,-3.33333333333333,0,3.33333333333333,0,-10,0.666666666666667,"variable_moderate","provisional",2
"15HZAN::52","15HZAN","52","9294703",3,-3.33333333333333,0,3.33333333333333,0,-10,0.666666666666667,"variable_moderate","provisional",2
"15HZAN::66","15HZAN","66","9294856",3,3.33333333333333,0,3.33333333333333,10,0,0.666666666666667,"variable_moderate","provisional",2
"15HZAN::68","15HZAN","68","9294885",3,3.33333333333333,0,3.33333333333333,10,0,0.666666666666667,"variable_moderate","provisional",2
"15HZAN::7","15HZAN","7","9294032",3,-3.33333333333333,0,3.33333333333333,0,-10,0.666666666666667,"variable_moderate","provisional",2
"15HZAN::77","15HZAN","77","9295051",3,-3.33333333333333,0,3.33333333333333,0,-10,0.666666666666667,"variable_moderate","provisional",2
"15HZAN::80","15HZAN","80","9295141",3,2.29166666666667,0,2.29166666666667,6.875,0,0.666666666666667,"variable_moderate","provisional",2
"15HZAN::81","15HZAN","81","9295153",3,-3.33333333333333,0,3.33333333333333,0,-10,0.666666666666667,"variable_moderate","provisional",2
"15HZAN::83","15HZAN","83","9295175",3,-3.33333333333333,0,3.33333333333333,0,-10,0.666666666666667,"variable_moderate","provisional",2
"15HZAN::86","15HZAN","86","9295252",3,-3.33333333333333,0,3.33333333333333,0,-10,0.666666666666667,"variable_moderate","provisional",2
"15HZAN::87","15HZAN","87","9295272",3,1.90476190466667,0,1.90476190466667,5.714285714,0,0.666666666666667,"variable_moderate","provisional",2
"15HZAN::97","15HZAN","97","9295406",3,-2.358427715,-0.759493671,2.358427715,0,-6.315789474,0.666666666666667,"variable_moderate","provisional",2
"15HZAN::98","15HZAN","98","9295407",3,3.33333333333333,0,3.33333333333333,10,0,0.666666666666667,"variable_moderate","provisional",2
"15HZAN::100","15HZAN","100","304660",3,31.8905490166667,30,31.8905490166667,39.01035673,26.66129032,0,"variable_moderate","weak",0
"15HZAN::101","15HZAN","101","9295419",3,-4.705882353,0,4.705882353,0,-14.117647059,0.666666666666667,"variable_moderate","weak",0
"15HZAN::102","15HZAN","102","9295421",3,5.36231884,0,5.36231884,16.08695652,0,0.666666666666667,"variable_moderate","weak",0
"15HZAN::141","15HZAN","141","9295984",3,3.33333333333333,0,3.33333333333333,10,0,0.666666666666667,"variable_moderate","weak",0
"15HZAN::142","15HZAN","142","9295985",3,-13.3333333333333,0,13.3333333333333,0,-40,0.666666666666667,"variable_moderate","weak",0
"15HZAN::143","15HZAN","143","9295986",3,16.6666666666667,0,16.6666666666667,50,0,0.666666666666667,"variable_moderate","weak",0
"15HZAN::145","15HZAN","145","9296001",3,3.33333333333333,0,3.33333333333333,10,0,0.666666666666667,"variable_moderate","weak",0
"15HZAN::149","15HZAN","149","9296031",3,3.33333333333333,0,3.33333333333333,10,0,0.666666666666667,"variable_moderate","weak",0
"15HZAN::150","15HZAN","150","7304225",3,-15.2704615233333,-2.05128205,17.16243515,2.83796044,-46.59806296,0.666666666666667,"variable_moderate","weak",0
"15HZAN::153","15HZAN","153","9296079",3,13.5504257566667,10,29.8115049166667,55.04289601,-24.39161874,0,"variable_moderate","weak",0
"15HZAN::166","15HZAN","166","9296332",3,24.0970191233333,12.23988778,24.0970191233333,50.05116959,10,0,"variable_moderate","weak",0
"15HZAN::167","15HZAN","167","9296336",3,32.1425836933333,46.65183538,32.2919732266667,50,-0.224084300000001,0.333333333333333,"variable_moderate","weak",0
"15HZAN::185","15HZAN","185","9270636",3,16.7566500466667,-2.04486467,29.91001662,70,-17.68518519,0.333333333333333,"variable_moderate","weak",0
"15HZAN::188","15HZAN","188","9296554",3,3.33333333333333,0,3.33333333333333,10,0,0.666666666666667,"variable_moderate","weak",0
"15HZAN::192","15HZAN","192","9296682",3,4.62962962966667,0,4.62962962966667,13.888888889,0,0.666666666666667,"variable_moderate","weak",0
"15HZAN::200","15HZAN","200","304660",3,14.25093937,8.4375,15.52531715,36.22688478,-1.91156667,0.333333333333333,"variable_moderate","weak",0
"15HZAN::204","15HZAN","204","9270930",3,-10,0,10,0,-30,0.666666666666667,"variable_moderate","weak",0
"15HZAN::215","15HZAN","215","9271063",3,-4.375,0,4.375,0,-13.125,0.666666666666667,"variable_moderate","weak",0
"15HZAN::229","15HZAN","229","9297181",3,-4.03508771933333,0,4.03508771933333,0,-12.105263158,0.666666666666667,"variable_moderate","weak",0
"15HZAN::234","15HZAN","234","9297218",3,8.245614035,0,8.245614035,24.736842105,0,0.666666666666667,"variable_moderate","weak",0
"15HZAN::27","15HZAN","27","9294242",3,-3.33333333333333,0,3.33333333333333,0,-10,0.666666666666667,"variable_moderate","weak",0
"15HZAN::30","15HZAN","30","9294249",3,-16.745614035,0,16.745614035,0,-50.236842105,0.666666666666667,"variable_moderate","weak",0
"15HZAN::32","15HZAN","32","9294274",3,-31.25,0,31.25,0,-93.75,0.666666666666667,"variable_moderate","weak",0
"15HZAN::5","15HZAN","5","9294018",3,2.68292683,0,2.68292683,8.04878049,0,0.666666666666667,"variable_moderate","weak",0
"15HZAN::53","15HZAN","53","9294715",3,-3.53973168166667,0,3.53973168166667,0,-10.619195045,0.666666666666667,"variable_moderate","weak",0
"15HZAN::58","15HZAN","58","9294795",3,-10.7376345633333,5.10009273,19.3618679233333,7.83625731000001,-45.14925373,0,"variable_moderate","weak",0
"15HZAN::59","15HZAN","59","9294801",3,-9.04333816333333,-0.749646390000002,9.04333816333333,0,-26.3803681,0.666666666666667,"variable_moderate","weak",0
"15HZAN::60","15HZAN","60","9294807",3,15.5765807666667,11.04940956,17.7156182,38.88888889,-3.20855615000001,0.333333333333333,"variable_moderate","weak",0
"15HZAN::61","15HZAN","61","9294809",3,0.534646426666669,0,20.41768736,31.42850068,-29.8245614,0.333333333333333,"variable_moderate","weak",0
"15HZAN::74","15HZAN","74","9294960",3,-24.705882353,0,24.705882353,0,-74.117647059,0.666666666666667,"variable_moderate","weak",0
"15HZAN::76","15HZAN","76","9295034",3,-3.55555555566667,0,3.55555555566667,0,-10.666666667,0.666666666666667,"variable_moderate","weak",0
"15HZAN::89","15HZAN","89","9295300",3,-2.309941519,0,2.309941519,0,-6.929824557,0.666666666666667,"variable_moderate","weak",0
"15HZAN::99","15HZAN","99","9295415",3,-4.91228070166667,0,4.91228070166667,0,-14.736842105,0.666666666666667,"variable_moderate","weak",0
"41SAWSN::3025","41SAWSN","3025","304660",1,-1.10047375,-1.10047375,1.10047375,-1.10047375,-1.10047375,1,"generally_stable","not_screenable",0
"41SAWSN::3075","41SAWSN","3075","304660",1,4.89708321,4.89708321,4.89708321,4.89708321,4.89708321,1,"generally_stable","not_screenable",0
"41SAWSN::3100","41SAWSN","3100","304660",1,54.34782609,54.34782609,54.34782609,54.34782609,54.34782609,0,"second_sowing_sensitive_increase","not_screenable",0
"41SAWSN::3125","41SAWSN","3125","304660",1,57.93103448,57.93103448,57.93103448,57.93103448,57.93103448,0,"second_sowing_sensitive_increase","not_screenable",0
"41SAWSN::3179","41SAWSN","3179","9083570",1,16.35220126,16.35220126,16.35220126,16.35220126,16.35220126,0,"second_sowing_sensitive_increase","not_screenable",0
"41SAWSN::3228","41SAWSN","3228","9084845",1,19.23076923,19.23076923,19.23076923,19.23076923,19.23076923,0,"second_sowing_sensitive_increase","not_screenable",0
"41SAWSN::3001","41SAWSN","3001","7178454",1,-4.72972973,-4.72972973,4.72972973,-4.72972973,-4.72972973,1,"stable_low_both_sowings","not_screenable",0
"41SAWSN::3002","41SAWSN","3002","7398245",1,0,0,0,0,0,1,"stable_low_both_sowings","not_screenable",0
"41SAWSN::3003","41SAWSN","3003","8235620",1,0,0,0,0,0,1,"stable_low_both_sowings","not_screenable",0
"41SAWSN::3004","41SAWSN","3004","9087234",1,0,0,0,0,0,1,"stable_low_both_sowings","not_screenable",0
"41SAWSN::3005","41SAWSN","3005","9087400",1,0,0,0,0,0,1,"stable_low_both_sowings","not_screenable",0
"41SAWSN::3006","41SAWSN","3006","9087410",1,0,0,0,0,0,1,"stable_low_both_sowings","not_screenable",0
"41SAWSN::3007","41SAWSN","3007","9087411",1,0,0,0,0,0,1,"stable_low_both_sowings","not_screenable",0
"41SAWSN::3008","41SAWSN","3008","9087412",1,0,0,0,0,0,1,"stable_low_both_sowings","not_screenable",0
"41SAWSN::3009","41SAWSN","3009","9087703",1,0,0,0,0,0,1,"stable_low_both_sowings","not_screenable",0
"41SAWSN::3010","41SAWSN","3010","9087818",1,0,0,0,0,0,1,"stable_low_both_sowings","not_screenable",0
"41SAWSN::3011","41SAWSN","3011","9088108",1,0,0,0,0,0,1,"stable_low_both_sowings","not_screenable",0
"41SAWSN::3012","41SAWSN","3012","9088141",1,0,0,0,0,0,1,"stable_low_both_sowings","not_screenable",0
"41SAWSN::3014","41SAWSN","3014","9088146",1,0,0,0,0,0,1,"stable_low_both_sowings","not_screenable",0
"41SAWSN::3015","41SAWSN","3015","9088171",1,0,0,0,0,0,1,"stable_low_both_sowings","not_screenable",0
"41SAWSN::3016","41SAWSN","3016","9088199",1,0,0,0,0,0,1,"stable_low_both_sowings","not_screenable",0
"41SAWSN::3017","41SAWSN","3017","9088202",1,0,0,0,0,0,1,"stable_low_both_sowings","not_screenable",0
"41SAWSN::3018","41SAWSN","3018","9088214",1,0,0,0,0,0,1,"stable_low_both_sowings","not_screenable",0
"41SAWSN::3019","41SAWSN","3019","9088256",1,0,0,0,0,0,1,"stable_low_both_sowings","not_screenable",0
"41SAWSN::3020","41SAWSN","3020","9088269",1,0,0,0,0,0,1,"stable_low_both_sowings","not_screenable",0
"41SAWSN::3021","41SAWSN","3021","9088411",1,0,0,0,0,0,1,"stable_low_both_sowings","not_screenable",0
"41SAWSN::3022","41SAWSN","3022","9088459",1,0,0,0,0,0,1,"stable_low_both_sowings","not_screenable",0
"41SAWSN::3023","41SAWSN","3023","9088464",1,0,0,0,0,0,1,"stable_low_both_sowings","not_screenable",0
"41SAWSN::3024","41SAWSN","3024","9080849",1,0,0,0,0,0,1,"stable_low_both_sowings","not_screenable",0
"41SAWSN::3026","41SAWSN","3026","9085452",1,0,0,0,0,0,1,"stable_low_both_sowings","not_screenable",0
"41SAWSN::3027","41SAWSN","3027","9080873",1,0,0,0,0,0,1,"stable_low_both_sowings","not_screenable",0
"41SAWSN::3028","41SAWSN","3028","9085482",1,0,0,0,0,0,1,"stable_low_both_sowings","not_screenable",0
"41SAWSN::3029","41SAWSN","3029","9085495",1,0,0,0,0,0,1,"stable_low_both_sowings","not_screenable",0
"41SAWSN::3030","41SAWSN","3030","9080883",1,0,0,0,0,0,1,"stable_low_both_sowings","not_screenable",0
"41SAWSN::3031","41SAWSN","3031","9080889",1,0,0,0,0,0,1,"stable_low_both_sowings","not_screenable",0
"41SAWSN::3032","41SAWSN","3032","9085504",1,0,0,0,0,0,1,"stable_low_both_sowings","not_screenable",0
"41SAWSN::3033","41SAWSN","3033","9085505",1,0,0,0,0,0,1,"stable_low_both_sowings","not_screenable",0
"41SAWSN::3034","41SAWSN","3034","9080890",1,0,0,0,0,0,1,"stable_low_both_sowings","not_screenable",0
"41SAWSN::3035","41SAWSN","3035","9080895",1,0,0,0,0,0,1,"stable_low_both_sowings","not_screenable",0
"41SAWSN::3036","41SAWSN","3036","9080901",1,0,0,0,0,0,1,"stable_low_both_sowings","not_screenable",0
"41SAWSN::3037","41SAWSN","3037","9085516",1,0,0,0,0,0,1,"stable_low_both_sowings","not_screenable",0
"41SAWSN::3038","41SAWSN","3038","9085526",1,0,0,0,0,0,1,"stable_low_both_sowings","not_screenable",0
"41SAWSN::3039","41SAWSN","3039","9085537",1,0,0,0,0,0,1,"stable_low_both_sowings","not_screenable",0
"41SAWSN::3040","41SAWSN","3040","9080931",1,0,0,0,0,0,1,"stable_low_both_sowings","not_screenable",0
"41SAWSN::3041","41SAWSN","3041","9085540",1,0,0,0,0,0,1,"stable_low_both_sowings","not_screenable",0
"41SAWSN::3042","41SAWSN","3042","9080932",1,0,0,0,0,0,1,"stable_low_both_sowings","not_screenable",0
"41SAWSN::3043","41SAWSN","3043","9085544",1,0,0,0,0,0,1,"stable_low_both_sowings","not_screenable",0
"41SAWSN::3044","41SAWSN","3044","9080947",1,0,0,0,0,0,1,"stable_low_both_sowings","not_screenable",0
"41SAWSN::3045","41SAWSN","3045","9080962",1,0,0,0,0,0,1,"stable_low_both_sowings","not_screenable",0
"41SAWSN::3046","41SAWSN","3046","9085565",1,0,0,0,0,0,1,"stable_low_both_sowings","not_screenable",0
"41SAWSN::3047","41SAWSN","3047","9080975",1,0,0,0,0,0,1,"stable_low_both_sowings","not_screenable",0
"41SAWSN::3048","41SAWSN","3048","9080989",1,0,0,0,0,0,1,"stable_low_both_sowings","not_screenable",0
"41SAWSN::3049","41SAWSN","3049","9080991",1,0,0,0,0,0,1,"stable_low_both_sowings","not_screenable",0
"41SAWSN::3051","41SAWSN","3051","9080993",1,0,0,0,0,0,1,"stable_low_both_sowings","not_screenable",0
"41SAWSN::3052","41SAWSN","3052","9080994",1,0,0,0,0,0,1,"stable_low_both_sowings","not_screenable",0
"41SAWSN::3053","41SAWSN","3053","9080997",1,0,0,0,0,0,1,"stable_low_both_sowings","not_screenable",0
"41SAWSN::3054","41SAWSN","3054","9085591",1,0,0,0,0,0,1,"stable_low_both_sowings","not_screenable",0
"41SAWSN::3055","41SAWSN","3055","9085593",1,0,0,0,0,0,1,"stable_low_both_sowings","not_screenable",0
"41SAWSN::3056","41SAWSN","3056","9085594",1,0,0,0,0,0,1,"stable_low_both_sowings","not_screenable",0
"41SAWSN::3057","41SAWSN","3057","9085642",1,0,0,0,0,0,1,"stable_low_both_sowings","not_screenable",0
"41SAWSN::3058","41SAWSN","3058","9085646",1,0,0,0,0,0,1,"stable_low_both_sowings","not_screenable",0
"41SAWSN::3059","41SAWSN","3059","9085649",1,0,0,0,0,0,1,"stable_low_both_sowings","not_screenable",0
"41SAWSN::3060","41SAWSN","3060","9085651",1,0,0,0,0,0,1,"stable_low_both_sowings","not_screenable",0
"41SAWSN::3061","41SAWSN","3061","9085652",1,0,0,0,0,0,1,"stable_low_both_sowings","not_screenable",0
"41SAWSN::3062","41SAWSN","3062","9085657",1,0,0,0,0,0,1,"stable_low_both_sowings","not_screenable",0
"41SAWSN::3063","41SAWSN","3063","9081027",1,0,0,0,0,0,1,"stable_low_both_sowings","not_screenable",0
"41SAWSN::3064","41SAWSN","3064","9085708",1,0,0,0,0,0,1,"stable_low_both_sowings","not_screenable",0
"41SAWSN::3065","41SAWSN","3065","9081076",1,0,0,0,0,0,1,"stable_low_both_sowings","not_screenable",0
"41SAWSN::3066","41SAWSN","3066","9081091",1,0,0,0,0,0,1,"stable_low_both_sowings","not_screenable",0
"41SAWSN::3067","41SAWSN","3067","9085761",1,0,0,0,0,0,1,"stable_low_both_sowings","not_screenable",0
"41SAWSN::3068","41SAWSN","3068","9085763",1,0,0,0,0,0,1,"stable_low_both_sowings","not_screenable",0
"41SAWSN::3069","41SAWSN","3069","9085765",1,0,0,0,0,0,1,"stable_low_both_sowings","not_screenable",0
"41SAWSN::3070","41SAWSN","3070","9085766",1,0,0,0,0,0,1,"stable_low_both_sowings","not_screenable",0
"41SAWSN::3072","41SAWSN","3072","9081100",1,0,0,0,0,0,1,"stable_low_both_sowings","not_screenable",0
"41SAWSN::3073","41SAWSN","3073","9081121",1,0,0,0,0,0,1,"stable_low_both_sowings","not_screenable",0
"41SAWSN::3074","41SAWSN","3074","9085839",1,0,0,0,0,0,1,"stable_low_both_sowings","not_screenable",0
"41SAWSN::3076","41SAWSN","3076","9085856",1,0,0,0,0,0,1,"stable_low_both_sowings","not_screenable",0
"41SAWSN::3077","41SAWSN","3077","9085861",1,0,0,0,0,0,1,"stable_low_both_sowings","not_screenable",0
"41SAWSN::3078","41SAWSN","3078","9085863",1,0,0,0,0,0,1,"stable_low_both_sowings","not_screenable",0
"41SAWSN::3080","41SAWSN","3080","9081135",1,0,0,0,0,0,1,"stable_low_both_sowings","not_screenable",0
"41SAWSN::3081","41SAWSN","3081","9081136",1,0,0,0,0,0,1,"stable_low_both_sowings","not_screenable",0
"41SAWSN::3082","41SAWSN","3082","9085873",1,0,0,0,0,0,1,"stable_low_both_sowings","not_screenable",0
"41SAWSN::3083","41SAWSN","3083","9085878",1,0,0,0,0,0,1,"stable_low_both_sowings","not_screenable",0
"41SAWSN::3084","41SAWSN","3084","9081174",1,0,0,0,0,0,1,"stable_low_both_sowings","not_screenable",0
"41SAWSN::3085","41SAWSN","3085","9081220",1,0,0,0,0,0,1,"stable_low_both_sowings","not_screenable",0
"41SAWSN::3086","41SAWSN","3086","9085997",1,0,0,0,0,0,1,"stable_low_both_sowings","not_screenable",0
"41SAWSN::3087","41SAWSN","3087","9081259",1,0,0,0,0,0,1,"stable_low_both_sowings","not_screenable",0
"41SAWSN::3088","41SAWSN","3088","9086011",1,0,0,0,0,0,1,"stable_low_both_sowings","not_screenable",0
"41SAWSN::3089","41SAWSN","3089","9081311",1,0,0,0,0,0,1,"stable_low_both_sowings","not_screenable",0
"41SAWSN::3090","41SAWSN","3090","9081314",1,0,0,0,0,0,1,"stable_low_both_sowings","not_screenable",0
"41SAWSN::3091","41SAWSN","3091","9081331",1,0,0,0,0,0,1,"stable_low_both_sowings","not_screenable",0
"41SAWSN::3092","41SAWSN","3092","9081342",1,0,0,0,0,0,1,"stable_low_both_sowings","not_screenable",0
"41SAWSN::3093","41SAWSN","3093","9081348",1,0,0,0,0,0,1,"stable_low_both_sowings","not_screenable",0
"41SAWSN::3094","41SAWSN","3094","9081365",1,0,0,0,0,0,1,"stable_low_both_sowings","not_screenable",0
"41SAWSN::3095","41SAWSN","3095","9081389",1,0,0,0,0,0,1,"stable_low_both_sowings","not_screenable",0
"41SAWSN::3096","41SAWSN","3096","9081392",1,0,0,0,0,0,1,"stable_low_both_sowings","not_screenable",0
"41SAWSN::3098","41SAWSN","3098","9081405",1,0,0,0,0,0,1,"stable_low_both_sowings","not_screenable",0
"41SAWSN::3099","41SAWSN","3099","9086190",1,0,0,0,0,0,1,"stable_low_both_sowings","not_screenable",0
"41SAWSN::3101","41SAWSN","3101","9081454",1,0,0,0,0,0,1,"stable_low_both_sowings","not_screenable",0
"41SAWSN::3102","41SAWSN","3102","9086260",1,0,0,0,0,0,1,"stable_low_both_sowings","not_screenable",0
"41SAWSN::3103","41SAWSN","3103","9081485",1,0,0,0,0,0,1,"stable_low_both_sowings","not_screenable",0
"41SAWSN::3104","41SAWSN","3104","9086325",1,0,0,0,0,0,1,"stable_low_both_sowings","not_screenable",0
"41SAWSN::3105","41SAWSN","3105","9086333",1,0,0,0,0,0,1,"stable_low_both_sowings","not_screenable",0
"41SAWSN::3106","41SAWSN","3106","9086407",1,0,0,0,0,0,1,"stable_low_both_sowings","not_screenable",0
"41SAWSN::3108","41SAWSN","3108","9081572",1,0,0,0,0,0,1,"stable_low_both_sowings","not_screenable",0
"41SAWSN::3109","41SAWSN","3109","9081577",1,0,0,0,0,0,1,"stable_low_both_sowings","not_screenable",0
"41SAWSN::3110","41SAWSN","3110","9086435",1,0,0,0,0,0,1,"stable_low_both_sowings","not_screenable",0
"41SAWSN::3111","41SAWSN","3111","9086443",1,0,0,0,0,0,1,"stable_low_both_sowings","not_screenable",0
"41SAWSN::3112","41SAWSN","3112","9081618",1,0,0,0,0,0,1,"stable_low_both_sowings","not_screenable",0
"41SAWSN::3113","41SAWSN","3113","9081635",1,0,0,0,0,0,1,"stable_low_both_sowings","not_screenable",0
"41SAWSN::3114","41SAWSN","3114","9081646",1,0,0,0,0,0,1,"stable_low_both_sowings","not_screenable",0
"41SAWSN::3115","41SAWSN","3115","9081688",1,0,0,0,0,0,1,"stable_low_both_sowings","not_screenable",0
"41SAWSN::3116","41SAWSN","3116","9086526",1,0,0,0,0,0,1,"stable_low_both_sowings","not_screenable",0
"41SAWSN::3117","41SAWSN","3117","9086529",1,0,0,0,0,0,1,"stable_low_both_sowings","not_screenable",0
"41SAWSN::3118","41SAWSN","3118","9086530",1,0,0,0,0,0,1,"stable_low_both_sowings","not_screenable",0
"41SAWSN::3119","41SAWSN","3119","9086632",1,0,0,0,0,0,1,"stable_low_both_sowings","not_screenable",0
"41SAWSN::3120","41SAWSN","3120","9086736",1,0,0,0,0,0,1,"stable_low_both_sowings","not_screenable",0
"41SAWSN::3121","41SAWSN","3121","9081827",1,0,0,0,0,0,1,"stable_low_both_sowings","not_screenable",0
"41SAWSN::3122","41SAWSN","3122","9086789",1,0,0,0,0,0,1,"stable_low_both_sowings","not_screenable",0
"41SAWSN::3123","41SAWSN","3123","9086841",1,0,0,0,0,0,1,"stable_low_both_sowings","not_screenable",0
"41SAWSN::3124","41SAWSN","3124","9086842",1,0,0,0,0,0,1,"stable_low_both_sowings","not_screenable",0
"41SAWSN::3126","41SAWSN","3126","9086844",1,0,0,0,0,0,1,"stable_low_both_sowings","not_screenable",0
"41SAWSN::3127","41SAWSN","3127","9081960",1,0,0,0,0,0,1,"stable_low_both_sowings","not_screenable",0
"41SAWSN::3128","41SAWSN","3128","9081967",1,0,0,0,0,0,1,"stable_low_both_sowings","not_screenable",0
"41SAWSN::3129","41SAWSN","3129","9086888",1,0,0,0,0,0,1,"stable_low_both_sowings","not_screenable",0
"41SAWSN::3130","41SAWSN","3130","9086889",1,0,0,0,0,0,1,"stable_low_both_sowings","not_screenable",0
"41SAWSN::3131","41SAWSN","3131","9082008",1,0,0,0,0,0,1,"stable_low_both_sowings","not_screenable",0
"41SAWSN::3132","41SAWSN","3132","9082015",1,0,0,0,0,0,1,"stable_low_both_sowings","not_screenable",0
"41SAWSN::3133","41SAWSN","3133","9082062",1,0,0,0,0,0,1,"stable_low_both_sowings","not_screenable",0
"41SAWSN::3134","41SAWSN","3134","9082072",1,0,0,0,0,0,1,"stable_low_both_sowings","not_screenable",0
"41SAWSN::3135","41SAWSN","3135","9082110",1,0,0,0,0,0,1,"stable_low_both_sowings","not_screenable",0
"41SAWSN::3136","41SAWSN","3136","9086958",1,0,0,0,0,0,1,"stable_low_both_sowings","not_screenable",0
"41SAWSN::3137","41SAWSN","3137","9082136",1,0,0,0,0,0,1,"stable_low_both_sowings","not_screenable",0
"41SAWSN::3138","41SAWSN","3138","9086971",1,0,0,0,0,0,1,"stable_low_both_sowings","not_screenable",0
"41SAWSN::3139","41SAWSN","3139","9086973",1,0,0,0,0,0,1,"stable_low_both_sowings","not_screenable",0
"41SAWSN::3140","41SAWSN","3140","9086999",1,0,0,0,0,0,1,"stable_low_both_sowings","not_screenable",0
"41SAWSN::3141","41SAWSN","3141","9087059",1,0,0,0,0,0,1,"stable_low_both_sowings","not_screenable",0
"41SAWSN::3142","41SAWSN","3142","9087078",1,0,0,0,0,0,1,"stable_low_both_sowings","not_screenable",0
"41SAWSN::3143","41SAWSN","3143","9082245",1,0,0,0,0,0,1,"stable_low_both_sowings","not_screenable",0
"41SAWSN::3144","41SAWSN","3144","9082387",1,0,0,0,0,0,1,"stable_low_both_sowings","not_screenable",0
"41SAWSN::3145","41SAWSN","3145","9082396",1,0,0,0,0,0,1,"stable_low_both_sowings","not_screenable",0
"41SAWSN::3146","41SAWSN","3146","9082589",1,0,0,0,0,0,1,"stable_low_both_sowings","not_screenable",0
"41SAWSN::3147","41SAWSN","3147","9082642",1,0,0,0,0,0,1,"stable_low_both_sowings","not_screenable",0
"41SAWSN::3148","41SAWSN","3148","9082740",1,0,0,0,0,0,1,"stable_low_both_sowings","not_screenable",0
"41SAWSN::3149","41SAWSN","3149","9082815",1,0,0,0,0,0,1,"stable_low_both_sowings","not_screenable",0
"41SAWSN::3151","41SAWSN","3151","9082819",1,0,0,0,0,0,1,"stable_low_both_sowings","not_screenable",0
"41SAWSN::3152","41SAWSN","3152","9082838",1,0,0,0,0,0,1,"stable_low_both_sowings","not_screenable",0
"41SAWSN::3153","41SAWSN","3153","9082841",1,0,0,0,0,0,1,"stable_low_both_sowings","not_screenable",0
"41SAWSN::3154","41SAWSN","3154","9082976",1,0,0,0,0,0,1,"stable_low_both_sowings","not_screenable",0
"41SAWSN::3155","41SAWSN","3155","9082993",1,0,0,0,0,0,1,"stable_low_both_sowings","not_screenable",0
"41SAWSN::3156","41SAWSN","3156","9083043",1,0,0,0,0,0,1,"stable_low_both_sowings","not_screenable",0
"41SAWSN::3157","41SAWSN","3157","9083057",1,0,0,0,0,0,1,"stable_low_both_sowings","not_screenable",0
"41SAWSN::3158","41SAWSN","3158","9083135",1,0,0,0,0,0,1,"stable_low_both_sowings","not_screenable",0
"41SAWSN::3159","41SAWSN","3159","9083219",1,0,0,0,0,0,1,"stable_low_both_sowings","not_screenable",0
"41SAWSN::3160","41SAWSN","3160","9083225",1,0,0,0,0,0,1,"stable_low_both_sowings","not_screenable",0
"41SAWSN::3161","41SAWSN","3161","9083233",1,0,0,0,0,0,1,"stable_low_both_sowings","not_screenable",0
"41SAWSN::3162","41SAWSN","3162","9083240",1,0,0,0,0,0,1,"stable_low_both_sowings","not_screenable",0
"41SAWSN::3163","41SAWSN","3163","9083246",1,0,0,0,0,0,1,"stable_low_both_sowings","not_screenable",0
"41SAWSN::3164","41SAWSN","3164","9083279",1,0,0,0,0,0,1,"stable_low_both_sowings","not_screenable",0
"41SAWSN::3165","41SAWSN","3165","9083292",1,0,0,0,0,0,1,"stable_low_both_sowings","not_screenable",0
"41SAWSN::3166","41SAWSN","3166","9083296",1,0,0,0,0,0,1,"stable_low_both_sowings","not_screenable",0
"41SAWSN::3167","41SAWSN","3167","9083302",1,0,0,0,0,0,1,"stable_low_both_sowings","not_screenable",0
"41SAWSN::3168","41SAWSN","3168","9083322",1,0,0,0,0,0,1,"stable_low_both_sowings","not_screenable",0
"41SAWSN::3169","41SAWSN","3169","9083323",1,0,0,0,0,0,1,"stable_low_both_sowings","not_screenable",0
"41SAWSN::3170","41SAWSN","3170","9083414",1,0,0,0,0,0,1,"stable_low_both_sowings","not_screenable",0
"41SAWSN::3171","41SAWSN","3171","9083475",1,-3.75,-3.75,3.75,-3.75,-3.75,1,"stable_low_both_sowings","not_screenable",0
"41SAWSN::3172","41SAWSN","3172","9083476",1,0,0,0,0,0,1,"stable_low_both_sowings","not_screenable",0
"41SAWSN::3173","41SAWSN","3173","9083547",1,0,0,0,0,0,1,"stable_low_both_sowings","not_screenable",0
"41SAWSN::3174","41SAWSN","3174","9083562",1,0,0,0,0,0,1,"stable_low_both_sowings","not_screenable",0
"41SAWSN::3176","41SAWSN","3176","9083563",1,0,0,0,0,0,1,"stable_low_both_sowings","not_screenable",0
"41SAWSN::3177","41SAWSN","3177","9083568",1,0,0,0,0,0,1,"stable_low_both_sowings","not_screenable",0
"41SAWSN::3178","41SAWSN","3178","9083569",1,0,0,0,0,0,1,"stable_low_both_sowings","not_screenable",0
"41SAWSN::3180","41SAWSN","3180","9083575",1,0,0,0,0,0,1,"stable_low_both_sowings","not_screenable",0
"41SAWSN::3181","41SAWSN","3181","9083713",1,0,0,0,0,0,1,"stable_low_both_sowings","not_screenable",0
"41SAWSN::3182","41SAWSN","3182","9083716",1,0,0,0,0,0,1,"stable_low_both_sowings","not_screenable",0
"41SAWSN::3183","41SAWSN","3183","9083731",1,0,0,0,0,0,1,"stable_low_both_sowings","not_screenable",0
"41SAWSN::3184","41SAWSN","3184","9083733",1,0,0,0,0,0,1,"stable_low_both_sowings","not_screenable",0
"41SAWSN::3185","41SAWSN","3185","9083790",1,0,0,0,0,0,1,"stable_low_both_sowings","not_screenable",0
"41SAWSN::3186","41SAWSN","3186","9083831",1,0,0,0,0,0,1,"stable_low_both_sowings","not_screenable",0
"41SAWSN::3187","41SAWSN","3187","9083963",1,0,0,0,0,0,1,"stable_low_both_sowings","not_screenable",0
"41SAWSN::3188","41SAWSN","3188","9084024",1,0,0,0,0,0,1,"stable_low_both_sowings","not_screenable",0
"41SAWSN::3189","41SAWSN","3189","9084025",1,0,0,0,0,0,1,"stable_low_both_sowings","not_screenable",0
"41SAWSN::3190","41SAWSN","3190","9084035",1,0,0,0,0,0,1,"stable_low_both_sowings","not_screenable",0
"41SAWSN::3191","41SAWSN","3191","9084037",1,0,0,0,0,0,1,"stable_low_both_sowings","not_screenable",0
"41SAWSN::3192","41SAWSN","3192","9084041",1,0,0,0,0,0,1,"stable_low_both_sowings","not_screenable",0
"41SAWSN::3193","41SAWSN","3193","9084046",1,0,0,0,0,0,1,"stable_low_both_sowings","not_screenable",0
"41SAWSN::3194","41SAWSN","3194","9084091",1,0,0,0,0,0,1,"stable_low_both_sowings","not_screenable",0
"41SAWSN::3195","41SAWSN","3195","9084125",1,0,0,0,0,0,1,"stable_low_both_sowings","not_screenable",0
"41SAWSN::3196","41SAWSN","3196","9084126",1,0,0,0,0,0,1,"stable_low_both_sowings","not_screenable",0
"41SAWSN::3197","41SAWSN","3197","9084173",1,0,0,0,0,0,1,"stable_low_both_sowings","not_screenable",0
"41SAWSN::3198","41SAWSN","3198","9084189",1,0,0,0,0,0,1,"stable_low_both_sowings","not_screenable",0
"41SAWSN::3199","41SAWSN","3199","9084202",1,0,0,0,0,0,1,"stable_low_both_sowings","not_screenable",0
"41SAWSN::3201","41SAWSN","3201","9084210",1,0,0,0,0,0,1,"stable_low_both_sowings","not_screenable",0
"41SAWSN::3202","41SAWSN","3202","9084220",1,0,0,0,0,0,1,"stable_low_both_sowings","not_screenable",0
"41SAWSN::3203","41SAWSN","3203","9084223",1,0,0,0,0,0,1,"stable_low_both_sowings","not_screenable",0
"41SAWSN::3204","41SAWSN","3204","9084224",1,0,0,0,0,0,1,"stable_low_both_sowings","not_screenable",0
"41SAWSN::3205","41SAWSN","3205","9084226",1,0,0,0,0,0,1,"stable_low_both_sowings","not_screenable",0
"41SAWSN::3206","41SAWSN","3206","9084231",1,0,0,0,0,0,1,"stable_low_both_sowings","not_screenable",0
"41SAWSN::3207","41SAWSN","3207","9084233",1,0,0,0,0,0,1,"stable_low_both_sowings","not_screenable",0
"41SAWSN::3208","41SAWSN","3208","9084234",1,0,0,0,0,0,1,"stable_low_both_sowings","not_screenable",0
"41SAWSN::3209","41SAWSN","3209","9084238",1,0,0,0,0,0,1,"stable_low_both_sowings","not_screenable",0
"41SAWSN::3210","41SAWSN","3210","9084257",1,0,0,0,0,0,1,"stable_low_both_sowings","not_screenable",0
"41SAWSN::3211","41SAWSN","3211","9084364",1,0,0,0,0,0,1,"stable_low_both_sowings","not_screenable",0
"41SAWSN::3212","41SAWSN","3212","9084377",1,0,0,0,0,0,1,"stable_low_both_sowings","not_screenable",0
"41SAWSN::3213","41SAWSN","3213","9084380",1,0,0,0,0,0,1,"stable_low_both_sowings","not_screenable",0
"41SAWSN::3214","41SAWSN","3214","9084383",1,0,0,0,0,0,1,"stable_low_both_sowings","not_screenable",0
"41SAWSN::3215","41SAWSN","3215","9084438",1,0,0,0,0,0,1,"stable_low_both_sowings","not_screenable",0
"41SAWSN::3216","41SAWSN","3216","9084441",1,-2.5,-2.5,2.5,-2.5,-2.5,1,"stable_low_both_sowings","not_screenable",0
"41SAWSN::3217","41SAWSN","3217","9084471",1,0,0,0,0,0,1,"stable_low_both_sowings","not_screenable",0
"41SAWSN::3218","41SAWSN","3218","9084582",1,0,0,0,0,0,1,"stable_low_both_sowings","not_screenable",0
"41SAWSN::3219","41SAWSN","3219","9084657",1,0,0,0,0,0,1,"stable_low_both_sowings","not_screenable",0
"41SAWSN::3220","41SAWSN","3220","9084661",1,0,0,0,0,0,1,"stable_low_both_sowings","not_screenable",0
"41SAWSN::3221","41SAWSN","3221","9084662",1,0,0,0,0,0,1,"stable_low_both_sowings","not_screenable",0
"41SAWSN::3222","41SAWSN","3222","9084666",1,0,0,0,0,0,1,"stable_low_both_sowings","not_screenable",0
"41SAWSN::3223","41SAWSN","3223","9084668",1,0,0,0,0,0,1,"stable_low_both_sowings","not_screenable",0
"41SAWSN::3224","41SAWSN","3224","9084752",1,0,0,0,0,0,1,"stable_low_both_sowings","not_screenable",0
"41SAWSN::3226","41SAWSN","3226","9084814",1,0,0,0,0,0,1,"stable_low_both_sowings","not_screenable",0
"41SAWSN::3227","41SAWSN","3227","9084833",1,0,0,0,0,0,1,"stable_low_both_sowings","not_screenable",0
"41SAWSN::3229","41SAWSN","3229","9084856",1,0,0,0,0,0,1,"stable_low_both_sowings","not_screenable",0
"41SAWSN::3230","41SAWSN","3230","9084875",1,0,0,0,0,0,1,"stable_low_both_sowings","not_screenable",0
"41SAWSN::3231","41SAWSN","3231","9084879",1,0,0,0,0,0,1,"stable_low_both_sowings","not_screenable",0
"41SAWSN::3232","41SAWSN","3232","9084900",1,0,0,0,0,0,1,"stable_low_both_sowings","not_screenable",0
"41SAWSN::3013","41SAWSN","3013","9088143",1,6.896551724,6.896551724,6.896551724,6.896551724,6.896551724,0,"variable_moderate","not_screenable",0
"41SAWSN::3050","41SAWSN","3050","304660",1,5.66223305,5.66223305,5.66223305,5.66223305,5.66223305,0,"variable_moderate","not_screenable",0
"41SAWSN::3071","41SAWSN","3071","9085770",1,8.805031447,8.805031447,8.805031447,8.805031447,8.805031447,0,"variable_moderate","not_screenable",0
"41SAWSN::3079","41SAWSN","3079","9081132",1,6.802721088,6.802721088,6.802721088,6.802721088,6.802721088,0,"variable_moderate","not_screenable",0
"41SAWSN::3097","41SAWSN","3097","9081393",1,17.715899917,17.715899917,17.715899917,17.715899917,17.715899917,0,"variable_moderate","not_screenable",0
"41SAWSN::3107","41SAWSN","3107","9086411",1,9.803921569,9.803921569,9.803921569,9.803921569,9.803921569,0,"variable_moderate","not_screenable",0
"41SAWSN::3150","41SAWSN","3150","304660",1,15.62289563,15.62289563,15.62289563,15.62289563,15.62289563,0,"variable_moderate","not_screenable",0
"41SAWSN::3175","41SAWSN","3175","304660",1,22.10254994,22.10254994,22.10254994,22.10254994,22.10254994,0,"variable_moderate","not_screenable",0
"41SAWSN::3200","41SAWSN","3200","304660",1,19.28571428,19.28571428,19.28571428,19.28571428,19.28571428,0,"variable_moderate","not_screenable",0
"41SAWSN::3225","41SAWSN","3225","304660",1,10.79504389,10.79504389,10.79504389,10.79504389,10.79504389,0,"variable_moderate","not_screenable",0
"56IBWSN::1003","56IBWSN","1003","8236239",2,0,0,0,0,0,1,"generally_stable","provisional",2
"56IBWSN::1031","56IBWSN","1031","9080803",2,2.105263158,2.105263158,2.105263158,4.210526316,0,1,"generally_stable","provisional",2
"56IBWSN::1043","56IBWSN","1043","9085409",2,-1.3032581455,-1.3032581455,1.3032581455,0,-2.606516291,1,"generally_stable","provisional",2
"56IBWSN::1047","56IBWSN","1047","9085470",2,-1.196172249,-1.196172249,1.196172249,0,-2.392344498,1,"generally_stable","provisional",2
"56IBWSN::1064","56IBWSN","1064","9085784",2,2.380952381,2.380952381,2.380952381,4.761904762,0,1,"generally_stable","provisional",2
"56IBWSN::1078","56IBWSN","1078","9085994",2,0.751879699,0.751879699,0.751879699,1.503759398,0,1,"generally_stable","provisional",2
"56IBWSN::1081","56IBWSN","1081","9081298",2,0,0,0,0,0,1,"generally_stable","provisional",2
"56IBWSN::1084","56IBWSN","1084","9086074",2,0,0,0,0,0,1,"generally_stable","provisional",2
"56IBWSN::1087","56IBWSN","1087","9081354",2,-0.9523809525,-0.9523809525,0.9523809525,0,-1.904761905,1,"generally_stable","provisional",2
"56IBWSN::1098","56IBWSN","1098","9086193",2,2.491522925,2.491522925,2.491522925,3.529411765,1.453634085,1,"generally_stable","provisional",2
"56IBWSN::1104","56IBWSN","1104","9086358",2,-0.751879699,-0.751879699,0.751879699,0,-1.503759398,1,"generally_stable","provisional",2
"56IBWSN::1107","56IBWSN","1107","9081599",2,-0.952380952,-0.952380952,0.952380952,0,-1.904761904,1,"generally_stable","provisional",2
"56IBWSN::1119","56IBWSN","1119","9086662",2,2.142857143,2.142857143,2.142857143,4.285714286,0,1,"generally_stable","provisional",2
"56IBWSN::1120","56IBWSN","1120","9086674",2,2.380952381,2.380952381,2.380952381,4.761904762,0,1,"generally_stable","provisional",2
"56IBWSN::1126","56IBWSN","1126","9081861",2,0.751879699,0.751879699,0.751879699,1.503759398,0,1,"generally_stable","provisional",2
"56IBWSN::1142","56IBWSN","1142","9082066",2,-2.105263158,-2.105263158,2.105263158,0,-4.210526316,1,"generally_stable","provisional",2
"56IBWSN::1164","56IBWSN","1164","9082777",2,-0.2506265665,-0.2506265665,0.2506265665,0,-0.501253133,1,"generally_stable","provisional",2
"56IBWSN::1185","56IBWSN","1185","9083333",2,2.380952381,2.380952381,2.380952381,4.761904762,0,1,"generally_stable","provisional",2
"56IBWSN::1199","56IBWSN","1199","9083760",2,0,0,0,0,0,1,"generally_stable","provisional",2
"56IBWSN::1207","56IBWSN","1207","9084006",2,0.9523809525,0.9523809525,0.9523809525,1.904761905,0,1,"generally_stable","provisional",2
"56IBWSN::1230","56IBWSN","1230","9028496",2,2.105263158,2.105263158,2.105263158,4.210526316,0,1,"generally_stable","provisional",2
"56IBWSN::1001","56IBWSN","1001","7400769",2,-0.2506265665,-0.2506265665,0.2506265665,0,-0.501253133,1,"generally_stable","weak",1
"56IBWSN::1050","56IBWSN","1050","304660",2,-0.211157965000002,-0.211157965000002,1.226867605,1.01570964,-1.43802557,1,"generally_stable","weak",0
"56IBWSN::1122","56IBWSN","1122","9086714",2,-0.35236396,-0.35236396,0.35236396,0,-0.70472792,1,"generally_stable","weak",0
"56IBWSN::1225","56IBWSN","1225","304660",1,-4.04606287,-4.04606287,4.04606287,-4.04606287,-4.04606287,1,"generally_stable","weak",0
"56IBWSN::1160","56IBWSN","1160","9082615",2,11.651305684,11.651305684,11.651305684,18.06451613,5.238095238,0,"second_sowing_sensitive_increase","weak",1
"56IBWSN::1011","56IBWSN","1011","9087671",2,5.75,5.75,5.75,11.5,0,0.5,"second_sowing_sensitive_increase","weak",0
"56IBWSN::1012","56IBWSN","1012","9087776",2,6.1779448645,6.1779448645,6.1779448645,12.355889729,0,0.5,"second_sowing_sensitive_increase","weak",0
"56IBWSN::1014","56IBWSN","1014","9087979",2,7.857142857,7.857142857,7.857142857,15.714285714,0,0.5,"second_sowing_sensitive_increase","weak",0
"56IBWSN::1016","56IBWSN","1016","9088021",2,8.75,8.75,8.75,17.5,0,0.5,"second_sowing_sensitive_increase","weak",0
"56IBWSN::1054","56IBWSN","1054","9085500",2,5.835279045,5.835279045,14.366741155,20.2020202,-8.53146211,0,"second_sowing_sensitive_increase","weak",0
"56IBWSN::1055","56IBWSN","1055","9085502",2,22.39700968,22.39700968,22.39700968,33.49753695,11.29648241,0,"second_sowing_sensitive_increase","weak",0
"56IBWSN::1070","56IBWSN","1070","9081213",2,7.027027025,7.027027025,7.027027025,14.05405405,0,0.5,"second_sowing_sensitive_increase","weak",0
"56IBWSN::1105","56IBWSN","1105","9081584",2,8.5,8.5,8.5,17,0,0.5,"second_sowing_sensitive_increase","weak",0
"56IBWSN::1134","56IBWSN","1134","9081917",2,8.42105263,8.42105263,8.42105263,16.84210526,0,0.5,"second_sowing_sensitive_increase","weak",0
"56IBWSN::1135","56IBWSN","1135","9081920",2,14.210526315,14.210526315,14.210526315,28.42105263,0,0.5,"second_sowing_sensitive_increase","weak",0
"56IBWSN::1155","56IBWSN","1155","9082278",2,10.618854828,10.618854828,10.618854828,16.84210526,4.395604396,0.5,"second_sowing_sensitive_increase","weak",0
"56IBWSN::1165","56IBWSN","1165","9082793",2,5.1315789475,5.1315789475,5.1315789475,10.263157895,0,0.5,"second_sowing_sensitive_increase","weak",0
"56IBWSN::1167","56IBWSN","1167","9082978",2,5.12820513,5.12820513,5.12820513,10.25641026,0,0.5,"second_sowing_sensitive_increase","weak",0
"56IBWSN::1169","56IBWSN","1169","9083000",2,10,10,10,20,0,0.5,"second_sowing_sensitive_increase","weak",0
"56IBWSN::1172","56IBWSN","1172","9083071",2,23.484848485,23.484848485,23.484848485,46.96969697,0,0.5,"second_sowing_sensitive_increase","weak",0
"56IBWSN::1173","56IBWSN","1173","9083094",2,15.853658535,15.853658535,15.853658535,31.70731707,0,0.5,"second_sowing_sensitive_increase","weak",0
"56IBWSN::1179","56IBWSN","1179","9083237",2,10,10,10,20,0,0.5,"second_sowing_sensitive_increase","weak",0
"56IBWSN::1181","56IBWSN","1181","9083250",2,9.23076923,9.23076923,9.23076923,18.46153846,0,0.5,"second_sowing_sensitive_increase","weak",0
"56IBWSN::1182","56IBWSN","1182","9083252",2,18.974358975,18.974358975,18.974358975,37.94871795,0,0.5,"second_sowing_sensitive_increase","weak",0
"56IBWSN::1184","56IBWSN","1184","9083330",2,5.263157895,5.263157895,5.263157895,10.52631579,0,0.5,"second_sowing_sensitive_increase","weak",0
"56IBWSN::1194","56IBWSN","1194","9083603",2,6.315789475,6.315789475,6.315789475,12.63157895,0,0.5,"second_sowing_sensitive_increase","weak",0
"56IBWSN::1195","56IBWSN","1195","9083664",2,9.210526315,9.210526315,9.210526315,18.42105263,0,0.5,"second_sowing_sensitive_increase","weak",0
"56IBWSN::1196","56IBWSN","1196","9083675",2,8,8,8,16,0,0.5,"second_sowing_sensitive_increase","weak",0
"56IBWSN::1197","56IBWSN","1197","9083677",2,10.169491525,10.169491525,10.169491525,20.33898305,0,0.5,"second_sowing_sensitive_increase","weak",0
"56IBWSN::1202","56IBWSN","1202","9083838",2,38.442211055,38.442211055,38.442211055,76.88442211,0,0.5,"second_sowing_sensitive_increase","weak",0
"56IBWSN::1203","56IBWSN","1203","9083876",2,22.895251395,22.895251395,22.895251395,33.5,12.29050279,0,"second_sowing_sensitive_increase","weak",0
"56IBWSN::1204","56IBWSN","1204","9083995",2,10,10,10,20,0,0.5,"second_sowing_sensitive_increase","weak",0
"56IBWSN::1210","56IBWSN","1210","9084033",2,5.431034485,5.431034485,5.431034485,10.86206897,0,0.5,"second_sowing_sensitive_increase","weak",0
"56IBWSN::1222","56IBWSN","1222","9084692",2,11.896551725,11.896551725,11.896551725,23.79310345,0,0.5,"second_sowing_sensitive_increase","weak",0
"56IBWSN::1223","56IBWSN","1223","9084742",2,24.24242424,24.24242424,24.24242424,48.48484848,0,0.5,"second_sowing_sensitive_increase","weak",0
"56IBWSN::1009","56IBWSN","1009","9087373",2,0,0,0,0,0,1,"stable_low_both_sowings","robust",6
"56IBWSN::1019","56IBWSN","1019","9088201",2,0,0,0,0,0,1,"stable_low_both_sowings","robust",6
"56IBWSN::1023","56IBWSN","1023","9088327",2,0,0,0,0,0,1,"stable_low_both_sowings","robust",6
"56IBWSN::1024","56IBWSN","1024","9088606",2,0,0,0,0,0,1,"stable_low_both_sowings","robust",6
"56IBWSN::1027","56IBWSN","1027","9088616",2,0,0,0,0,0,1,"stable_low_both_sowings","robust",6
"56IBWSN::1067","56IBWSN","1067","9085902",2,0,0,0,0,0,1,"stable_low_both_sowings","robust",6
"56IBWSN::1091","56IBWSN","1091","9086125",2,0,0,0,0,0,1,"stable_low_both_sowings","robust",6
"56IBWSN::1092","56IBWSN","1092","9086126",2,0,0,0,0,0,1,"stable_low_both_sowings","robust",6
"56IBWSN::1094","56IBWSN","1094","9081400",2,0,0,0,0,0,1,"stable_low_both_sowings","robust",6
"56IBWSN::1103","56IBWSN","1103","9081527",2,0,0,0,0,0,1,"stable_low_both_sowings","robust",6
"56IBWSN::1118","56IBWSN","1118","9081768",2,0,0,0,0,0,1,"stable_low_both_sowings","robust",6
"56IBWSN::1131","56IBWSN","1131","9081904",2,0,0,0,0,0,1,"stable_low_both_sowings","robust",6
"56IBWSN::1152","56IBWSN","1152","9082265",2,0,0,0,0,0,1,"stable_low_both_sowings","robust",6
"56IBWSN::1166","56IBWSN","1166","9082954",2,0,0,0,0,0,1,"stable_low_both_sowings","robust",6
"56IBWSN::1189","56IBWSN","1189","9083488",2,0,0,0,0,0,1,"stable_low_both_sowings","robust",6
"56IBWSN::1217","56IBWSN","1217","9084484",2,0,0,0,0,0,1,"stable_low_both_sowings","robust",6
"56IBWSN::1220","56IBWSN","1220","9084554",2,0,0,0,0,0,1,"stable_low_both_sowings","robust",6
"56IBWSN::1221","56IBWSN","1221","9084655",2,0,0,0,0,0,1,"stable_low_both_sowings","robust",6
"56IBWSN::1006","56IBWSN","1006","9087199",2,2.3684210525,2.3684210525,2.3684210525,4.736842105,0,1,"stable_low_both_sowings","robust",5
"56IBWSN::1015","56IBWSN","1015","9088013",2,1.842105263,1.842105263,1.842105263,3.684210526,0,1,"stable_low_both_sowings","robust",5
"56IBWSN::1020","56IBWSN","1020","9088207",2,1.1904761905,1.1904761905,1.1904761905,2.380952381,0,1,"stable_low_both_sowings","robust",5
"56IBWSN::1040","56IBWSN","1040","9080828",2,1.842105263,1.842105263,1.842105263,3.684210526,0,1,"stable_low_both_sowings","robust",5
"56IBWSN::1045","56IBWSN","1045","9080841",2,1.75,1.75,1.75,3.5,0,1,"stable_low_both_sowings","robust",5
"56IBWSN::1051","56IBWSN","1051","9080877",2,1.904761905,1.904761905,1.904761905,3.80952381,0,1,"stable_low_both_sowings","robust",5
"56IBWSN::1052","56IBWSN","1052","9080879",2,2.25,2.25,2.25,4.5,0,1,"stable_low_both_sowings","robust",5
"56IBWSN::1053","56IBWSN","1053","9080886",2,1.3157894735,1.3157894735,1.3157894735,2.631578947,0,1,"stable_low_both_sowings","robust",5
"56IBWSN::1071","56IBWSN","1071","9081217",2,1.1904761905,1.1904761905,1.1904761905,2.380952381,0,1,"stable_low_both_sowings","robust",5
"56IBWSN::1073","56IBWSN","1073","9081224",2,2.25,2.25,2.25,4.5,0,1,"stable_low_both_sowings","robust",5
"56IBWSN::1079","56IBWSN","1079","9085998",2,2.3684210525,2.3684210525,2.3684210525,4.736842105,0,1,"stable_low_both_sowings","robust",5
"56IBWSN::1082","56IBWSN","1082","9086008",2,1.3157894735,1.3157894735,1.3157894735,2.631578947,0,1,"stable_low_both_sowings","robust",5
"56IBWSN::1085","56IBWSN","1085","9086078",2,1.6666666665,1.6666666665,1.6666666665,3.333333333,0,1,"stable_low_both_sowings","robust",5
"56IBWSN::1090","56IBWSN","1090","9081369",2,2.3684210525,2.3684210525,2.3684210525,4.736842105,0,1,"stable_low_both_sowings","robust",5
"56IBWSN::1093","56IBWSN","1093","9081386",2,1.3157894735,1.3157894735,1.3157894735,2.631578947,0,1,"stable_low_both_sowings","robust",5
"56IBWSN::1101","56IBWSN","1101","9086269",2,1.3157894735,1.3157894735,1.3157894735,2.631578947,0,1,"stable_low_both_sowings","robust",5
"56IBWSN::1102","56IBWSN","1102","9081482",2,2.142857143,2.142857143,2.142857143,4.285714286,0,1,"stable_low_both_sowings","robust",5
"56IBWSN::1108","56IBWSN","1108","9081607",2,2.3684210525,2.3684210525,2.3684210525,4.736842105,0,1,"stable_low_both_sowings","robust",5
"56IBWSN::1109","56IBWSN","1109","9081613",2,1.3157894735,1.3157894735,1.3157894735,2.631578947,0,1,"stable_low_both_sowings","robust",5
"56IBWSN::1111","56IBWSN","1111","9081645",2,1.25,1.25,1.25,2.5,0,1,"stable_low_both_sowings","robust",5
"56IBWSN::1112","56IBWSN","1112","9081671",2,2.142857143,2.142857143,2.142857143,4.285714286,0,1,"stable_low_both_sowings","robust",5
"56IBWSN::1140","56IBWSN","1140","9082028",2,1.1904761905,1.1904761905,1.1904761905,2.380952381,0,1,"stable_low_both_sowings","robust",5
"56IBWSN::1141","56IBWSN","1141","9086910",2,1.3157894735,1.3157894735,1.3157894735,2.631578947,0,1,"stable_low_both_sowings","robust",5
"56IBWSN::1156","56IBWSN","1156","9082421",2,1.3157894735,1.3157894735,1.3157894735,2.631578947,0,1,"stable_low_both_sowings","robust",5
"56IBWSN::1158","56IBWSN","1158","9082450",2,1.5789473685,1.5789473685,1.5789473685,3.157894737,0,1,"stable_low_both_sowings","robust",5
"56IBWSN::1170","56IBWSN","1170","9083015",2,1.6666666665,1.6666666665,1.6666666665,3.333333333,0,1,"stable_low_both_sowings","robust",5
"56IBWSN::1193","56IBWSN","1193","9083546",2,1.3157894735,1.3157894735,1.3157894735,2.631578947,0,1,"stable_low_both_sowings","robust",5
"56IBWSN::1216","56IBWSN","1216","9084473",2,2.105263158,2.105263158,2.105263158,4.210526316,0,1,"stable_low_both_sowings","robust",5
"56IBWSN::1219","56IBWSN","1219","9084526",2,1.1904761905,1.1904761905,1.1904761905,2.380952381,0,1,"stable_low_both_sowings","robust",5
"56IBWSN::1005","56IBWSN","1005","9087179",2,0,0,0,0,0,1,"stable_low_both_sowings","robust",4
"56IBWSN::1046","56IBWSN","1046","9085450",2,0,0,0,0,0,1,"stable_low_both_sowings","robust",4
"56IBWSN::1058","56IBWSN","1058","9080974",2,-0.8270676695,-0.8270676695,0.8270676695,0,-1.654135339,1,"stable_low_both_sowings","robust",4
"56IBWSN::1060","56IBWSN","1060","9081036",2,1.0559006215,1.0559006215,1.0559006215,2.111801243,0,1,"stable_low_both_sowings","robust",4
"56IBWSN::1065","56IBWSN","1065","9085876",2,-2.25,-2.25,2.25,0,-4.5,1,"stable_low_both_sowings","robust",4
"56IBWSN::1072","56IBWSN","1072","9081219",2,-0.7894736845,-0.7894736845,0.7894736845,0,-1.578947369,1,"stable_low_both_sowings","robust",4
"56IBWSN::1096","56IBWSN","1096","9081403",2,-0.125313283,-0.125313283,0.125313283,0,-0.250626566,1,"stable_low_both_sowings","robust",4
"56IBWSN::1124","56IBWSN","1124","9081852",2,-1.0755148745,-1.0755148745,1.0755148745,0,-2.151029749,1,"stable_low_both_sowings","robust",4
"56IBWSN::1002","56IBWSN","1002","8048669",2,2.619047619,2.619047619,2.619047619,5.238095238,0,0.5,"variable_moderate","provisional",2
"56IBWSN::1004","56IBWSN","1004","9087172",2,2.894736842,2.894736842,2.894736842,5.789473684,0,0.5,"variable_moderate","provisional",2
"56IBWSN::1008","56IBWSN","1008","9087367",2,5,5,5,10,0,0.5,"variable_moderate","provisional",2
"56IBWSN::1010","56IBWSN","1010","9087404",2,2.894736842,2.894736842,2.894736842,5.789473684,0,0.5,"variable_moderate","provisional",2
"56IBWSN::1013","56IBWSN","1013","9087895",2,2.894736842,2.894736842,2.894736842,5.789473684,0,0.5,"variable_moderate","provisional",2
"56IBWSN::1017","56IBWSN","1017","9088060",2,5,5,5,10,0,0.5,"variable_moderate","provisional",2
"56IBWSN::1018","56IBWSN","1018","9088164",2,2.894736842,2.894736842,2.894736842,5.789473684,0,0.5,"variable_moderate","provisional",2
"56IBWSN::1021","56IBWSN","1021","9088237",2,2.894736842,2.894736842,2.894736842,5.789473684,0,0.5,"variable_moderate","provisional",2
"56IBWSN::1022","56IBWSN","1022","9088279",2,3.0555555555,3.0555555555,3.0555555555,6.111111111,0,0.5,"variable_moderate","provisional",2
"56IBWSN::1026","56IBWSN","1026","9088609",2,5,5,5,10,0,0.5,"variable_moderate","provisional",2
"56IBWSN::1028","56IBWSN","1028","9088620",2,2.619047619,2.619047619,2.619047619,5.238095238,0,0.5,"variable_moderate","provisional",2
"56IBWSN::1029","56IBWSN","1029","9088734",2,3.8095238095,3.8095238095,3.8095238095,7.619047619,0,0.5,"variable_moderate","provisional",2
"56IBWSN::1030","56IBWSN","1030","9080801",2,2.857142857,2.857142857,2.857142857,5.714285714,0,0.5,"variable_moderate","provisional",2
"56IBWSN::1032","56IBWSN","1032","9080807",2,-3.6842105265,-3.6842105265,3.6842105265,0,-7.368421053,0.5,"variable_moderate","provisional",2
"56IBWSN::1033","56IBWSN","1033","9080809",2,2.894736842,2.894736842,2.894736842,5.789473684,0,0.5,"variable_moderate","provisional",2
"56IBWSN::1034","56IBWSN","1034","9085393",2,3.6842105265,3.6842105265,3.6842105265,7.368421053,0,0.5,"variable_moderate","provisional",2
"56IBWSN::1035","56IBWSN","1035","9085394",2,3.3333333335,3.3333333335,3.3333333335,6.666666667,0,0.5,"variable_moderate","provisional",2
"56IBWSN::1036","56IBWSN","1036","9080813",2,5,5,5,10,0,0.5,"variable_moderate","provisional",2
"56IBWSN::1037","56IBWSN","1037","9080814",2,5,5,5,10,0,0.5,"variable_moderate","provisional",2
"56IBWSN::1038","56IBWSN","1038","9080817",2,5,5,5,10,0,0.5,"variable_moderate","provisional",2
"56IBWSN::1039","56IBWSN","1039","9080821",2,5,5,5,10,0,0.5,"variable_moderate","provisional",2
"56IBWSN::1041","56IBWSN","1041","9080833",2,5,5,5,10,0,0.5,"variable_moderate","provisional",2
"56IBWSN::1042","56IBWSN","1042","9085407",2,3.6842105265,3.6842105265,3.6842105265,7.368421053,0,0.5,"variable_moderate","provisional",2
"56IBWSN::1044","56IBWSN","1044","9080834",2,5,5,5,10,0,0.5,"variable_moderate","provisional",2
"56IBWSN::1048","56IBWSN","1048","9080875",2,5,5,5,10,0,0.5,"variable_moderate","provisional",2
"56IBWSN::1049","56IBWSN","1049","9085484",2,5,5,5,10,0,0.5,"variable_moderate","provisional",2
"56IBWSN::1056","56IBWSN","1056","9080921",2,5,5,5,10,0,0.5,"variable_moderate","provisional",2
"56IBWSN::1057","56IBWSN","1057","9080922",2,2.894736842,2.894736842,2.894736842,5.789473684,0,0.5,"variable_moderate","provisional",2
"56IBWSN::1059","56IBWSN","1059","9085614",2,5,5,5,10,0,0.5,"variable_moderate","provisional",2
"56IBWSN::1061","56IBWSN","1061","9081043",2,5,5,5,10,0,0.5,"variable_moderate","provisional",2
"56IBWSN::1062","56IBWSN","1062","9085716",2,5,5,5,10,0,0.5,"variable_moderate","provisional",2
"56IBWSN::1063","56IBWSN","1063","9085757",2,3.095238095,3.095238095,3.095238095,6.19047619,0,0.5,"variable_moderate","provisional",2
"56IBWSN::1068","56IBWSN","1068","9085936",2,5,5,5,10,0,0.5,"variable_moderate","provisional",2
"56IBWSN::1069","56IBWSN","1069","9085943",2,5,5,5,10,0,0.5,"variable_moderate","provisional",2
"56IBWSN::1074","56IBWSN","1074","9081229",2,5,5,5,10,0,0.5,"variable_moderate","provisional",2
"56IBWSN::1076","56IBWSN","1076","9085982",2,5,5,5,10,0,0.5,"variable_moderate","provisional",2
"56IBWSN::1077","56IBWSN","1077","9085983",2,5,5,5,10,0,0.5,"variable_moderate","provisional",2
"56IBWSN::1080","56IBWSN","1080","9081285",2,5,5,5,10,0,0.5,"variable_moderate","provisional",2
"56IBWSN::1083","56IBWSN","1083","9086012",2,5,5,5,10,0,0.5,"variable_moderate","provisional",2
"56IBWSN::1086","56IBWSN","1086","9081347",2,5,5,5,10,0,0.5,"variable_moderate","provisional",2
"56IBWSN::1088","56IBWSN","1088","9086110",2,5,5,5,10,0,0.5,"variable_moderate","provisional",2
"56IBWSN::1089","56IBWSN","1089","9081366",2,2.894736842,2.894736842,2.894736842,5.789473684,0,0.5,"variable_moderate","provisional",2
"56IBWSN::1095","56IBWSN","1095","9081402",2,2.894736842,2.894736842,2.894736842,5.789473684,0,0.5,"variable_moderate","provisional",2
"56IBWSN::1097","56IBWSN","1097","9088753",2,2.894736842,2.894736842,2.894736842,5.789473684,0,0.5,"variable_moderate","provisional",2
"56IBWSN::1099","56IBWSN","1099","9086267",2,2.894736842,2.894736842,2.894736842,5.789473684,0,0.5,"variable_moderate","provisional",2
"56IBWSN::1106","56IBWSN","1106","9081587",2,2.894736842,2.894736842,2.894736842,5.789473684,0,0.5,"variable_moderate","provisional",2
"56IBWSN::1110","56IBWSN","1110","9081614",2,5,5,5,10,0,0.5,"variable_moderate","provisional",2
"56IBWSN::1113","56IBWSN","1113","9081677",2,5,5,5,10,0,0.5,"variable_moderate","provisional",2
"56IBWSN::1114","56IBWSN","1114","9086614",2,3.25,3.25,3.25,6.5,0,0.5,"variable_moderate","provisional",2
"56IBWSN::1115","56IBWSN","1115","9086653",2,5,5,5,10,0,0.5,"variable_moderate","provisional",2
"56IBWSN::1117","56IBWSN","1117","9081767",2,5,5,5,10,0,0.5,"variable_moderate","provisional",2
"56IBWSN::1121","56IBWSN","1121","9081781",2,5,5,5,10,0,0.5,"variable_moderate","provisional",2
"56IBWSN::1127","56IBWSN","1127","9086837",2,5,5,5,10,0,0.5,"variable_moderate","provisional",2
"56IBWSN::1128","56IBWSN","1128","9086840",2,5,5,5,10,0,0.5,"variable_moderate","provisional",2
"56IBWSN::1129","56IBWSN","1129","9086846",2,5,5,5,10,0,0.5,"variable_moderate","provisional",2
"56IBWSN::1130","56IBWSN","1130","9081895",2,5,5,5,10,0,0.5,"variable_moderate","provisional",2
"56IBWSN::1132","56IBWSN","1132","9086849",2,5,5,5,10,0,0.5,"variable_moderate","provisional",2
"56IBWSN::1133","56IBWSN","1133","9086850",2,5,5,5,10,0,0.5,"variable_moderate","provisional",2
"56IBWSN::1136","56IBWSN","1136","9081954",2,5,5,5,10,0,0.5,"variable_moderate","provisional",2
"56IBWSN::1137","56IBWSN","1137","9081956",2,2.75,2.75,2.75,5.5,0,0.5,"variable_moderate","provisional",2
"56IBWSN::1138","56IBWSN","1138","9081985",2,3.8095238095,3.8095238095,3.8095238095,7.619047619,0,0.5,"variable_moderate","provisional",2
"56IBWSN::1139","56IBWSN","1139","9086899",2,5,5,5,10,0,0.5,"variable_moderate","provisional",2
"56IBWSN::1143","56IBWSN","1143","9082128",2,5,5,5,10,0,0.5,"variable_moderate","provisional",2
"56IBWSN::1144","56IBWSN","1144","9082176",2,5,5,5,10,0,0.5,"variable_moderate","provisional",2
"56IBWSN::1146","56IBWSN","1146","9085361",2,5,5,5,10,0,0.5,"variable_moderate","provisional",2
"56IBWSN::1147","56IBWSN","1147","9085376",2,3.947368421,3.947368421,3.947368421,7.894736842,0,0.5,"variable_moderate","provisional",2
"56IBWSN::1149","56IBWSN","1149","9082247",2,5,5,5,10,0,0.5,"variable_moderate","provisional",2
"56IBWSN::1151","56IBWSN","1151","9082264",2,5,5,5,10,0,0.5,"variable_moderate","provisional",2
"56IBWSN::1153","56IBWSN","1153","9082269",2,5,5,5,10,0,0.5,"variable_moderate","provisional",2
"56IBWSN::1154","56IBWSN","1154","9082274",2,2.894736842,2.894736842,2.894736842,5.789473684,0,0.5,"variable_moderate","provisional",2
"56IBWSN::1157","56IBWSN","1157","9082445",2,2.894736842,2.894736842,2.894736842,5.789473684,0,0.5,"variable_moderate","provisional",2
"56IBWSN::1159","56IBWSN","1159","9082520",2,3.157894737,3.157894737,3.157894737,6.315789474,0,0.5,"variable_moderate","provisional",2
"56IBWSN::1161","56IBWSN","1161","9082638",2,2.619047619,2.619047619,2.619047619,5.238095238,0,0.5,"variable_moderate","provisional",2
"56IBWSN::1162","56IBWSN","1162","9082751",2,3.095238095,3.095238095,3.095238095,6.19047619,0,0.5,"variable_moderate","provisional",2
"56IBWSN::1163","56IBWSN","1163","9082754",2,5,5,5,10,0,0.5,"variable_moderate","provisional",2
"56IBWSN::1171","56IBWSN","1171","9083066",2,5,5,5,10,0,0.5,"variable_moderate","provisional",2
"56IBWSN::1174","56IBWSN","1174","9083139",2,5,5,5,10,0,0.5,"variable_moderate","provisional",2
"56IBWSN::1176","56IBWSN","1176","9083177",2,3.157894737,3.157894737,3.157894737,6.315789474,0,0.5,"variable_moderate","provisional",2
"56IBWSN::1177","56IBWSN","1177","9083186",2,5,5,5,10,0,0.5,"variable_moderate","provisional",2
"56IBWSN::1178","56IBWSN","1178","9083234",2,3.4210526315,3.4210526315,3.4210526315,6.842105263,0,0.5,"variable_moderate","provisional",2
"56IBWSN::1180","56IBWSN","1180","9083247",2,5,5,5,10,0,0.5,"variable_moderate","provisional",2
"56IBWSN::1183","56IBWSN","1183","9083308",2,5,5,5,10,0,0.5,"variable_moderate","provisional",2
"56IBWSN::1186","56IBWSN","1186","9083338",2,3.095238095,3.095238095,3.095238095,6.19047619,0,0.5,"variable_moderate","provisional",2
"56IBWSN::1187","56IBWSN","1187","9083401",2,5,5,5,10,0,0.5,"variable_moderate","provisional",2
"56IBWSN::1188","56IBWSN","1188","9083443",2,3.25,3.25,3.25,6.5,0,0.5,"variable_moderate","provisional",2
"56IBWSN::1190","56IBWSN","1190","9083493",2,5,5,5,10,0,0.5,"variable_moderate","provisional",2
"56IBWSN::1191","56IBWSN","1191","9083508",2,5,5,5,10,0,0.5,"variable_moderate","provisional",2
"56IBWSN::1192","56IBWSN","1192","9083523",2,2.619047619,2.619047619,2.619047619,5.238095238,0,0.5,"variable_moderate","provisional",2
"56IBWSN::1198","56IBWSN","1198","9083754",2,5,5,5,10,0,0.5,"variable_moderate","provisional",2
"56IBWSN::1201","56IBWSN","1201","9083763",2,3.3333333335,3.3333333335,3.3333333335,6.666666667,0,0.5,"variable_moderate","provisional",2
"56IBWSN::1205","56IBWSN","1205","9083996",2,2.619047619,2.619047619,2.619047619,5.238095238,0,0.5,"variable_moderate","provisional",2
"56IBWSN::1206","56IBWSN","1206","9083998",2,5,5,5,10,0,0.5,"variable_moderate","provisional",2
"56IBWSN::1208","56IBWSN","1208","9084023",2,5,5,5,10,0,0.5,"variable_moderate","provisional",2
"56IBWSN::1209","56IBWSN","1209","9084026",2,5,5,5,10,0,0.5,"variable_moderate","provisional",2
"56IBWSN::1211","56IBWSN","1211","9084129",2,5,5,5,10,0,0.5,"variable_moderate","provisional",2
"56IBWSN::1212","56IBWSN","1212","9084272",2,8.825136612,8.825136612,8.825136612,10,7.650273224,0,"variable_moderate","provisional",2
"56IBWSN::1213","56IBWSN","1213","9084384",2,2.619047619,2.619047619,2.619047619,5.238095238,0,0.5,"variable_moderate","provisional",2
"56IBWSN::1218","56IBWSN","1218","9084525",2,5,5,5,10,0,0.5,"variable_moderate","provisional",2
"56IBWSN::1224","56IBWSN","1224","9084753",2,5,5,5,10,0,0.5,"variable_moderate","provisional",2
"56IBWSN::1226","56IBWSN","1226","9084864",2,5,5,5,10,0,0.5,"variable_moderate","provisional",2
"56IBWSN::1227","56IBWSN","1227","9084869",2,5,5,5,10,0,0.5,"variable_moderate","provisional",2
"56IBWSN::1228","56IBWSN","1228","9084901",2,5,5,5,10,0,0.5,"variable_moderate","provisional",2
"56IBWSN::1229","56IBWSN","1229","9084970",2,3.5714285715,3.5714285715,3.5714285715,7.142857143,0,0.5,"variable_moderate","provisional",2
"56IBWSN::1231","56IBWSN","1231","9086708",2,2.894736842,2.894736842,2.894736842,5.789473684,0,0.5,"variable_moderate","provisional",2
"56IBWSN::1007","56IBWSN","1007","9087204",2,7.105263158,7.105263158,7.105263158,14.210526316,0,0.5,"variable_moderate","weak",0
"56IBWSN::1025","56IBWSN","1025","304660",2,-5.618762355,-5.618762355,5.618762355,-1.27374784,-9.96377687,0.5,"variable_moderate","weak",0
"56IBWSN::1066","56IBWSN","1066","9081161",2,-8.3480663,-8.3480663,8.3480663,0,-16.6961326,0.5,"variable_moderate","weak",0
"56IBWSN::1075","56IBWSN","1075","304660",2,-8.55146856,-8.55146856,8.55146856,-0.179291800000001,-16.92364532,0.5,"variable_moderate","weak",0
"56IBWSN::1100","56IBWSN","1100","304660",1,-28.05117169,-28.05117169,28.05117169,-28.05117169,-28.05117169,0,"variable_moderate","weak",0
"56IBWSN::1116","56IBWSN","1116","9081766",2,7.82051282,7.82051282,7.82051282,15.64102564,0,0.5,"variable_moderate","weak",0
"56IBWSN::1123","56IBWSN","1123","9081833",2,4.683544305,4.683544305,4.683544305,9.36708861,0,0.5,"variable_moderate","weak",0
"56IBWSN::1145","56IBWSN","1145","9082216",2,7.3684210525,7.3684210525,7.3684210525,14.736842105,0,0.5,"variable_moderate","weak",0
"56IBWSN::1148","56IBWSN","1148","9082243",2,4.999999998,4.999999998,4.999999998,9.999999996,0,0.5,"variable_moderate","weak",0
"56IBWSN::1150","56IBWSN","1150","304660",2,-9.525422495,-9.525422495,21.203744175,11.67832168,-30.72916667,0,"variable_moderate","weak",0
"56IBWSN::1168","56IBWSN","1168","9082999",2,4.75,4.75,4.75,9.5,0,0.5,"variable_moderate","weak",0
"56IBWSN::1175","56IBWSN","1175","304660",2,-11.62581126,-11.62581126,21.11366652,9.48785526,-32.73947778,0,"variable_moderate","weak",0
"56IBWSN::1200","56IBWSN","1200","304660",1,9.07342836000001,9.07342836000001,9.07342836000001,9.07342836000001,9.07342836000001,0,"variable_moderate","weak",0
"56IBWSN::1214","56IBWSN","1214","9084423",2,4.44230769,4.44230769,4.44230769,8.88461538,0,0.5,"variable_moderate","weak",0
"56IBWSN::1215","56IBWSN","1215","9084440",2,3.93670886,3.93670886,3.93670886,7.87341772,0,0.5,"variable_moderate","weak",0
