Ent,Cid,Sid,GID,Cross,Sel_Hist,Quirusillas_2020_1st_sowing,Quirusillas_2020_2nd_sowing,Jashore_2020_1st_sowing,Jashore_2020_2nd_sowing,Okinawa_2020_1st_sowing,Okinawa_2020_2nd_sowing
1,612774,22,7953776,DANPHE #1*2/3/T.DICOCCON PI94625/AE.SQUARROSA (372)//SHA4/CHIL/4/COAH90.26.31//KIRITATI/WBLL1/3/KIRITATI/2*WBLL1/5/ATTILA*2/PBW65//FRNCLN/3/FRANCOLIN #1,CMSS13B01877T-099TOPY-099M-099Y-3M-0WGY,0.00,0.00,0.00,0.00,0.00,0.00
2,589945,32,8045357,FRNCLN*2/TECUE #1//TRCH/HUIRIVIS #1,CMSS12B00171S-099M-099NJ-099NJ-17Y-0WGY,0.00,0.00,0.00,0.00,0.00,0.00
3,601250,66,8056193,KACHU #1/3/T.DICOCCON PI94624/AE.SQUARROSA (409)//BCN/4/2*KACHU/5/SWSR22T.B./KACHU//2*KACHU,CMSS13Y00307S-099Y-099M-0SY-10M-0WGY,0.00,0.00,0.00,10.00,0.00,0.00
4,611660,89,8043621,KACHU*2/3/ND643//2*PRL/2*PASTOR/4/KACHU//KIRITATI/2*TRCH,CMSS13B00763S-099M-0SY-45M-0RGY,0.00,0.00,0.00,0.00,0.00,0.00
5,611898,38,7953275,TRAP#1/BOW/3/VEE/PJN//2*TUI/4/BAV92/RAYON/5/KACHU #1/6/TOBA97/PASTOR/3/T.DICOCCON PI94624/AE.SQUARROSA (409)//BCN/4/BL 1496/MILAN/3/CROC_1/AE.SQUARROSA (205)//KAUZ/7/KACHU #1/KIRITATI//KACHU,CMSS13B01001S-099M-099Y-20M-0WGY,0.00,0.00,0.00,0.00,0.00,0.00
6,585126,79,8050348,CHIBIA//PRLII/CM65531/3/FISCAL/4/CROSBILL #1/5/2*SUP152*2/TECUE #1,CMSS12Y00862T-099TOPM-099Y-099M-099NJ-099NJ-26Y-0WGY,0.00,0.00,0.00,0.00,0.00,0.00
7,583623,32,8049223,BECARD/AKURI #1//BECARD/3/KACHU/KINDE,CMSS12Y00395S-099Y-099M-099NJ-099NJ-3Y-0WGY,0.00,0.00,0.00,0.00,0.00,0.00
8,585264,61,8050806,SUP152/VILLA JUAREZ F2009/3/2*ATTILA*2/PBW65//MURGA,CMSS12Y01000T-099TOPM-099Y-099M-099NJ-099NJ-6Y-0WGY,0.00,0.00,0.00,0.00,0.00,20.96
9,585383,45,8051158,KACHU/KIRITATI//STLN/MUNAL #1/3/STLN/MUNAL #1,CMSS12Y01119T-099TOPM-099Y-099M-099NJ-099NJ-12Y-0WGY,0.00,0.00,0.00,0.00,4.21,0.00
10,583391,236,8048874,BOKOTA//KFA/2*KACHU,CMSS12Y00163S-099Y-099M-099NJ-099NJ-8Y-0WGY,0.00,0.00,0.00,0.00,0.00,0.00
11,583664,41,8049301,BABAX/LR42//BABAX*2/3/KUKUNA/4/BACEU #1/5/BECARD/6/KACHU/KINDE,CMSS12Y00436S-099Y-099M-099NJ-099NJ-9Y-0WGY,0.00,0.00,0.00,0.00,0.00,0.00
12,611660,90,8043622,KACHU*2/3/ND643//2*PRL/2*PASTOR/4/KACHU//KIRITATI/2*TRCH,CMSS13B00763S-099M-0SY-46M-0RGY,0.00,0.00,0.00,0.00,0.00,0.00
13,585013,99,8049890,ATTILA*2/PBW65*2//TNMU*2/3/KFA/2*KACHU,CMSS12Y00749T-099TOPM-099Y-099M-099NJ-099NJ-16Y-0WGY,0.00,0.00,6.88,10.00,0.00,0.00
14,584894,149,8049490,BAJ #1*2/3/ATTILA*2/PBW65//MURGA,CMSS12Y00630T-099TOPM-099Y-099M-099NJ-099NJ-34Y-0WGY,0.00,0.00,0.00,0.00,0.00,0.00
15,601243,31,8056189,ND643/2*WBLL1//2*BAJ #1/3/BAJ #1/KISKADEE #1,CMSS13Y00300S-099Y-099M-0SY-5M-0WGY,0.00,5.02,0.00,6.32,0.00,0.00
16,602329,70,8059142,KACHU #1/3/T.DICOCCON PI94624/AE.SQUARROSA (409)//BCN/4/2*KACHU*2/5/KACHU/KINDE,CMSS13Y01305T-099TOPM-099Y-099M-0SY-25M-0WGY,0.00,0.00,0.00,0.00,0.00,0.00
17,611822,55,7953054,SHA7/VEE#5/5/VEE#8//JUP/BJY/3/F3.71/TRM/4/2*WEAVER/6/PBW343*2/TUKURU/7/T.SPELTA PI348774//2*PBW343*2/KUKUNA/8/MUTUS*2/HARIL #1,CMSS13B00925S-099M-099Y-13M-0WGY,5.95,0.00,10.00,0.00,0.00,0.00
18,589794,117,8044714,HUW234+LR34/PRINIA*2//KIRITATI/3/ONIX/KBIRD,CMSS12B00020S-099M-099NJ-099NJ-30Y-0WGY,0.00,0.00,10.00,0.00,0.00,0.00
19,611751,24,7952782,SHAKTI/7/TRAP#1/BOW/3/VEE/PJN//2*TUI/4/BAV92/RAYON/5/KACHU #1/6/TOBA97/PASTOR/3/T.DICOCCON PI94624/AE.SQUARROSA (409)//BCN/4/BL 1496/MILAN/3/CROC_1/AE.SQUARROSA (205)//KAUZ,CMSS13B00854S-099M-099Y-11M-0WGY,0.00,0.00,2.35,17.44,11.49,0.00
20,585214,100,8050618,FRANCOLIN #1*2/HAWFINCH #1//2*MUCUY,CMSS12Y00950T-099TOPM-099Y-099M-099NJ-099NJ-15Y-0WGY,0.00,5.29,0.00,0.00,0.00,0.00
21,583479,45,8049018,SUP152/BECARD/3/KACHU #1/KIRITATI//KACHU,CMSS12Y00251S-099Y-099M-099NJ-099NJ-4Y-0WGY,5.91,0.00,10.00,16.76,0.00,5.64
22,612810,44,7953875,WHEAR/KUKUNA/3/C80.1/3*BATAVIA//2*WBLL1/4/T.DICOCCON PI94625/AE.SQUARROSA (372)//SHA4/CHIL/5/WHEAR/KUKUNA/3/C80.1/3*BATAVIA//2*WBLL1/6/VILLA JUAREZ F2009/3/T.DICOCCON PI94625/AE.SQUARROSA (372)//3*PASTOR/4/WBLL1*2/BRAMBLING/7/TRAP#1/BOW/3/VEE/PJN//2*,CMSS13B01913T-099TOPY-099M-099Y-31M-0WGY,0.00,0.00,0.00,0.00,0.00,0.00
23,583463,127,8048999,CHIPAK//KFA/2*KACHU,CMSS12Y00235S-099Y-099M-099NJ-099NJ-24Y-0WGY,2.91,0.00,0.00,0.00,0.00,0.00
24,584894,145,8049486,BAJ #1*2/3/ATTILA*2/PBW65//MURGA,CMSS12Y00630T-099TOPM-099Y-099M-099NJ-099NJ-25Y-0WGY,0.00,0.00,0.00,0.00,0.00,0.00
25,611847,19,7953115,FRANCOLIN #1/3/IWA 8600211//2*PBW343*2/KUKUNA/4/MUCUY,CMSS13B00950S-099M-099Y-3M-0WGY,0.00,0.00,0.00,0.00,0.00,0.00
26,601012,29,8055604,KUTZ//KACHU/DANPHE,CMSS13Y00069S-099Y-099M-0SY-11M-0WGY,0.00,0.00,0.00,0.00,0.00,0.00
27,585304,35,8050918,SUP152*2/TECUE #1*2//FRNCLN*2/TECUE #1,CMSS12Y01040T-099TOPM-099Y-099M-099NJ-099NJ-10Y-0WGY,0.00,0.00,0.00,0.00,0.00,0.00
28,611926,42,7953395,CIRO16/8/REH/HARE//2*BCN/3/CROC_1/AE.SQUARROSA (213)//PGO/4/HUITES/5/T.DICOCCON PI94624/AE.SQUARROSA (409)//BCN/6/REH/HARE//2*BCN/3/CROC_1/AE.SQUARROSA (213)//PGO/4/HUITES/7/MUTUS/9/KENYA SUNBIRD/KACHU,CMSS13B01029S-099M-099Y-21M-0WGY,9.39,0.00,0.00,0.00,0.00,0.00
29,585337,35,8051046,FRET2/KUKUNA//FRET2/3/FRNCLN/4/2*MUTUS/AKURI #1//MUTUS,CMSS12Y01073T-099TOPM-099Y-099M-099NJ-099NJ-25Y-0WGY,0.00,0.00,10.00,7.89,0.00,0.00
30,590480,39,8047193,PARUS/FRANCOLIN #1/4/ATTILA*2/PBW65//MUU #1/3/FRANCOLIN #1/5/PARUS/FRANCOLIN #1,CMSS12B00706T-099TOPY-099M-099NJ-099NJ-24Y-0WGY,0.00,0.00,0.00,0.00,3.49,0.00
31,583330,64,8048765,UP2338*2/KKTS*2//YANAC/3/WAXBI,CMSS12Y00102S-099Y-099M-099NJ-099NJ-33Y-0WGY,0.00,0.00,0.00,0.00,0.00,0.00
32,589863,25,8044964,BOKOTA//FRNCLN*2/TECUE #1,CMSS12B00089S-099M-099NJ-099NJ-6Y-0WGY,0.00,0.00,0.00,0.00,0.00,0.00
33,612783,28,7953805,DANPHE #1*2/3/T.DICOCCON PI94625/AE.SQUARROSA (372)//SHA4/CHIL/4/QUAIU #1/SOLALA//QUAIU #2/9/CIRO16/8/REH/HARE//2*BCN/3/CROC_1/AE.SQUARROSA (213)//PGO/4/HUITES/5/T.DICOCCON PI94624/AE.SQUARROSA (409)//BCN/6/REH/HARE//2*BCN/3/CROC_1/AE.SQUARROSA (213),CMSS13B01886T-099TOPY-099M-099Y-13M-0WGY,0.00,0.00,0.00,0.00,5.62,0.00
34,612292,83,8054203,KACHU #1/3/T.DICOCCON PI94624/AE.SQUARROSA (409)//BCN/4/2*KACHU*2/5/KACHU/DANPHE,CMSS13B01395T-099TOPY-099M-0SY-27M-0WGY,0.00,0.00,0.00,0.00,0.00,0.00
35,612792,31,7953830,HGO94.7.1.12//WBLL1*2/KUKUNA/3/WBLL1*2/KURUKU/4/PBW343*2/KUKUNA*2//FRTL/PIFED/6/C80.1/3*BATAVIA//2*WBLL1/3/ATTILA/3*BCN*2//BAV92/4/WBLL1*2/KURUKU/5/IWA 8600211//2*PBW343*2/KUKUNA,CMSS13B01895T-099TOPY-099M-099Y-3M-0WGY,0.00,0.00,0.00,0.00,0.00,0.00
36,611002,125,8051464,KACHU/DANPHE//KFA/2*KACHU,CMSS13B00105S-099M-0SY-28M-0WGY,0.00,0.00,0.00,0.00,0.00,0.00
37,590685,37,8048083,BECARD #1/5/KIRITATI/4/2*SERI.1B*2/3/KAUZ*2/BOW//KAUZ*2/6/KFA/2*KACHU,CMSS12B00911T-099TOPY-099M-099NJ-099NJ-31Y-0WGY,0.00,0.00,0.00,0.00,10.23,0.00
38,601459,63,8044131,FRNCLN/3/KIRITATI//HUW234+LR34/PRINIA/4/FRANCOLIN #1/5/KACHU*2/3/ND643//2*PRL/2*PASTOR,CMSS13Y00516S-099Y-099M-0SY-6M-0RGY,0.00,0.00,0.00,0.00,0.00,0.00
39,590837,33,8048445,POTCH 93/4/MILAN/KAUZ//PRINIA/3/BAV92/5/MILAN/KAUZ//PRINIA/3/BAV92*2/6/TILILA/JUCHI/4/SERI.1B//KAUZ/HEVO/3/AMAD,CMSS12B01063T-099TOPY-099M-099NJ-099NJ-9Y-0WGY,0.00,0.00,0.00,0.00,0.00,0.00
40,611040,75,8051598,KENYA SUNBIRD/KACHU//KIDEA,CMSS13B00143S-099M-0SY-19M-0WGY,0.00,0.00,0.00,0.00,0.00,0.00
41,611015,61,8051513,KACHU//KIRITATI/2*TRCH/3/KFA/2*KACHU,CMSS13B00118S-099M-0SY-2M-0WGY,0.00,0.00,0.00,0.00,0.00,0.00
42,584952,134,8049669,SAUAL/YANAC//SAUAL/3/2*KFA/2*KACHU,CMSS12Y00688T-099TOPM-099Y-099M-099NJ-099NJ-12Y-0WGY,0.00,0.00,0.00,10.00,0.00,0.00
43,583656,102,8049295,VORB/FISCAL//WBLL1*2/KURUKU/3/QUAIU/4/KACHU/KINDE,CMSS12Y00428S-099Y-099M-099NJ-099NJ-16Y-0WGY,0.00,0.00,0.00,0.00,0.00,0.00
44,602218,80,8058432,ATTILA/3*BCN//BAV92/3/PASTOR/4/TACUPETO F2001*2/BRAMBLING/5/PAURAQ/6/2*KIRITATI//ATTILA*2/PASTOR/3/AKURI,CMSS13Y01194T-099TOPM-099Y-099M-0SY-9M-0WGY,0.00,0.00,0.00,10.00,0.00,0.00
45,612114,90,8053483,MUCUY*2//SUP152/BAJ #1,CMSS13B01217T-099TOPY-099M-0SY-7M-0WGY,0.00,0.00,0.00,0.00,0.00,0.00
46,602376,75,8059204,CNO79//PF70354/MUS/3/PASTOR/4/BAV92*2/5/HAR311/6/2*PBW343*2/KUKUNA*2//FRTL/PIFED,CMSS13Y01352T-099TOPM-099Y-099M-0SY-19M-0WGY,0.00,0.00,0.00,0.00,7.06,0.00
47,611189,27,8051921,FRNCLN*2/KINGBIRD #1//BORL14,CMSS13B00292S-099M-0SY-1M-0WGY,0.00,0.00,0.00,0.00,0.00,5.68
48,590456,48,8047044,KUTZ*2//KFA/2*KACHU,CMSS12B00682T-099TOPY-099M-099NJ-099NJ-22Y-0WGY,0.00,0.00,0.00,0.00,0.00,0.00
49,54384,230,911521,CHIRYA.3,CIGM87.116-3Y-2M-1PR-3M-2PR-4B-0PR-1Y-0M,64.15,12.65,10.00,10.00,7.36,12.82
50,6977,3,6387,SONALIKA,II18427-4R-1M,0.00,0.00,0.00,6.32,0.00,0.00
A,61665,1,304660,LOCAL CHECK (Atlax),,84.34,53.09,9.52,20.00,72.14,31.51
U,61665,1,304660,LOCAL CHECK (Urubó),,0.00,2.67,10.00,0.00,0.00,0.00
