"median_pct","q75_pct","max_year_pct","q90_disease","worst_disease","selected_gid","selected_two_year","selected_three_plus","reference_overlap","jaccard_with_reference"
0.35,0.4,0.45,5,10,0,0,0,0,0
0.4,0.4,0.45,5,10,0,0,0,0,0
0.45,0.4,0.45,5,10,0,0,0,0,0
0.35,0.45,0.45,5,10,0,0,0,0,0
0.4,0.45,0.45,5,10,6,6,0,6,0.75
0.45,0.45,0.45,5,10,8,6,2,6,0.6
0.35,0.5,0.45,5,10,0,0,0,0,0
0.4,0.5,0.45,5,10,6,6,0,6,0.75
0.45,0.5,0.45,5,10,22,20,2,6,0.25
0.35,0.55,0.45,5,10,0,0,0,0,0
0.4,0.55,0.45,5,10,6,6,0,6,0.75
0.45,0.55,0.45,5,10,22,20,2,6,0.25
0.35,0.4,0.5,5,10,0,0,0,0,0
0.4,0.4,0.5,5,10,0,0,0,0,0
0.45,0.4,0.5,5,10,0,0,0,0,0
0.35,0.45,0.5,5,10,0,0,0,0,0
0.4,0.45,0.5,5,10,6,6,0,6,0.75
0.45,0.45,0.5,5,10,8,6,2,6,0.6
0.35,0.5,0.5,5,10,0,0,0,0,0
0.4,0.5,0.5,5,10,6,6,0,6,0.75
0.45,0.5,0.5,5,10,25,23,2,6,0.222222222222222
0.35,0.55,0.5,5,10,0,0,0,0,0
0.4,0.55,0.5,5,10,6,6,0,6,0.75
0.45,0.55,0.5,5,10,25,23,2,6,0.222222222222222
0.35,0.4,0.55,5,10,0,0,0,0,0
0.4,0.4,0.55,5,10,0,0,0,0,0
0.45,0.4,0.55,5,10,0,0,0,0,0
0.35,0.45,0.55,5,10,0,0,0,0,0
0.4,0.45,0.55,5,10,6,6,0,6,0.75
0.45,0.45,0.55,5,10,8,6,2,6,0.6
0.35,0.5,0.55,5,10,0,0,0,0,0
0.4,0.5,0.55,5,10,6,6,0,6,0.75
0.45,0.5,0.55,5,10,25,23,2,6,0.222222222222222
0.35,0.55,0.55,5,10,0,0,0,0,0
0.4,0.55,0.55,5,10,6,6,0,6,0.75
0.45,0.55,0.55,5,10,25,23,2,6,0.222222222222222
0.35,0.4,0.6,5,10,0,0,0,0,0
0.4,0.4,0.6,5,10,0,0,0,0,0
0.45,0.4,0.6,5,10,0,0,0,0,0
0.35,0.45,0.6,5,10,0,0,0,0,0
0.4,0.45,0.6,5,10,6,6,0,6,0.75
0.45,0.45,0.6,5,10,8,6,2,6,0.6
0.35,0.5,0.6,5,10,0,0,0,0,0
0.4,0.5,0.6,5,10,6,6,0,6,0.75
0.45,0.5,0.6,5,10,26,24,2,6,0.214285714285714
0.35,0.55,0.6,5,10,0,0,0,0,0
0.4,0.55,0.6,5,10,6,6,0,6,0.75
0.45,0.55,0.6,5,10,26,24,2,6,0.214285714285714
0.35,0.4,0.45,10,10,0,0,0,0,0
0.4,0.4,0.45,10,10,0,0,0,0,0
0.45,0.4,0.45,10,10,0,0,0,0,0
0.35,0.45,0.45,10,10,0,0,0,0,0
0.4,0.45,0.45,10,10,6,6,0,6,0.75
0.45,0.45,0.45,10,10,8,6,2,6,0.6
0.35,0.5,0.45,10,10,0,0,0,0,0
0.4,0.5,0.45,10,10,6,6,0,6,0.75
0.45,0.5,0.45,10,10,25,22,3,6,0.222222222222222
0.35,0.55,0.45,10,10,0,0,0,0,0
0.4,0.55,0.45,10,10,6,6,0,6,0.75
0.45,0.55,0.45,10,10,25,22,3,6,0.222222222222222
0.35,0.4,0.5,10,10,0,0,0,0,0
0.4,0.4,0.5,10,10,0,0,0,0,0
0.45,0.4,0.5,10,10,0,0,0,0,0
0.35,0.45,0.5,10,10,0,0,0,0,0
0.4,0.45,0.5,10,10,6,6,0,6,0.75
0.45,0.45,0.5,10,10,8,6,2,6,0.6
0.35,0.5,0.5,10,10,0,0,0,0,0
0.4,0.5,0.5,10,10,6,6,0,6,0.75
0.45,0.5,0.5,10,10,29,25,4,6,0.193548387096774
0.35,0.55,0.5,10,10,0,0,0,0,0
0.4,0.55,0.5,10,10,6,6,0,6,0.75
0.45,0.55,0.5,10,10,29,25,4,6,0.193548387096774
0.35,0.4,0.55,10,10,0,0,0,0,0
0.4,0.4,0.55,10,10,0,0,0,0,0
0.45,0.4,0.55,10,10,0,0,0,0,0
0.35,0.45,0.55,10,10,0,0,0,0,0
0.4,0.45,0.55,10,10,6,6,0,6,0.75
0.45,0.45,0.55,10,10,8,6,2,6,0.6
0.35,0.5,0.55,10,10,0,0,0,0,0
0.4,0.5,0.55,10,10,6,6,0,6,0.75
0.45,0.5,0.55,10,10,29,25,4,6,0.193548387096774
0.35,0.55,0.55,10,10,0,0,0,0,0
0.4,0.55,0.55,10,10,6,6,0,6,0.75
0.45,0.55,0.55,10,10,29,25,4,6,0.193548387096774
0.35,0.4,0.6,10,10,0,0,0,0,0
0.4,0.4,0.6,10,10,0,0,0,0,0
0.45,0.4,0.6,10,10,0,0,0,0,0
0.35,0.45,0.6,10,10,0,0,0,0,0
0.4,0.45,0.6,10,10,6,6,0,6,0.75
0.45,0.45,0.6,10,10,8,6,2,6,0.6
0.35,0.5,0.6,10,10,0,0,0,0,0
0.4,0.5,0.6,10,10,6,6,0,6,0.75
0.45,0.5,0.6,10,10,32,28,4,6,0.176470588235294
0.35,0.55,0.6,10,10,0,0,0,0,0
0.4,0.55,0.6,10,10,6,6,0,6,0.75
0.45,0.55,0.6,10,10,32,28,4,6,0.176470588235294
0.35,0.4,0.45,15,10,0,0,0,0,0
0.4,0.4,0.45,15,10,0,0,0,0,0
0.45,0.4,0.45,15,10,0,0,0,0,0
0.35,0.45,0.45,15,10,0,0,0,0,0
0.4,0.45,0.45,15,10,6,6,0,6,0.75
0.45,0.45,0.45,15,10,8,6,2,6,0.6
0.35,0.5,0.45,15,10,0,0,0,0,0
0.4,0.5,0.45,15,10,6,6,0,6,0.75
0.45,0.5,0.45,15,10,25,22,3,6,0.222222222222222
0.35,0.55,0.45,15,10,0,0,0,0,0
0.4,0.55,0.45,15,10,6,6,0,6,0.75
0.45,0.55,0.45,15,10,25,22,3,6,0.222222222222222
0.35,0.4,0.5,15,10,0,0,0,0,0
0.4,0.4,0.5,15,10,0,0,0,0,0
0.45,0.4,0.5,15,10,0,0,0,0,0
0.35,0.45,0.5,15,10,0,0,0,0,0
0.4,0.45,0.5,15,10,6,6,0,6,0.75
0.45,0.45,0.5,15,10,8,6,2,6,0.6
0.35,0.5,0.5,15,10,0,0,0,0,0
0.4,0.5,0.5,15,10,6,6,0,6,0.75
0.45,0.5,0.5,15,10,29,25,4,6,0.193548387096774
0.35,0.55,0.5,15,10,0,0,0,0,0
0.4,0.55,0.5,15,10,6,6,0,6,0.75
0.45,0.55,0.5,15,10,29,25,4,6,0.193548387096774
0.35,0.4,0.55,15,10,0,0,0,0,0
0.4,0.4,0.55,15,10,0,0,0,0,0
0.45,0.4,0.55,15,10,0,0,0,0,0
0.35,0.45,0.55,15,10,0,0,0,0,0
0.4,0.45,0.55,15,10,6,6,0,6,0.75
0.45,0.45,0.55,15,10,8,6,2,6,0.6
0.35,0.5,0.55,15,10,0,0,0,0,0
0.4,0.5,0.55,15,10,6,6,0,6,0.75
0.45,0.5,0.55,15,10,29,25,4,6,0.193548387096774
0.35,0.55,0.55,15,10,0,0,0,0,0
0.4,0.55,0.55,15,10,6,6,0,6,0.75
0.45,0.55,0.55,15,10,29,25,4,6,0.193548387096774
0.35,0.4,0.6,15,10,0,0,0,0,0
0.4,0.4,0.6,15,10,0,0,0,0,0
0.45,0.4,0.6,15,10,0,0,0,0,0
0.35,0.45,0.6,15,10,0,0,0,0,0
0.4,0.45,0.6,15,10,6,6,0,6,0.75
0.45,0.45,0.6,15,10,8,6,2,6,0.6
0.35,0.5,0.6,15,10,0,0,0,0,0
0.4,0.5,0.6,15,10,6,6,0,6,0.75
0.45,0.5,0.6,15,10,32,28,4,6,0.176470588235294
0.35,0.55,0.6,15,10,0,0,0,0,0
0.4,0.55,0.6,15,10,6,6,0,6,0.75
0.45,0.55,0.6,15,10,32,28,4,6,0.176470588235294
0.35,0.4,0.45,20,10,0,0,0,0,0
0.4,0.4,0.45,20,10,0,0,0,0,0
0.45,0.4,0.45,20,10,0,0,0,0,0
0.35,0.45,0.45,20,10,0,0,0,0,0
0.4,0.45,0.45,20,10,6,6,0,6,0.75
0.45,0.45,0.45,20,10,8,6,2,6,0.6
0.35,0.5,0.45,20,10,0,0,0,0,0
0.4,0.5,0.45,20,10,6,6,0,6,0.75
0.45,0.5,0.45,20,10,25,22,3,6,0.222222222222222
0.35,0.55,0.45,20,10,0,0,0,0,0
0.4,0.55,0.45,20,10,6,6,0,6,0.75
0.45,0.55,0.45,20,10,25,22,3,6,0.222222222222222
0.35,0.4,0.5,20,10,0,0,0,0,0
0.4,0.4,0.5,20,10,0,0,0,0,0
0.45,0.4,0.5,20,10,0,0,0,0,0
0.35,0.45,0.5,20,10,0,0,0,0,0
0.4,0.45,0.5,20,10,6,6,0,6,0.75
0.45,0.45,0.5,20,10,8,6,2,6,0.6
0.35,0.5,0.5,20,10,0,0,0,0,0
0.4,0.5,0.5,20,10,6,6,0,6,0.75
0.45,0.5,0.5,20,10,29,25,4,6,0.193548387096774
0.35,0.55,0.5,20,10,0,0,0,0,0
0.4,0.55,0.5,20,10,6,6,0,6,0.75
0.45,0.55,0.5,20,10,29,25,4,6,0.193548387096774
0.35,0.4,0.55,20,10,0,0,0,0,0
0.4,0.4,0.55,20,10,0,0,0,0,0
0.45,0.4,0.55,20,10,0,0,0,0,0
0.35,0.45,0.55,20,10,0,0,0,0,0
0.4,0.45,0.55,20,10,6,6,0,6,0.75
0.45,0.45,0.55,20,10,8,6,2,6,0.6
0.35,0.5,0.55,20,10,0,0,0,0,0
0.4,0.5,0.55,20,10,6,6,0,6,0.75
0.45,0.5,0.55,20,10,29,25,4,6,0.193548387096774
0.35,0.55,0.55,20,10,0,0,0,0,0
0.4,0.55,0.55,20,10,6,6,0,6,0.75
0.45,0.55,0.55,20,10,29,25,4,6,0.193548387096774
0.35,0.4,0.6,20,10,0,0,0,0,0
0.4,0.4,0.6,20,10,0,0,0,0,0
0.45,0.4,0.6,20,10,0,0,0,0,0
0.35,0.45,0.6,20,10,0,0,0,0,0
0.4,0.45,0.6,20,10,6,6,0,6,0.75
0.45,0.45,0.6,20,10,8,6,2,6,0.6
0.35,0.5,0.6,20,10,0,0,0,0,0
0.4,0.5,0.6,20,10,6,6,0,6,0.75
0.45,0.5,0.6,20,10,32,28,4,6,0.176470588235294
0.35,0.55,0.6,20,10,0,0,0,0,0
0.4,0.55,0.6,20,10,6,6,0,6,0.75
0.45,0.55,0.6,20,10,32,28,4,6,0.176470588235294
0.35,0.4,0.45,5,20,0,0,0,0,0
0.4,0.4,0.45,5,20,0,0,0,0,0
0.45,0.4,0.45,5,20,0,0,0,0,0
0.35,0.45,0.45,5,20,0,0,0,0,0
0.4,0.45,0.45,5,20,7,7,0,7,0.875
0.45,0.45,0.45,5,20,9,7,2,7,0.7
0.35,0.5,0.45,5,20,0,0,0,0,0
0.4,0.5,0.45,5,20,7,7,0,7,0.875
0.45,0.5,0.45,5,20,24,22,2,7,0.28
0.35,0.55,0.45,5,20,0,0,0,0,0
0.4,0.55,0.45,5,20,7,7,0,7,0.875
0.45,0.55,0.45,5,20,24,22,2,7,0.28
0.35,0.4,0.5,5,20,0,0,0,0,0
0.4,0.4,0.5,5,20,0,0,0,0,0
0.45,0.4,0.5,5,20,0,0,0,0,0
0.35,0.45,0.5,5,20,0,0,0,0,0
0.4,0.45,0.5,5,20,7,7,0,7,0.875
0.45,0.45,0.5,5,20,9,7,2,7,0.7
0.35,0.5,0.5,5,20,0,0,0,0,0
0.4,0.5,0.5,5,20,7,7,0,7,0.875
0.45,0.5,0.5,5,20,27,25,2,7,0.25
0.35,0.55,0.5,5,20,0,0,0,0,0
0.4,0.55,0.5,5,20,7,7,0,7,0.875
0.45,0.55,0.5,5,20,27,25,2,7,0.25
0.35,0.4,0.55,5,20,0,0,0,0,0
0.4,0.4,0.55,5,20,0,0,0,0,0
0.45,0.4,0.55,5,20,0,0,0,0,0
0.35,0.45,0.55,5,20,0,0,0,0,0
0.4,0.45,0.55,5,20,7,7,0,7,0.875
0.45,0.45,0.55,5,20,9,7,2,7,0.7
0.35,0.5,0.55,5,20,0,0,0,0,0
0.4,0.5,0.55,5,20,7,7,0,7,0.875
0.45,0.5,0.55,5,20,27,25,2,7,0.25
0.35,0.55,0.55,5,20,0,0,0,0,0
0.4,0.55,0.55,5,20,7,7,0,7,0.875
0.45,0.55,0.55,5,20,27,25,2,7,0.25
0.35,0.4,0.6,5,20,0,0,0,0,0
0.4,0.4,0.6,5,20,0,0,0,0,0
0.45,0.4,0.6,5,20,0,0,0,0,0
0.35,0.45,0.6,5,20,0,0,0,0,0
0.4,0.45,0.6,5,20,7,7,0,7,0.875
0.45,0.45,0.6,5,20,9,7,2,7,0.7
0.35,0.5,0.6,5,20,0,0,0,0,0
0.4,0.5,0.6,5,20,7,7,0,7,0.875
0.45,0.5,0.6,5,20,28,26,2,7,0.241379310344828
0.35,0.55,0.6,5,20,0,0,0,0,0
0.4,0.55,0.6,5,20,7,7,0,7,0.875
0.45,0.55,0.6,5,20,28,26,2,7,0.241379310344828
0.35,0.4,0.45,10,20,0,0,0,0,0
0.4,0.4,0.45,10,20,0,0,0,0,0
0.45,0.4,0.45,10,20,0,0,0,0,0
0.35,0.45,0.45,10,20,0,0,0,0,0
0.4,0.45,0.45,10,20,8,8,0,8,1
0.45,0.45,0.45,10,20,11,8,3,8,0.727272727272727
0.35,0.5,0.45,10,20,0,0,0,0,0
0.4,0.5,0.45,10,20,8,8,0,8,1
0.45,0.5,0.45,10,20,31,27,4,8,0.258064516129032
0.35,0.55,0.45,10,20,0,0,0,0,0
0.4,0.55,0.45,10,20,8,8,0,8,1
0.45,0.55,0.45,10,20,31,27,4,8,0.258064516129032
0.35,0.4,0.5,10,20,0,0,0,0,0
0.4,0.4,0.5,10,20,0,0,0,0,0
0.45,0.4,0.5,10,20,0,0,0,0,0
0.35,0.45,0.5,10,20,0,0,0,0,0
0.4,0.45,0.5,10,20,8,8,0,8,1
0.45,0.45,0.5,10,20,11,8,3,8,0.727272727272727
0.35,0.5,0.5,10,20,0,0,0,0,0
0.4,0.5,0.5,10,20,8,8,0,8,1
0.45,0.5,0.5,10,20,36,31,5,8,0.222222222222222
0.35,0.55,0.5,10,20,0,0,0,0,0
0.4,0.55,0.5,10,20,8,8,0,8,1
0.45,0.55,0.5,10,20,36,31,5,8,0.222222222222222
0.35,0.4,0.55,10,20,0,0,0,0,0
0.4,0.4,0.55,10,20,0,0,0,0,0
0.45,0.4,0.55,10,20,0,0,0,0,0
0.35,0.45,0.55,10,20,0,0,0,0,0
0.4,0.45,0.55,10,20,8,8,0,8,1
0.45,0.45,0.55,10,20,11,8,3,8,0.727272727272727
0.35,0.5,0.55,10,20,0,0,0,0,0
0.4,0.5,0.55,10,20,8,8,0,8,1
0.45,0.5,0.55,10,20,36,31,5,8,0.222222222222222
0.35,0.55,0.55,10,20,0,0,0,0,0
0.4,0.55,0.55,10,20,8,8,0,8,1
0.45,0.55,0.55,10,20,36,31,5,8,0.222222222222222
0.35,0.4,0.6,10,20,0,0,0,0,0
0.4,0.4,0.6,10,20,0,0,0,0,0
0.45,0.4,0.6,10,20,0,0,0,0,0
0.35,0.45,0.6,10,20,0,0,0,0,0
0.4,0.45,0.6,10,20,8,8,0,8,1
0.45,0.45,0.6,10,20,11,8,3,8,0.727272727272727
0.35,0.5,0.6,10,20,0,0,0,0,0
0.4,0.5,0.6,10,20,8,8,0,8,1
0.45,0.5,0.6,10,20,40,35,5,8,0.2
0.35,0.55,0.6,10,20,0,0,0,0,0
0.4,0.55,0.6,10,20,8,8,0,8,1
0.45,0.55,0.6,10,20,40,35,5,8,0.2
0.35,0.4,0.45,15,20,0,0,0,0,0
0.4,0.4,0.45,15,20,0,0,0,0,0
0.45,0.4,0.45,15,20,0,0,0,0,0
0.35,0.45,0.45,15,20,0,0,0,0,0
0.4,0.45,0.45,15,20,8,8,0,8,1
0.45,0.45,0.45,15,20,12,9,3,8,0.666666666666667
0.35,0.5,0.45,15,20,0,0,0,0,0
0.4,0.5,0.45,15,20,8,8,0,8,1
0.45,0.5,0.45,15,20,32,28,4,8,0.25
0.35,0.55,0.45,15,20,0,0,0,0,0
0.4,0.55,0.45,15,20,8,8,0,8,1
0.45,0.55,0.45,15,20,32,28,4,8,0.25
0.35,0.4,0.5,15,20,0,0,0,0,0
0.4,0.4,0.5,15,20,0,0,0,0,0
0.45,0.4,0.5,15,20,0,0,0,0,0
0.35,0.45,0.5,15,20,0,0,0,0,0
0.4,0.45,0.5,15,20,8,8,0,8,1
0.45,0.45,0.5,15,20,12,9,3,8,0.666666666666667
0.35,0.5,0.5,15,20,0,0,0,0,0
0.4,0.5,0.5,15,20,8,8,0,8,1
0.45,0.5,0.5,15,20,37,32,5,8,0.216216216216216
0.35,0.55,0.5,15,20,0,0,0,0,0
0.4,0.55,0.5,15,20,8,8,0,8,1
0.45,0.55,0.5,15,20,37,32,5,8,0.216216216216216
0.35,0.4,0.55,15,20,0,0,0,0,0
0.4,0.4,0.55,15,20,0,0,0,0,0
0.45,0.4,0.55,15,20,0,0,0,0,0
0.35,0.45,0.55,15,20,0,0,0,0,0
0.4,0.45,0.55,15,20,8,8,0,8,1
0.45,0.45,0.55,15,20,12,9,3,8,0.666666666666667
0.35,0.5,0.55,15,20,0,0,0,0,0
0.4,0.5,0.55,15,20,8,8,0,8,1
0.45,0.5,0.55,15,20,37,32,5,8,0.216216216216216
0.35,0.55,0.55,15,20,0,0,0,0,0
0.4,0.55,0.55,15,20,8,8,0,8,1
0.45,0.55,0.55,15,20,37,32,5,8,0.216216216216216
0.35,0.4,0.6,15,20,0,0,0,0,0
0.4,0.4,0.6,15,20,0,0,0,0,0
0.45,0.4,0.6,15,20,0,0,0,0,0
0.35,0.45,0.6,15,20,0,0,0,0,0
0.4,0.45,0.6,15,20,8,8,0,8,1
0.45,0.45,0.6,15,20,12,9,3,8,0.666666666666667
0.35,0.5,0.6,15,20,0,0,0,0,0
0.4,0.5,0.6,15,20,8,8,0,8,1
0.45,0.5,0.6,15,20,41,36,5,8,0.195121951219512
0.35,0.55,0.6,15,20,0,0,0,0,0
0.4,0.55,0.6,15,20,8,8,0,8,1
0.45,0.55,0.6,15,20,41,36,5,8,0.195121951219512
0.35,0.4,0.45,20,20,0,0,0,0,0
0.4,0.4,0.45,20,20,0,0,0,0,0
0.45,0.4,0.45,20,20,0,0,0,0,0
0.35,0.45,0.45,20,20,0,0,0,0,0
0.4,0.45,0.45,20,20,8,8,0,8,1
0.45,0.45,0.45,20,20,12,9,3,8,0.666666666666667
0.35,0.5,0.45,20,20,0,0,0,0,0
0.4,0.5,0.45,20,20,8,8,0,8,1
0.45,0.5,0.45,20,20,32,28,4,8,0.25
0.35,0.55,0.45,20,20,0,0,0,0,0
0.4,0.55,0.45,20,20,8,8,0,8,1
0.45,0.55,0.45,20,20,32,28,4,8,0.25
0.35,0.4,0.5,20,20,0,0,0,0,0
0.4,0.4,0.5,20,20,0,0,0,0,0
0.45,0.4,0.5,20,20,0,0,0,0,0
0.35,0.45,0.5,20,20,0,0,0,0,0
0.4,0.45,0.5,20,20,8,8,0,8,1
0.45,0.45,0.5,20,20,12,9,3,8,0.666666666666667
0.35,0.5,0.5,20,20,0,0,0,0,0
0.4,0.5,0.5,20,20,8,8,0,8,1
0.45,0.5,0.5,20,20,37,32,5,8,0.216216216216216
0.35,0.55,0.5,20,20,0,0,0,0,0
0.4,0.55,0.5,20,20,8,8,0,8,1
0.45,0.55,0.5,20,20,37,32,5,8,0.216216216216216
0.35,0.4,0.55,20,20,0,0,0,0,0
0.4,0.4,0.55,20,20,0,0,0,0,0
0.45,0.4,0.55,20,20,0,0,0,0,0
0.35,0.45,0.55,20,20,0,0,0,0,0
0.4,0.45,0.55,20,20,8,8,0,8,1
0.45,0.45,0.55,20,20,12,9,3,8,0.666666666666667
0.35,0.5,0.55,20,20,0,0,0,0,0
0.4,0.5,0.55,20,20,8,8,0,8,1
0.45,0.5,0.55,20,20,37,32,5,8,0.216216216216216
0.35,0.55,0.55,20,20,0,0,0,0,0
0.4,0.55,0.55,20,20,8,8,0,8,1
0.45,0.55,0.55,20,20,37,32,5,8,0.216216216216216
0.35,0.4,0.6,20,20,0,0,0,0,0
0.4,0.4,0.6,20,20,0,0,0,0,0
0.45,0.4,0.6,20,20,0,0,0,0,0
0.35,0.45,0.6,20,20,0,0,0,0,0
0.4,0.45,0.6,20,20,8,8,0,8,1
0.45,0.45,0.6,20,20,12,9,3,8,0.666666666666667
0.35,0.5,0.6,20,20,0,0,0,0,0
0.4,0.5,0.6,20,20,8,8,0,8,1
0.45,0.5,0.6,20,20,41,36,5,8,0.195121951219512
0.35,0.55,0.6,20,20,0,0,0,0,0
0.4,0.55,0.6,20,20,8,8,0,8,1
0.45,0.55,0.6,20,20,41,36,5,8,0.195121951219512
0.35,0.4,0.45,5,30,0,0,0,0,0
0.4,0.4,0.45,5,30,0,0,0,0,0
0.45,0.4,0.45,5,30,0,0,0,0,0
0.35,0.45,0.45,5,30,0,0,0,0,0
0.4,0.45,0.45,5,30,7,7,0,7,0.875
0.45,0.45,0.45,5,30,11,9,2,7,0.583333333333333
0.35,0.5,0.45,5,30,0,0,0,0,0
0.4,0.5,0.45,5,30,7,7,0,7,0.875
0.45,0.5,0.45,5,30,26,24,2,7,0.259259259259259
0.35,0.55,0.45,5,30,0,0,0,0,0
0.4,0.55,0.45,5,30,7,7,0,7,0.875
0.45,0.55,0.45,5,30,26,24,2,7,0.259259259259259
0.35,0.4,0.5,5,30,0,0,0,0,0
0.4,0.4,0.5,5,30,0,0,0,0,0
0.45,0.4,0.5,5,30,0,0,0,0,0
0.35,0.45,0.5,5,30,0,0,0,0,0
0.4,0.45,0.5,5,30,7,7,0,7,0.875
0.45,0.45,0.5,5,30,11,9,2,7,0.583333333333333
0.35,0.5,0.5,5,30,0,0,0,0,0
0.4,0.5,0.5,5,30,7,7,0,7,0.875
0.45,0.5,0.5,5,30,29,27,2,7,0.233333333333333
0.35,0.55,0.5,5,30,0,0,0,0,0
0.4,0.55,0.5,5,30,7,7,0,7,0.875
0.45,0.55,0.5,5,30,29,27,2,7,0.233333333333333
0.35,0.4,0.55,5,30,0,0,0,0,0
0.4,0.4,0.55,5,30,0,0,0,0,0
0.45,0.4,0.55,5,30,0,0,0,0,0
0.35,0.45,0.55,5,30,0,0,0,0,0
0.4,0.45,0.55,5,30,7,7,0,7,0.875
0.45,0.45,0.55,5,30,11,9,2,7,0.583333333333333
0.35,0.5,0.55,5,30,0,0,0,0,0
0.4,0.5,0.55,5,30,7,7,0,7,0.875
0.45,0.5,0.55,5,30,29,27,2,7,0.233333333333333
0.35,0.55,0.55,5,30,0,0,0,0,0
0.4,0.55,0.55,5,30,7,7,0,7,0.875
0.45,0.55,0.55,5,30,29,27,2,7,0.233333333333333
0.35,0.4,0.6,5,30,0,0,0,0,0
0.4,0.4,0.6,5,30,0,0,0,0,0
0.45,0.4,0.6,5,30,0,0,0,0,0
0.35,0.45,0.6,5,30,0,0,0,0,0
0.4,0.45,0.6,5,30,7,7,0,7,0.875
0.45,0.45,0.6,5,30,11,9,2,7,0.583333333333333
0.35,0.5,0.6,5,30,0,0,0,0,0
0.4,0.5,0.6,5,30,7,7,0,7,0.875
0.45,0.5,0.6,5,30,30,28,2,7,0.225806451612903
0.35,0.55,0.6,5,30,0,0,0,0,0
0.4,0.55,0.6,5,30,7,7,0,7,0.875
0.45,0.55,0.6,5,30,30,28,2,7,0.225806451612903
0.35,0.4,0.45,10,30,0,0,0,0,0
0.4,0.4,0.45,10,30,0,0,0,0,0
0.45,0.4,0.45,10,30,0,0,0,0,0
0.35,0.45,0.45,10,30,0,0,0,0,0
0.4,0.45,0.45,10,30,8,8,0,8,1
0.45,0.45,0.45,10,30,15,12,3,8,0.533333333333333
0.35,0.5,0.45,10,30,0,0,0,0,0
0.4,0.5,0.45,10,30,8,8,0,8,1
0.45,0.5,0.45,10,30,36,32,4,8,0.222222222222222
0.35,0.55,0.45,10,30,0,0,0,0,0
0.4,0.55,0.45,10,30,8,8,0,8,1
0.45,0.55,0.45,10,30,36,32,4,8,0.222222222222222
0.35,0.4,0.5,10,30,0,0,0,0,0
0.4,0.4,0.5,10,30,0,0,0,0,0
0.45,0.4,0.5,10,30,0,0,0,0,0
0.35,0.45,0.5,10,30,0,0,0,0,0
0.4,0.45,0.5,10,30,8,8,0,8,1
0.45,0.45,0.5,10,30,15,12,3,8,0.533333333333333
0.35,0.5,0.5,10,30,0,0,0,0,0
0.4,0.5,0.5,10,30,8,8,0,8,1
0.45,0.5,0.5,10,30,41,36,5,8,0.195121951219512
0.35,0.55,0.5,10,30,0,0,0,0,0
0.4,0.55,0.5,10,30,8,8,0,8,1
0.45,0.55,0.5,10,30,41,36,5,8,0.195121951219512
0.35,0.4,0.55,10,30,0,0,0,0,0
0.4,0.4,0.55,10,30,0,0,0,0,0
0.45,0.4,0.55,10,30,0,0,0,0,0
0.35,0.45,0.55,10,30,0,0,0,0,0
0.4,0.45,0.55,10,30,8,8,0,8,1
0.45,0.45,0.55,10,30,15,12,3,8,0.533333333333333
0.35,0.5,0.55,10,30,0,0,0,0,0
0.4,0.5,0.55,10,30,8,8,0,8,1
0.45,0.5,0.55,10,30,41,36,5,8,0.195121951219512
0.35,0.55,0.55,10,30,0,0,0,0,0
0.4,0.55,0.55,10,30,8,8,0,8,1
0.45,0.55,0.55,10,30,41,36,5,8,0.195121951219512
0.35,0.4,0.6,10,30,0,0,0,0,0
0.4,0.4,0.6,10,30,0,0,0,0,0
0.45,0.4,0.6,10,30,0,0,0,0,0
0.35,0.45,0.6,10,30,0,0,0,0,0
0.4,0.45,0.6,10,30,8,8,0,8,1
0.45,0.45,0.6,10,30,15,12,3,8,0.533333333333333
0.35,0.5,0.6,10,30,0,0,0,0,0
0.4,0.5,0.6,10,30,8,8,0,8,1
0.45,0.5,0.6,10,30,45,40,5,8,0.177777777777778
0.35,0.55,0.6,10,30,0,0,0,0,0
0.4,0.55,0.6,10,30,8,8,0,8,1
0.45,0.55,0.6,10,30,45,40,5,8,0.177777777777778
0.35,0.4,0.45,15,30,0,0,0,0,0
0.4,0.4,0.45,15,30,0,0,0,0,0
0.45,0.4,0.45,15,30,0,0,0,0,0
0.35,0.45,0.45,15,30,0,0,0,0,0
0.4,0.45,0.45,15,30,8,8,0,8,1
0.45,0.45,0.45,15,30,16,13,3,8,0.5
0.35,0.5,0.45,15,30,0,0,0,0,0
0.4,0.5,0.45,15,30,8,8,0,8,1
0.45,0.5,0.45,15,30,37,33,4,8,0.216216216216216
0.35,0.55,0.45,15,30,0,0,0,0,0
0.4,0.55,0.45,15,30,8,8,0,8,1
0.45,0.55,0.45,15,30,37,33,4,8,0.216216216216216
0.35,0.4,0.5,15,30,0,0,0,0,0
0.4,0.4,0.5,15,30,0,0,0,0,0
0.45,0.4,0.5,15,30,0,0,0,0,0
0.35,0.45,0.5,15,30,0,0,0,0,0
0.4,0.45,0.5,15,30,8,8,0,8,1
0.45,0.45,0.5,15,30,16,13,3,8,0.5
0.35,0.5,0.5,15,30,0,0,0,0,0
0.4,0.5,0.5,15,30,8,8,0,8,1
0.45,0.5,0.5,15,30,42,37,5,8,0.19047619047619
0.35,0.55,0.5,15,30,0,0,0,0,0
0.4,0.55,0.5,15,30,8,8,0,8,1
0.45,0.55,0.5,15,30,42,37,5,8,0.19047619047619
0.35,0.4,0.55,15,30,0,0,0,0,0
0.4,0.4,0.55,15,30,0,0,0,0,0
0.45,0.4,0.55,15,30,0,0,0,0,0
0.35,0.45,0.55,15,30,0,0,0,0,0
0.4,0.45,0.55,15,30,8,8,0,8,1
0.45,0.45,0.55,15,30,16,13,3,8,0.5
0.35,0.5,0.55,15,30,0,0,0,0,0
0.4,0.5,0.55,15,30,8,8,0,8,1
0.45,0.5,0.55,15,30,42,37,5,8,0.19047619047619
0.35,0.55,0.55,15,30,0,0,0,0,0
0.4,0.55,0.55,15,30,8,8,0,8,1
0.45,0.55,0.55,15,30,42,37,5,8,0.19047619047619
0.35,0.4,0.6,15,30,0,0,0,0,0
0.4,0.4,0.6,15,30,0,0,0,0,0
0.45,0.4,0.6,15,30,0,0,0,0,0
0.35,0.45,0.6,15,30,0,0,0,0,0
0.4,0.45,0.6,15,30,8,8,0,8,1
0.45,0.45,0.6,15,30,16,13,3,8,0.5
0.35,0.5,0.6,15,30,0,0,0,0,0
0.4,0.5,0.6,15,30,8,8,0,8,1
0.45,0.5,0.6,15,30,46,41,5,8,0.173913043478261
0.35,0.55,0.6,15,30,0,0,0,0,0
0.4,0.55,0.6,15,30,8,8,0,8,1
0.45,0.55,0.6,15,30,46,41,5,8,0.173913043478261
0.35,0.4,0.45,20,30,0,0,0,0,0
0.4,0.4,0.45,20,30,0,0,0,0,0
0.45,0.4,0.45,20,30,0,0,0,0,0
0.35,0.45,0.45,20,30,0,0,0,0,0
0.4,0.45,0.45,20,30,8,8,0,8,1
0.45,0.45,0.45,20,30,16,13,3,8,0.5
0.35,0.5,0.45,20,30,0,0,0,0,0
0.4,0.5,0.45,20,30,8,8,0,8,1
0.45,0.5,0.45,20,30,37,33,4,8,0.216216216216216
0.35,0.55,0.45,20,30,0,0,0,0,0
0.4,0.55,0.45,20,30,8,8,0,8,1
0.45,0.55,0.45,20,30,37,33,4,8,0.216216216216216
0.35,0.4,0.5,20,30,0,0,0,0,0
0.4,0.4,0.5,20,30,0,0,0,0,0
0.45,0.4,0.5,20,30,0,0,0,0,0
0.35,0.45,0.5,20,30,0,0,0,0,0
0.4,0.45,0.5,20,30,8,8,0,8,1
0.45,0.45,0.5,20,30,16,13,3,8,0.5
0.35,0.5,0.5,20,30,0,0,0,0,0
0.4,0.5,0.5,20,30,8,8,0,8,1
0.45,0.5,0.5,20,30,42,37,5,8,0.19047619047619
0.35,0.55,0.5,20,30,0,0,0,0,0
0.4,0.55,0.5,20,30,8,8,0,8,1
0.45,0.55,0.5,20,30,42,37,5,8,0.19047619047619
0.35,0.4,0.55,20,30,0,0,0,0,0
0.4,0.4,0.55,20,30,0,0,0,0,0
0.45,0.4,0.55,20,30,0,0,0,0,0
0.35,0.45,0.55,20,30,0,0,0,0,0
0.4,0.45,0.55,20,30,8,8,0,8,1
0.45,0.45,0.55,20,30,16,13,3,8,0.5
0.35,0.5,0.55,20,30,0,0,0,0,0
0.4,0.5,0.55,20,30,8,8,0,8,1
0.45,0.5,0.55,20,30,42,37,5,8,0.19047619047619
0.35,0.55,0.55,20,30,0,0,0,0,0
0.4,0.55,0.55,20,30,8,8,0,8,1
0.45,0.55,0.55,20,30,42,37,5,8,0.19047619047619
0.35,0.4,0.6,20,30,0,0,0,0,0
0.4,0.4,0.6,20,30,0,0,0,0,0
0.45,0.4,0.6,20,30,0,0,0,0,0
0.35,0.45,0.6,20,30,0,0,0,0,0
0.4,0.45,0.6,20,30,8,8,0,8,1
0.45,0.45,0.6,20,30,16,13,3,8,0.5
0.35,0.5,0.6,20,30,0,0,0,0,0
0.4,0.5,0.6,20,30,8,8,0,8,1
0.45,0.5,0.6,20,30,46,41,5,8,0.173913043478261
0.35,0.55,0.6,20,30,0,0,0,0,0
0.4,0.55,0.6,20,30,8,8,0,8,1
0.45,0.55,0.6,20,30,46,41,5,8,0.173913043478261
0.35,0.4,0.45,5,50,0,0,0,0,0
0.4,0.4,0.45,5,50,0,0,0,0,0
0.45,0.4,0.45,5,50,0,0,0,0,0
0.35,0.45,0.45,5,50,0,0,0,0,0
0.4,0.45,0.45,5,50,9,9,0,7,0.7
0.45,0.45,0.45,5,50,13,11,2,7,0.5
0.35,0.5,0.45,5,50,0,0,0,0,0
0.4,0.5,0.45,5,50,9,9,0,7,0.7
0.45,0.5,0.45,5,50,28,26,2,7,0.241379310344828
0.35,0.55,0.45,5,50,0,0,0,0,0
0.4,0.55,0.45,5,50,9,9,0,7,0.7
0.45,0.55,0.45,5,50,28,26,2,7,0.241379310344828
0.35,0.4,0.5,5,50,0,0,0,0,0
0.4,0.4,0.5,5,50,0,0,0,0,0
0.45,0.4,0.5,5,50,0,0,0,0,0
0.35,0.45,0.5,5,50,0,0,0,0,0
0.4,0.45,0.5,5,50,9,9,0,7,0.7
0.45,0.45,0.5,5,50,13,11,2,7,0.5
0.35,0.5,0.5,5,50,0,0,0,0,0
0.4,0.5,0.5,5,50,9,9,0,7,0.7
0.45,0.5,0.5,5,50,31,29,2,7,0.21875
0.35,0.55,0.5,5,50,0,0,0,0,0
0.4,0.55,0.5,5,50,9,9,0,7,0.7
0.45,0.55,0.5,5,50,31,29,2,7,0.21875
0.35,0.4,0.55,5,50,0,0,0,0,0
0.4,0.4,0.55,5,50,0,0,0,0,0
0.45,0.4,0.55,5,50,0,0,0,0,0
0.35,0.45,0.55,5,50,0,0,0,0,0
0.4,0.45,0.55,5,50,9,9,0,7,0.7
0.45,0.45,0.55,5,50,13,11,2,7,0.5
0.35,0.5,0.55,5,50,0,0,0,0,0
0.4,0.5,0.55,5,50,9,9,0,7,0.7
0.45,0.5,0.55,5,50,31,29,2,7,0.21875
0.35,0.55,0.55,5,50,0,0,0,0,0
0.4,0.55,0.55,5,50,9,9,0,7,0.7
0.45,0.55,0.55,5,50,31,29,2,7,0.21875
0.35,0.4,0.6,5,50,0,0,0,0,0
0.4,0.4,0.6,5,50,0,0,0,0,0
0.45,0.4,0.6,5,50,0,0,0,0,0
0.35,0.45,0.6,5,50,0,0,0,0,0
0.4,0.45,0.6,5,50,9,9,0,7,0.7
0.45,0.45,0.6,5,50,13,11,2,7,0.5
0.35,0.5,0.6,5,50,0,0,0,0,0
0.4,0.5,0.6,5,50,9,9,0,7,0.7
0.45,0.5,0.6,5,50,32,30,2,7,0.212121212121212
0.35,0.55,0.6,5,50,0,0,0,0,0
0.4,0.55,0.6,5,50,9,9,0,7,0.7
0.45,0.55,0.6,5,50,32,30,2,7,0.212121212121212
0.35,0.4,0.45,10,50,0,0,0,0,0
0.4,0.4,0.45,10,50,0,0,0,0,0
0.45,0.4,0.45,10,50,0,0,0,0,0
0.35,0.45,0.45,10,50,0,0,0,0,0
0.4,0.45,0.45,10,50,10,10,0,8,0.8
0.45,0.45,0.45,10,50,19,15,4,8,0.421052631578947
0.35,0.5,0.45,10,50,0,0,0,0,0
0.4,0.5,0.45,10,50,10,10,0,8,0.8
0.45,0.5,0.45,10,50,40,35,5,8,0.2
0.35,0.55,0.45,10,50,0,0,0,0,0
0.4,0.55,0.45,10,50,10,10,0,8,0.8
0.45,0.55,0.45,10,50,40,35,5,8,0.2
0.35,0.4,0.5,10,50,0,0,0,0,0
0.4,0.4,0.5,10,50,0,0,0,0,0
0.45,0.4,0.5,10,50,0,0,0,0,0
0.35,0.45,0.5,10,50,0,0,0,0,0
0.4,0.45,0.5,10,50,10,10,0,8,0.8
0.45,0.45,0.5,10,50,19,15,4,8,0.421052631578947
0.35,0.5,0.5,10,50,0,0,0,0,0
0.4,0.5,0.5,10,50,10,10,0,8,0.8
0.45,0.5,0.5,10,50,46,40,6,8,0.173913043478261
0.35,0.55,0.5,10,50,0,0,0,0,0
0.4,0.55,0.5,10,50,10,10,0,8,0.8
0.45,0.55,0.5,10,50,46,40,6,8,0.173913043478261
0.35,0.4,0.55,10,50,0,0,0,0,0
0.4,0.4,0.55,10,50,0,0,0,0,0
0.45,0.4,0.55,10,50,0,0,0,0,0
0.35,0.45,0.55,10,50,0,0,0,0,0
0.4,0.45,0.55,10,50,10,10,0,8,0.8
0.45,0.45,0.55,10,50,19,15,4,8,0.421052631578947
0.35,0.5,0.55,10,50,0,0,0,0,0
0.4,0.5,0.55,10,50,10,10,0,8,0.8
0.45,0.5,0.55,10,50,46,40,6,8,0.173913043478261
0.35,0.55,0.55,10,50,0,0,0,0,0
0.4,0.55,0.55,10,50,10,10,0,8,0.8
0.45,0.55,0.55,10,50,46,40,6,8,0.173913043478261
0.35,0.4,0.6,10,50,0,0,0,0,0
0.4,0.4,0.6,10,50,0,0,0,0,0
0.45,0.4,0.6,10,50,0,0,0,0,0
0.35,0.45,0.6,10,50,0,0,0,0,0
0.4,0.45,0.6,10,50,10,10,0,8,0.8
0.45,0.45,0.6,10,50,19,15,4,8,0.421052631578947
0.35,0.5,0.6,10,50,0,0,0,0,0
0.4,0.5,0.6,10,50,10,10,0,8,0.8
0.45,0.5,0.6,10,50,50,44,6,8,0.16
0.35,0.55,0.6,10,50,0,0,0,0,0
0.4,0.55,0.6,10,50,10,10,0,8,0.8
0.45,0.55,0.6,10,50,50,44,6,8,0.16
0.35,0.4,0.45,15,50,0,0,0,0,0
0.4,0.4,0.45,15,50,0,0,0,0,0
0.45,0.4,0.45,15,50,0,0,0,0,0
0.35,0.45,0.45,15,50,0,0,0,0,0
0.4,0.45,0.45,15,50,10,10,0,8,0.8
0.45,0.45,0.45,15,50,20,16,4,8,0.4
0.35,0.5,0.45,15,50,0,0,0,0,0
0.4,0.5,0.45,15,50,10,10,0,8,0.8
0.45,0.5,0.45,15,50,41,36,5,8,0.195121951219512
0.35,0.55,0.45,15,50,0,0,0,0,0
0.4,0.55,0.45,15,50,10,10,0,8,0.8
0.45,0.55,0.45,15,50,41,36,5,8,0.195121951219512
0.35,0.4,0.5,15,50,0,0,0,0,0
0.4,0.4,0.5,15,50,0,0,0,0,0
0.45,0.4,0.5,15,50,0,0,0,0,0
0.35,0.45,0.5,15,50,0,0,0,0,0
0.4,0.45,0.5,15,50,10,10,0,8,0.8
0.45,0.45,0.5,15,50,20,16,4,8,0.4
0.35,0.5,0.5,15,50,0,0,0,0,0
0.4,0.5,0.5,15,50,10,10,0,8,0.8
0.45,0.5,0.5,15,50,48,42,6,8,0.166666666666667
0.35,0.55,0.5,15,50,0,0,0,0,0
0.4,0.55,0.5,15,50,10,10,0,8,0.8
0.45,0.55,0.5,15,50,48,42,6,8,0.166666666666667
0.35,0.4,0.55,15,50,0,0,0,0,0
0.4,0.4,0.55,15,50,0,0,0,0,0
0.45,0.4,0.55,15,50,0,0,0,0,0
0.35,0.45,0.55,15,50,0,0,0,0,0
0.4,0.45,0.55,15,50,10,10,0,8,0.8
0.45,0.45,0.55,15,50,20,16,4,8,0.4
0.35,0.5,0.55,15,50,0,0,0,0,0
0.4,0.5,0.55,15,50,10,10,0,8,0.8
0.45,0.5,0.55,15,50,48,42,6,8,0.166666666666667
0.35,0.55,0.55,15,50,0,0,0,0,0
0.4,0.55,0.55,15,50,10,10,0,8,0.8
0.45,0.55,0.55,15,50,48,42,6,8,0.166666666666667
0.35,0.4,0.6,15,50,0,0,0,0,0
0.4,0.4,0.6,15,50,0,0,0,0,0
0.45,0.4,0.6,15,50,0,0,0,0,0
0.35,0.45,0.6,15,50,0,0,0,0,0
0.4,0.45,0.6,15,50,10,10,0,8,0.8
0.45,0.45,0.6,15,50,20,16,4,8,0.4
0.35,0.5,0.6,15,50,0,0,0,0,0
0.4,0.5,0.6,15,50,10,10,0,8,0.8
0.45,0.5,0.6,15,50,52,46,6,8,0.153846153846154
0.35,0.55,0.6,15,50,0,0,0,0,0
0.4,0.55,0.6,15,50,10,10,0,8,0.8
0.45,0.55,0.6,15,50,52,46,6,8,0.153846153846154
0.35,0.4,0.45,20,50,0,0,0,0,0
0.4,0.4,0.45,20,50,0,0,0,0,0
0.45,0.4,0.45,20,50,0,0,0,0,0
0.35,0.45,0.45,20,50,0,0,0,0,0
0.4,0.45,0.45,20,50,11,11,0,8,0.727272727272727
0.45,0.45,0.45,20,50,21,17,4,8,0.380952380952381
0.35,0.5,0.45,20,50,0,0,0,0,0
0.4,0.5,0.45,20,50,11,11,0,8,0.727272727272727
0.45,0.5,0.45,20,50,42,37,5,8,0.19047619047619
0.35,0.55,0.45,20,50,0,0,0,0,0
0.4,0.55,0.45,20,50,11,11,0,8,0.727272727272727
0.45,0.55,0.45,20,50,42,37,5,8,0.19047619047619
0.35,0.4,0.5,20,50,0,0,0,0,0
0.4,0.4,0.5,20,50,0,0,0,0,0
0.45,0.4,0.5,20,50,0,0,0,0,0
0.35,0.45,0.5,20,50,0,0,0,0,0
0.4,0.45,0.5,20,50,11,11,0,8,0.727272727272727
0.45,0.45,0.5,20,50,21,17,4,8,0.380952380952381
0.35,0.5,0.5,20,50,0,0,0,0,0
0.4,0.5,0.5,20,50,11,11,0,8,0.727272727272727
0.45,0.5,0.5,20,50,49,43,6,8,0.163265306122449
0.35,0.55,0.5,20,50,0,0,0,0,0
0.4,0.55,0.5,20,50,11,11,0,8,0.727272727272727
0.45,0.55,0.5,20,50,49,43,6,8,0.163265306122449
0.35,0.4,0.55,20,50,0,0,0,0,0
0.4,0.4,0.55,20,50,0,0,0,0,0
0.45,0.4,0.55,20,50,0,0,0,0,0
0.35,0.45,0.55,20,50,0,0,0,0,0
0.4,0.45,0.55,20,50,11,11,0,8,0.727272727272727
0.45,0.45,0.55,20,50,21,17,4,8,0.380952380952381
0.35,0.5,0.55,20,50,0,0,0,0,0
0.4,0.5,0.55,20,50,11,11,0,8,0.727272727272727
0.45,0.5,0.55,20,50,49,43,6,8,0.163265306122449
0.35,0.55,0.55,20,50,0,0,0,0,0
0.4,0.55,0.55,20,50,11,11,0,8,0.727272727272727
0.45,0.55,0.55,20,50,49,43,6,8,0.163265306122449
0.35,0.4,0.6,20,50,0,0,0,0,0
0.4,0.4,0.6,20,50,0,0,0,0,0
0.45,0.4,0.6,20,50,0,0,0,0,0
0.35,0.45,0.6,20,50,0,0,0,0,0
0.4,0.45,0.6,20,50,11,11,0,8,0.727272727272727
0.45,0.45,0.6,20,50,21,17,4,8,0.380952380952381
0.35,0.5,0.6,20,50,0,0,0,0,0
0.4,0.5,0.6,20,50,11,11,0,8,0.727272727272727
0.45,0.5,0.6,20,50,53,47,6,8,0.150943396226415
0.35,0.55,0.6,20,50,0,0,0,0,0
0.4,0.55,0.6,20,50,11,11,0,8,0.727272727272727
0.45,0.55,0.6,20,50,53,47,6,8,0.150943396226415
