"GID","Cross","Sel_Hist","portfolio_role","recommended_use","risk_flag","n_observations","n_years","n_locations","first_year","last_year","median_disease","q90_disease","worst_disease","median_percentile","q75_percentile","n_strata","median_delta","median_delta_ci_low","median_delta_ci_high","pct_strict_advantage","later_years","later_pass_fraction","later_median_percentile","later_q90_disease_max","at_least_moderate_fraction","n_environments","adjusted_effect","adjusted_effect_ci_low","adjusted_effect_ci_high","pressure_sensitivity","sensitivity_ci_low","sensitivity_ci_high","sensitivity_class","failure_fraction","vulnerable_strata","observed_location_sowing_strata","worst_location_sowing","worst_environment"
6341870,"MUCUY","CMSS07Y01083T-099TOPM-099Y-099M-099Y-40M-0WGY","long_term_anchor","temporal calibration anchor","no major historical risk flag",39,5,3,2018,2022,0,10,45.40816327,0.410472972972973,0.443181818181818,39,-68.58974359,-77.91,-60,100,4,0.75,0.408519096308548,27.622448981,1,39,-0.0912280701754386,-0.106761565836299,-0.0738831615120275,-0.0434759021057369,-0.11277509045529,0.0676522408530473,"pressure_stable",0.128205128205128,1,6,"Jashore | 1st","53IBWSN::Jashore_2021_1st_sowing"
7398245,"NADI/COPIO//NADI#2","CMSS11B00910T-099TOPY-099M-099NJ-099NJ-37WGY-0B","long_term_anchor","temporal calibration anchor","targeted stress testing recommended",20,5,3,2018,2024,0,16.067,25.14,0.441755545250792,0.479525862068966,20,-68.02,-77.23,-52.92346154,100,4,1,0.42246227966765,17.598,0.8,20,-0.0609783677482792,-0.100011480909798,-0.0292207792207792,,,,"insufficient_pressure_range",0.2,2,6,"Quirusillas | 2nd","50IBWSN::Quirusillas_2019_2nd_sowing"
7630418,"NADI//TRCH/HUIRIVIS #1/3/NADI","CMSS12Y00880T-099TOPM-099Y-099M-0SY-17M-0WGY","intermediate_candidate","multi-environment resistance candidate","targeted stress testing recommended",15,3,3,2019,2022,0,0,4.02,0.400332225913621,0.414961454884106,15,-76.69,-81.76,-39.415,100,2,1,0.374058514030612,0,0.666666666666667,15,-0.101724137931034,-0.152920962199313,-0.0893470790378007,,,,"insufficient_pressure_range",0.0666666666666667,1,6,"Okinawa | 1st","51IBWSN::Okinawa_2019_1st_sowing"
6176368,"KUTZ","CMSS06Y00946T-099TOPM-099Y-099ZTM-099Y-099M-8WGY-0B","intermediate_candidate","multi-environment resistance candidate","targeted stress testing recommended",22,3,3,2018,2020,0,4.28400000000001,10,0.401920498921723,0.423139595677937,22,-68.085,-79.76,-49.135,100,2,1,0.40617729563068,9.476,1,22,-0.100369694939645,-0.115235029215825,-0.0824742268041237,0.100677371297979,0.0481633100160833,0.190797219035943,"advantage_erodes_under_pressure",0.0909090909090909,0,6,"Jashore | 1st","51IBWSN::Jashore_2019_1st_sowing"
7694609,"KACHU #1","CMSS97M03912T-040Y-020Y-030M-020Y-040M-4Y-2M-0Y-082Y","intermediate_candidate","multi-environment resistance candidate","targeted stress testing recommended",22,3,3,2018,2020,0,7.62900000000001,10.81,0.401920498921723,0.426324503311258,22,-68.02,-76.636375,-48.792625,100,2,1,0.40617729563068,9.8,1,22,-0.100369694939645,-0.118556701030928,-0.0825556158437331,-0.152012588747777,-0.217677180698004,-0.112245102162759,"advantage_strengthens_under_pressure",0.181818181818182,1,6,"Okinawa | 1st","51IBWSN::Okinawa_2019_1st_sowing"
8048669,"BORL14//BECARD/QUAIU #1","CMSS12Y00070S-099Y-099M-099NJ-099NJ-21Y-0WGY","intermediate_candidate","multi-environment resistance candidate","no major historical risk flag",21,4,3,2020,2024,0,5.238095238,7.619047619,0.444055944055944,0.451048951048951,21,-65.31,-75.34246575,-50,95.2380952380952,3,1,0.444078947368421,6.5873015875,1,21,-0.0569395017793594,-0.079295154185022,-0.0498220640569395,-0.0628339504059262,-0.0985765768225046,0.00546971921402118,"pressure_stable",0.0476190476190476,0,6,"Okinawa | 1st","55IBWSN::Jashore_2023_2nd_sowing"
8048389,"KACHU #1//WBLL1*2/KUKUNA/3/BRBT1*2/KIRITATI/6/ROLF07*2/5/REH/HARE//2*BCN/3/CROC_1/AE.SQUARROSA (213)//PGO/4/HUITES/7/BORL14","CMSS12B01029T-099TOPY-099M-099NJ-099NJ-20Y-0WGY","intermediate_candidate","multi-environment resistance candidate","targeted stress testing recommended",16,3,3,2020,2023,0,9.21,10,0.44493006993007,0.451048951048951,16,-72.17177699,-90,-62.435,100,2,1,0.44573912774895,10,0.666666666666667,16,-0.0561246181463169,-0.0622222222222222,-0.0498220640569395,0.0234880673690175,0.00245085470524588,0.0589317142879171,"advantage_erodes_under_pressure",0.125,0,6,"Jashore | 1st","52IBWSN::Jashore_2021_1st_sowing"
7462304,"KACHU #1/YUNMAI 47//KACHU/4/MUU #1//PBW343*2/KUKUNA/3/MUU/5/KUTZ","CMSS11B00787T-099TOPY-099M-099NJ-099NJ-10WGY-0B","provisional_strong_unique_pedigree","confirmation candidate with short evidence duration","no major historical risk flag",18,2,3,2019,2020,0,0.846000000000002,10,0.383532857870606,0.408848107213173,18,-59.4825,-76.69,-39.415,100,1,1,0.414132653061224,1.41,,18,-0.122852233676976,-0.154639175257732,-0.0964761040532365,-0.0306579230417504,-0.0994195382945866,-0.0196833690844862,"advantage_strengthens_under_pressure",0.0555555555555556,1,6,"Quirusillas | 1st","51IBWSN::Quirusillas_2020_1st_sowing"
7627645,"ATTILA/3*BCN//BAV92/3/TILHI/4/SUP152/5/SUP152/6/KFA/2*KACHU/7/ATTILA/3*BCN//BAV92/3/PASTOR/4/TACUPETO F2001*2/BRAMBLING/5/PAURAQ","CMSS12B00841T-099TOPY-099M-0SY-8M-0WGY","provisional_strong_unique_pedigree","confirmation candidate with short evidence duration","no major historical risk flag",18,2,3,2019,2020,0,0,0,0.383532857870606,0.408848107213173,18,-62.74,-76.731375,-38.05,100,1,1,0.414132653061224,0,,18,-0.122852233676976,-0.156357388316151,-0.0954422137818774,-0.0465182507974783,-0.0769817843133825,-0.0412593766238777,"advantage_strengthens_under_pressure",0,0,6,"Quirusillas | 1st","10HLBSN::Okinawa_2019_2nd_sowing"
7629600,"BECARD/AKURI/3/KACHU//WBLL1*2/BRAMBLING/4/MUTUS/AKURI","CMSS12Y00720T-099TOPM-099Y-099M-0SY-21M-0WGY","provisional_strong_unique_pedigree","confirmation candidate with short evidence duration","no major historical risk flag",18,2,3,2019,2020,0,0,10,0.383532857870606,0.408848107213173,18,-60.8925,-78.345,-38.05,100,1,1,0.414132653061224,0,,18,-0.122852233676976,-0.152920962199313,-0.0964761040532365,-0.0256831894789721,-0.0771726072193948,-0.0193585707341252,"advantage_strengthens_under_pressure",0,0,6,"Quirusillas | 1st","10HLBSN::Okinawa_2019_2nd_sowing"
7624738,"PAURAQ/MUCUY","CMSS12B00023S-099M-0SY-1M-0WGY","provisional_strong_unique_pedigree","confirmation candidate with short evidence duration","no major historical risk flag",18,2,3,2019,2020,0,0,10,0.392473805264503,0.413048706819402,18,-59.255,-78.345,-38.05,100,1,1,0.414132653061224,0,,18,-0.117788988813336,-0.145609417269869,-0.0902875746066197,-0.0317901295714871,-0.0476425001703083,0.0731304021429013,"pressure_stable",0.0555555555555556,0,6,"Jashore | 2nd","10HLBSN::Jashore_2019_2nd_sowing"
7626498,"SAUAL/YANAC//SAUAL/3/2*KUTZ","CMSS12B00649T-099TOPY-099M-0SY-22M-0WGY","provisional_strong_unique_pedigree","confirmation candidate with short evidence duration","no major historical risk flag",18,2,3,2019,2020,0,7.697,17.06,0.392473805264503,0.413048706819402,18,-59.255,-78.345,-39.415,100,1,1,0.4175,4.09,,18,-0.122084521459384,-0.154639175257732,-0.0910458491589799,-0.0244286032110196,-0.110591238555276,-0.0090451905023411,"advantage_strengthens_under_pressure",0.111111111111111,1,6,"Quirusillas | 1st","51IBWSN::Jashore_2020_2nd_sowing"
7310617,"ND643/2*TRCH//MUTUS/3/SUP152/4/SUP152*2/TECUE #1","CMSS11B00486S-099M-0SY-27M-0WGY","provisional_strong_unique_pedigree","confirmation candidate with short evidence duration","no major historical risk flag",15,2,3,2018,2019,0,0,4.29,0.392605633802817,0.42796697626419,15,-48.7,-74.7,-36.29,100,1,1,0.390459363957597,0,,15,-0.110507246376812,-0.14,-0.0740072202166065,-0.0739910654415347,-0.116709758232901,-0.046122164261064,"advantage_strengthens_under_pressure",0,0,6,"Quirusillas | 2nd","50IBWSN::Okinawa_2018_1st_sowing"
7400724,"MUNAL #1/7/CNO79//PF70354/MUS/3/PASTOR/4/BAV92/5/FRET2/KUKUNA//FRET2/6/MILAN/KAUZ//PRINIA/3/BAV92","CMSA11Y00449S-099Y-099M-099NJ-099NJ-13WGY-0B","provisional_strong_unique_pedigree","confirmation candidate with short evidence duration","no major historical risk flag",15,2,3,2018,2019,0,0,4.76,0.4,0.434984520123839,15,-47.55,-66.04,-34.89,100,1,1,0.393617021276596,2.856,,15,-0.101083032490975,-0.128158844765343,-0.07,-0.0678352861125018,-0.127832844484489,0.0131542646463882,"pressure_stable",0,0,6,"Quirusillas | 2nd","50IBWSN::Okinawa_2018_1st_sowing"
