"GID","Name_or_cross","Evidence_role","Years","Locations","Median_disease_pct","Disease_q90_pct","Median_difference_from_LOCAL_CHECK","Later_year_pass_fraction","Background_adjusted_rank","Failure_fraction","Risk_flag","Recommended_use"
6341870,"MUCUY","long_term_anchor",5,3,0,10,-68.58974359,0.75,-0.0912280701754386,0.128205128205128,"no major historical risk flag","temporal calibration anchor"
7398245,"NADI/COPIO//NADI#2","long_term_anchor",5,3,0,16.067,-68.02,1,-0.0609783677482792,0.2,"targeted stress testing recommended","temporal calibration anchor"
7630418,"NADI//TRCH/HUIRIVIS #1/3/NADI","intermediate_candidate",3,3,0,0,-76.69,1,-0.101724137931034,0.0666666666666667,"targeted stress testing recommended","multi-environment resistance candidate"
6176368,"KUTZ","intermediate_candidate",3,3,0,4.28400000000001,-68.085,1,-0.100369694939645,0.0909090909090909,"targeted stress testing recommended","multi-environment resistance candidate"
7694609,"KACHU #1","intermediate_candidate",3,3,0,7.62900000000001,-68.02,1,-0.100369694939645,0.181818181818182,"targeted stress testing recommended","multi-environment resistance candidate"
8048669,"BORL14//BECARD/QUAIU #1","intermediate_candidate",4,3,0,5.238095238,-65.31,1,-0.0569395017793594,0.0476190476190476,"no major historical risk flag","multi-environment resistance candidate"
8048389,"KACHU #1//WBLL1*2/KUKUNA/3/BRBT1*2/KIRITATI/6/ROLF07*2/5/REH/HARE//2*BCN/3/CROC_1/AE.SQUARROSA (213)//PGO/4/HUITES/7/BORL14","intermediate_candidate",3,3,0,9.21,-72.17177699,1,-0.0561246181463169,0.125,"targeted stress testing recommended","multi-environment resistance candidate"
7462304,"KACHU #1/YUNMAI 47//KACHU/4/MUU #1//PBW343*2/KUKUNA/3/MUU/5/KUTZ","provisional_strong_unique_pedigree",2,3,0,0.846000000000002,-59.4825,1,-0.122852233676976,0.0555555555555556,"no major historical risk flag","confirmation candidate with short evidence duration"
7627645,"ATTILA/3*BCN//BAV92/3/TILHI/4/SUP152/5/SUP152/6/KFA/2*KACHU/7/ATTILA/3*BCN//BAV92/3/PASTOR/4/TACUPETO F2001*2/BRAMBLING/5/PAURAQ","provisional_strong_unique_pedigree",2,3,0,0,-62.74,1,-0.122852233676976,0,"no major historical risk flag","confirmation candidate with short evidence duration"
7629600,"BECARD/AKURI/3/KACHU//WBLL1*2/BRAMBLING/4/MUTUS/AKURI","provisional_strong_unique_pedigree",2,3,0,0,-60.8925,1,-0.122852233676976,0,"no major historical risk flag","confirmation candidate with short evidence duration"
7624738,"PAURAQ/MUCUY","provisional_strong_unique_pedigree",2,3,0,0,-59.255,1,-0.117788988813336,0.0555555555555556,"no major historical risk flag","confirmation candidate with short evidence duration"
7626498,"SAUAL/YANAC//SAUAL/3/2*KUTZ","provisional_strong_unique_pedigree",2,3,0,7.697,-59.255,1,-0.122084521459384,0.111111111111111,"no major historical risk flag","confirmation candidate with short evidence duration"
7310617,"ND643/2*TRCH//MUTUS/3/SUP152/4/SUP152*2/TECUE #1","provisional_strong_unique_pedigree",2,3,0,0,-48.7,1,-0.110507246376812,0,"no major historical risk flag","confirmation candidate with short evidence duration"
7400724,"MUNAL #1/7/CNO79//PF70354/MUS/3/PASTOR/4/BAV92/5/FRET2/KUKUNA//FRET2/6/MILAN/KAUZ//PRINIA/3/BAV92","provisional_strong_unique_pedigree",2,3,0,0,-47.55,1,-0.101083032490975,0,"no major historical risk flag","confirmation candidate with short evidence duration"
