"grid_id","median_pct","q75_pct","max_year_pct","q90_disease","worst_disease","nominal_pedigree_similarity","strong_gid","strong_or_moderate_gid","priority_gid","final_portfolio_gid"
1,0.35,0.4,0.45,5,10,0.2,0,9,0,0
1,0.35,0.4,0.45,5,10,0.3,0,9,0,0
1,0.35,0.4,0.45,5,10,0.4,0,9,0,0
2,0.4,0.4,0.45,5,10,0.2,0,51,5,5
2,0.4,0.4,0.45,5,10,0.3,0,51,5,5
2,0.4,0.4,0.45,5,10,0.4,0,51,5,5
3,0.45,0.4,0.45,5,10,0.2,0,51,5,5
3,0.45,0.4,0.45,5,10,0.3,0,51,5,5
3,0.45,0.4,0.45,5,10,0.4,0,51,5,5
4,0.35,0.45,0.45,5,10,0.2,0,9,0,0
4,0.35,0.45,0.45,5,10,0.3,0,9,0,0
4,0.35,0.45,0.45,5,10,0.4,0,9,0,0
5,0.4,0.45,0.45,5,10,0.2,6,51,11,11
5,0.4,0.45,0.45,5,10,0.3,6,51,11,11
5,0.4,0.45,0.45,5,10,0.4,6,51,11,11
6,0.45,0.45,0.45,5,10,0.2,8,51,11,11
6,0.45,0.45,0.45,5,10,0.3,8,51,11,11
6,0.45,0.45,0.45,5,10,0.4,8,51,11,11
7,0.35,0.5,0.45,5,10,0.2,0,9,0,0
7,0.35,0.5,0.45,5,10,0.3,0,9,0,0
7,0.35,0.5,0.45,5,10,0.4,0,9,0,0
8,0.4,0.5,0.45,5,10,0.2,6,51,11,11
8,0.4,0.5,0.45,5,10,0.3,6,51,11,11
8,0.4,0.5,0.45,5,10,0.4,6,51,11,11
9,0.45,0.5,0.45,5,10,0.2,22,51,25,15
9,0.45,0.5,0.45,5,10,0.3,22,51,25,20
9,0.45,0.5,0.45,5,10,0.4,22,51,25,21
10,0.35,0.55,0.45,5,10,0.2,0,9,0,0
10,0.35,0.55,0.45,5,10,0.3,0,9,0,0
10,0.35,0.55,0.45,5,10,0.4,0,9,0,0
11,0.4,0.55,0.45,5,10,0.2,6,51,11,11
11,0.4,0.55,0.45,5,10,0.3,6,51,11,11
11,0.4,0.55,0.45,5,10,0.4,6,51,11,11
12,0.45,0.55,0.45,5,10,0.2,22,51,25,15
12,0.45,0.55,0.45,5,10,0.3,22,51,25,20
12,0.45,0.55,0.45,5,10,0.4,22,51,25,21
13,0.35,0.4,0.5,5,10,0.2,0,9,0,0
13,0.35,0.4,0.5,5,10,0.3,0,9,0,0
13,0.35,0.4,0.5,5,10,0.4,0,9,0,0
14,0.4,0.4,0.5,5,10,0.2,0,51,5,5
14,0.4,0.4,0.5,5,10,0.3,0,51,5,5
14,0.4,0.4,0.5,5,10,0.4,0,51,5,5
15,0.45,0.4,0.5,5,10,0.2,0,51,5,5
15,0.45,0.4,0.5,5,10,0.3,0,51,5,5
15,0.45,0.4,0.5,5,10,0.4,0,51,5,5
16,0.35,0.45,0.5,5,10,0.2,0,9,0,0
16,0.35,0.45,0.5,5,10,0.3,0,9,0,0
16,0.35,0.45,0.5,5,10,0.4,0,9,0,0
17,0.4,0.45,0.5,5,10,0.2,6,52,11,11
17,0.4,0.45,0.5,5,10,0.3,6,52,11,11
17,0.4,0.45,0.5,5,10,0.4,6,52,11,11
18,0.45,0.45,0.5,5,10,0.2,8,52,11,11
18,0.45,0.45,0.5,5,10,0.3,8,52,11,11
18,0.45,0.45,0.5,5,10,0.4,8,52,11,11
19,0.35,0.5,0.5,5,10,0.2,0,9,0,0
19,0.35,0.5,0.5,5,10,0.3,0,9,0,0
19,0.35,0.5,0.5,5,10,0.4,0,9,0,0
20,0.4,0.5,0.5,5,10,0.2,6,52,11,11
20,0.4,0.5,0.5,5,10,0.3,6,52,11,11
20,0.4,0.5,0.5,5,10,0.4,6,52,11,11
21,0.45,0.5,0.5,5,10,0.2,25,52,28,16
21,0.45,0.5,0.5,5,10,0.3,25,52,28,21
21,0.45,0.5,0.5,5,10,0.4,25,52,28,22
22,0.35,0.55,0.5,5,10,0.2,0,9,0,0
22,0.35,0.55,0.5,5,10,0.3,0,9,0,0
22,0.35,0.55,0.5,5,10,0.4,0,9,0,0
23,0.4,0.55,0.5,5,10,0.2,6,52,11,11
23,0.4,0.55,0.5,5,10,0.3,6,52,11,11
23,0.4,0.55,0.5,5,10,0.4,6,52,11,11
24,0.45,0.55,0.5,5,10,0.2,25,52,28,16
24,0.45,0.55,0.5,5,10,0.3,25,52,28,21
24,0.45,0.55,0.5,5,10,0.4,25,52,28,22
25,0.35,0.4,0.55,5,10,0.2,0,9,0,0
25,0.35,0.4,0.55,5,10,0.3,0,9,0,0
25,0.35,0.4,0.55,5,10,0.4,0,9,0,0
26,0.4,0.4,0.55,5,10,0.2,0,51,5,5
26,0.4,0.4,0.55,5,10,0.3,0,51,5,5
26,0.4,0.4,0.55,5,10,0.4,0,51,5,5
27,0.45,0.4,0.55,5,10,0.2,0,51,5,5
27,0.45,0.4,0.55,5,10,0.3,0,51,5,5
27,0.45,0.4,0.55,5,10,0.4,0,51,5,5
28,0.35,0.45,0.55,5,10,0.2,0,9,0,0
28,0.35,0.45,0.55,5,10,0.3,0,9,0,0
28,0.35,0.45,0.55,5,10,0.4,0,9,0,0
29,0.4,0.45,0.55,5,10,0.2,6,52,11,11
29,0.4,0.45,0.55,5,10,0.3,6,52,11,11
29,0.4,0.45,0.55,5,10,0.4,6,52,11,11
30,0.45,0.45,0.55,5,10,0.2,8,52,11,11
30,0.45,0.45,0.55,5,10,0.3,8,52,11,11
30,0.45,0.45,0.55,5,10,0.4,8,52,11,11
31,0.35,0.5,0.55,5,10,0.2,0,9,0,0
31,0.35,0.5,0.55,5,10,0.3,0,9,0,0
31,0.35,0.5,0.55,5,10,0.4,0,9,0,0
32,0.4,0.5,0.55,5,10,0.2,6,52,11,11
32,0.4,0.5,0.55,5,10,0.3,6,52,11,11
32,0.4,0.5,0.55,5,10,0.4,6,52,11,11
33,0.45,0.5,0.55,5,10,0.2,25,52,28,16
33,0.45,0.5,0.55,5,10,0.3,25,52,28,21
33,0.45,0.5,0.55,5,10,0.4,25,52,28,22
34,0.35,0.55,0.55,5,10,0.2,0,9,0,0
34,0.35,0.55,0.55,5,10,0.3,0,9,0,0
34,0.35,0.55,0.55,5,10,0.4,0,9,0,0
35,0.4,0.55,0.55,5,10,0.2,6,52,11,11
35,0.4,0.55,0.55,5,10,0.3,6,52,11,11
35,0.4,0.55,0.55,5,10,0.4,6,52,11,11
36,0.45,0.55,0.55,5,10,0.2,25,52,28,16
36,0.45,0.55,0.55,5,10,0.3,25,52,28,21
36,0.45,0.55,0.55,5,10,0.4,25,52,28,22
37,0.35,0.4,0.6,5,10,0.2,0,9,0,0
37,0.35,0.4,0.6,5,10,0.3,0,9,0,0
37,0.35,0.4,0.6,5,10,0.4,0,9,0,0
38,0.4,0.4,0.6,5,10,0.2,0,51,5,5
38,0.4,0.4,0.6,5,10,0.3,0,51,5,5
38,0.4,0.4,0.6,5,10,0.4,0,51,5,5
39,0.45,0.4,0.6,5,10,0.2,0,51,5,5
39,0.45,0.4,0.6,5,10,0.3,0,51,5,5
39,0.45,0.4,0.6,5,10,0.4,0,51,5,5
40,0.35,0.45,0.6,5,10,0.2,0,9,0,0
40,0.35,0.45,0.6,5,10,0.3,0,9,0,0
40,0.35,0.45,0.6,5,10,0.4,0,9,0,0
41,0.4,0.45,0.6,5,10,0.2,6,52,11,11
41,0.4,0.45,0.6,5,10,0.3,6,52,11,11
41,0.4,0.45,0.6,5,10,0.4,6,52,11,11
42,0.45,0.45,0.6,5,10,0.2,8,52,11,11
42,0.45,0.45,0.6,5,10,0.3,8,52,11,11
42,0.45,0.45,0.6,5,10,0.4,8,52,11,11
43,0.35,0.5,0.6,5,10,0.2,0,9,0,0
43,0.35,0.5,0.6,5,10,0.3,0,9,0,0
43,0.35,0.5,0.6,5,10,0.4,0,9,0,0
44,0.4,0.5,0.6,5,10,0.2,6,52,11,11
44,0.4,0.5,0.6,5,10,0.3,6,52,11,11
44,0.4,0.5,0.6,5,10,0.4,6,52,11,11
45,0.45,0.5,0.6,5,10,0.2,26,52,29,16
45,0.45,0.5,0.6,5,10,0.3,26,52,29,21
45,0.45,0.5,0.6,5,10,0.4,26,52,29,23
46,0.35,0.55,0.6,5,10,0.2,0,9,0,0
46,0.35,0.55,0.6,5,10,0.3,0,9,0,0
46,0.35,0.55,0.6,5,10,0.4,0,9,0,0
47,0.4,0.55,0.6,5,10,0.2,6,52,11,11
47,0.4,0.55,0.6,5,10,0.3,6,52,11,11
47,0.4,0.55,0.6,5,10,0.4,6,52,11,11
48,0.45,0.55,0.6,5,10,0.2,26,52,29,16
48,0.45,0.55,0.6,5,10,0.3,26,52,29,21
48,0.45,0.55,0.6,5,10,0.4,26,52,29,23
49,0.35,0.4,0.45,10,10,0.2,0,10,0,0
49,0.35,0.4,0.45,10,10,0.3,0,10,0,0
49,0.35,0.4,0.45,10,10,0.4,0,10,0,0
50,0.4,0.4,0.45,10,10,0.2,0,52,5,5
50,0.4,0.4,0.45,10,10,0.3,0,52,5,5
50,0.4,0.4,0.45,10,10,0.4,0,52,5,5
51,0.45,0.4,0.45,10,10,0.2,0,52,5,5
51,0.45,0.4,0.45,10,10,0.3,0,52,5,5
51,0.45,0.4,0.45,10,10,0.4,0,52,5,5
52,0.35,0.45,0.45,10,10,0.2,0,10,0,0
52,0.35,0.45,0.45,10,10,0.3,0,10,0,0
52,0.35,0.45,0.45,10,10,0.4,0,10,0,0
53,0.4,0.45,0.45,10,10,0.2,6,52,11,11
53,0.4,0.45,0.45,10,10,0.3,6,52,11,11
53,0.4,0.45,0.45,10,10,0.4,6,52,11,11
54,0.45,0.45,0.45,10,10,0.2,8,52,11,11
54,0.45,0.45,0.45,10,10,0.3,8,52,11,11
54,0.45,0.45,0.45,10,10,0.4,8,52,11,11
55,0.35,0.5,0.45,10,10,0.2,0,10,0,0
55,0.35,0.5,0.45,10,10,0.3,0,10,0,0
55,0.35,0.5,0.45,10,10,0.4,0,10,0,0
56,0.4,0.5,0.45,10,10,0.2,6,52,11,11
56,0.4,0.5,0.45,10,10,0.3,6,52,11,11
56,0.4,0.5,0.45,10,10,0.4,6,52,11,11
57,0.45,0.5,0.45,10,10,0.2,25,52,27,16
57,0.45,0.5,0.45,10,10,0.3,25,52,27,21
57,0.45,0.5,0.45,10,10,0.4,25,52,27,22
58,0.35,0.55,0.45,10,10,0.2,0,10,0,0
58,0.35,0.55,0.45,10,10,0.3,0,10,0,0
58,0.35,0.55,0.45,10,10,0.4,0,10,0,0
59,0.4,0.55,0.45,10,10,0.2,6,52,11,11
59,0.4,0.55,0.45,10,10,0.3,6,52,11,11
59,0.4,0.55,0.45,10,10,0.4,6,52,11,11
60,0.45,0.55,0.45,10,10,0.2,25,52,27,16
60,0.45,0.55,0.45,10,10,0.3,25,52,27,21
60,0.45,0.55,0.45,10,10,0.4,25,52,27,22
61,0.35,0.4,0.5,10,10,0.2,0,10,0,0
61,0.35,0.4,0.5,10,10,0.3,0,10,0,0
61,0.35,0.4,0.5,10,10,0.4,0,10,0,0
62,0.4,0.4,0.5,10,10,0.2,0,53,6,6
62,0.4,0.4,0.5,10,10,0.3,0,53,6,6
62,0.4,0.4,0.5,10,10,0.4,0,53,6,6
63,0.45,0.4,0.5,10,10,0.2,0,53,6,6
63,0.45,0.4,0.5,10,10,0.3,0,53,6,6
63,0.45,0.4,0.5,10,10,0.4,0,53,6,6
64,0.35,0.45,0.5,10,10,0.2,0,10,0,0
64,0.35,0.45,0.5,10,10,0.3,0,10,0,0
64,0.35,0.45,0.5,10,10,0.4,0,10,0,0
65,0.4,0.45,0.5,10,10,0.2,6,54,12,12
65,0.4,0.45,0.5,10,10,0.3,6,54,12,12
65,0.4,0.45,0.5,10,10,0.4,6,54,12,12
66,0.45,0.45,0.5,10,10,0.2,8,54,12,12
66,0.45,0.45,0.5,10,10,0.3,8,54,12,12
66,0.45,0.45,0.5,10,10,0.4,8,54,12,12
67,0.35,0.5,0.5,10,10,0.2,0,10,0,0
67,0.35,0.5,0.5,10,10,0.3,0,10,0,0
67,0.35,0.5,0.5,10,10,0.4,0,10,0,0
68,0.4,0.5,0.5,10,10,0.2,6,54,12,12
68,0.4,0.5,0.5,10,10,0.3,6,54,12,12
68,0.4,0.5,0.5,10,10,0.4,6,54,12,12
69,0.45,0.5,0.5,10,10,0.2,29,54,31,18
69,0.45,0.5,0.5,10,10,0.3,29,54,31,23
69,0.45,0.5,0.5,10,10,0.4,29,54,31,24
70,0.35,0.55,0.5,10,10,0.2,0,10,0,0
70,0.35,0.55,0.5,10,10,0.3,0,10,0,0
70,0.35,0.55,0.5,10,10,0.4,0,10,0,0
71,0.4,0.55,0.5,10,10,0.2,6,54,12,12
71,0.4,0.55,0.5,10,10,0.3,6,54,12,12
71,0.4,0.55,0.5,10,10,0.4,6,54,12,12
72,0.45,0.55,0.5,10,10,0.2,29,54,31,18
72,0.45,0.55,0.5,10,10,0.3,29,54,31,23
72,0.45,0.55,0.5,10,10,0.4,29,54,31,24
73,0.35,0.4,0.55,10,10,0.2,0,10,0,0
73,0.35,0.4,0.55,10,10,0.3,0,10,0,0
73,0.35,0.4,0.55,10,10,0.4,0,10,0,0
74,0.4,0.4,0.55,10,10,0.2,0,53,6,6
74,0.4,0.4,0.55,10,10,0.3,0,53,6,6
74,0.4,0.4,0.55,10,10,0.4,0,53,6,6
75,0.45,0.4,0.55,10,10,0.2,0,53,6,6
75,0.45,0.4,0.55,10,10,0.3,0,53,6,6
75,0.45,0.4,0.55,10,10,0.4,0,53,6,6
76,0.35,0.45,0.55,10,10,0.2,0,10,0,0
76,0.35,0.45,0.55,10,10,0.3,0,10,0,0
76,0.35,0.45,0.55,10,10,0.4,0,10,0,0
77,0.4,0.45,0.55,10,10,0.2,6,54,12,12
77,0.4,0.45,0.55,10,10,0.3,6,54,12,12
77,0.4,0.45,0.55,10,10,0.4,6,54,12,12
78,0.45,0.45,0.55,10,10,0.2,8,54,12,12
78,0.45,0.45,0.55,10,10,0.3,8,54,12,12
78,0.45,0.45,0.55,10,10,0.4,8,54,12,12
79,0.35,0.5,0.55,10,10,0.2,0,10,0,0
79,0.35,0.5,0.55,10,10,0.3,0,10,0,0
79,0.35,0.5,0.55,10,10,0.4,0,10,0,0
80,0.4,0.5,0.55,10,10,0.2,6,54,12,12
80,0.4,0.5,0.55,10,10,0.3,6,54,12,12
80,0.4,0.5,0.55,10,10,0.4,6,54,12,12
81,0.45,0.5,0.55,10,10,0.2,29,54,31,18
81,0.45,0.5,0.55,10,10,0.3,29,54,31,23
81,0.45,0.5,0.55,10,10,0.4,29,54,31,24
82,0.35,0.55,0.55,10,10,0.2,0,10,0,0
82,0.35,0.55,0.55,10,10,0.3,0,10,0,0
82,0.35,0.55,0.55,10,10,0.4,0,10,0,0
83,0.4,0.55,0.55,10,10,0.2,6,54,12,12
83,0.4,0.55,0.55,10,10,0.3,6,54,12,12
83,0.4,0.55,0.55,10,10,0.4,6,54,12,12
84,0.45,0.55,0.55,10,10,0.2,29,54,31,18
84,0.45,0.55,0.55,10,10,0.3,29,54,31,23
84,0.45,0.55,0.55,10,10,0.4,29,54,31,24
85,0.35,0.4,0.6,10,10,0.2,0,10,0,0
85,0.35,0.4,0.6,10,10,0.3,0,10,0,0
85,0.35,0.4,0.6,10,10,0.4,0,10,0,0
86,0.4,0.4,0.6,10,10,0.2,0,53,6,6
86,0.4,0.4,0.6,10,10,0.3,0,53,6,6
86,0.4,0.4,0.6,10,10,0.4,0,53,6,6
87,0.45,0.4,0.6,10,10,0.2,0,53,6,6
87,0.45,0.4,0.6,10,10,0.3,0,53,6,6
87,0.45,0.4,0.6,10,10,0.4,0,53,6,6
88,0.35,0.45,0.6,10,10,0.2,0,10,0,0
88,0.35,0.45,0.6,10,10,0.3,0,10,0,0
88,0.35,0.45,0.6,10,10,0.4,0,10,0,0
89,0.4,0.45,0.6,10,10,0.2,6,54,12,12
89,0.4,0.45,0.6,10,10,0.3,6,54,12,12
89,0.4,0.45,0.6,10,10,0.4,6,54,12,12
90,0.45,0.45,0.6,10,10,0.2,8,54,12,12
90,0.45,0.45,0.6,10,10,0.3,8,54,12,12
90,0.45,0.45,0.6,10,10,0.4,8,54,12,12
91,0.35,0.5,0.6,10,10,0.2,0,10,0,0
91,0.35,0.5,0.6,10,10,0.3,0,10,0,0
91,0.35,0.5,0.6,10,10,0.4,0,10,0,0
92,0.4,0.5,0.6,10,10,0.2,6,54,12,12
92,0.4,0.5,0.6,10,10,0.3,6,54,12,12
92,0.4,0.5,0.6,10,10,0.4,6,54,12,12
93,0.45,0.5,0.6,10,10,0.2,32,54,34,18
93,0.45,0.5,0.6,10,10,0.3,32,54,34,23
93,0.45,0.5,0.6,10,10,0.4,32,54,34,25
94,0.35,0.55,0.6,10,10,0.2,0,10,0,0
94,0.35,0.55,0.6,10,10,0.3,0,10,0,0
94,0.35,0.55,0.6,10,10,0.4,0,10,0,0
95,0.4,0.55,0.6,10,10,0.2,6,54,12,12
95,0.4,0.55,0.6,10,10,0.3,6,54,12,12
95,0.4,0.55,0.6,10,10,0.4,6,54,12,12
96,0.45,0.55,0.6,10,10,0.2,32,54,34,18
96,0.45,0.55,0.6,10,10,0.3,32,54,34,23
96,0.45,0.55,0.6,10,10,0.4,32,54,34,25
97,0.35,0.4,0.45,15,10,0.2,0,10,0,0
97,0.35,0.4,0.45,15,10,0.3,0,10,0,0
97,0.35,0.4,0.45,15,10,0.4,0,10,0,0
98,0.4,0.4,0.45,15,10,0.2,0,52,5,5
98,0.4,0.4,0.45,15,10,0.3,0,52,5,5
98,0.4,0.4,0.45,15,10,0.4,0,52,5,5
99,0.45,0.4,0.45,15,10,0.2,0,52,5,5
99,0.45,0.4,0.45,15,10,0.3,0,52,5,5
99,0.45,0.4,0.45,15,10,0.4,0,52,5,5
100,0.35,0.45,0.45,15,10,0.2,0,10,0,0
100,0.35,0.45,0.45,15,10,0.3,0,10,0,0
100,0.35,0.45,0.45,15,10,0.4,0,10,0,0
101,0.4,0.45,0.45,15,10,0.2,6,52,11,11
101,0.4,0.45,0.45,15,10,0.3,6,52,11,11
101,0.4,0.45,0.45,15,10,0.4,6,52,11,11
102,0.45,0.45,0.45,15,10,0.2,8,52,11,11
102,0.45,0.45,0.45,15,10,0.3,8,52,11,11
102,0.45,0.45,0.45,15,10,0.4,8,52,11,11
103,0.35,0.5,0.45,15,10,0.2,0,10,0,0
103,0.35,0.5,0.45,15,10,0.3,0,10,0,0
103,0.35,0.5,0.45,15,10,0.4,0,10,0,0
104,0.4,0.5,0.45,15,10,0.2,6,52,11,11
104,0.4,0.5,0.45,15,10,0.3,6,52,11,11
104,0.4,0.5,0.45,15,10,0.4,6,52,11,11
105,0.45,0.5,0.45,15,10,0.2,25,52,27,16
105,0.45,0.5,0.45,15,10,0.3,25,52,27,21
105,0.45,0.5,0.45,15,10,0.4,25,52,27,22
106,0.35,0.55,0.45,15,10,0.2,0,10,0,0
106,0.35,0.55,0.45,15,10,0.3,0,10,0,0
106,0.35,0.55,0.45,15,10,0.4,0,10,0,0
107,0.4,0.55,0.45,15,10,0.2,6,52,11,11
107,0.4,0.55,0.45,15,10,0.3,6,52,11,11
107,0.4,0.55,0.45,15,10,0.4,6,52,11,11
108,0.45,0.55,0.45,15,10,0.2,25,52,27,16
108,0.45,0.55,0.45,15,10,0.3,25,52,27,21
108,0.45,0.55,0.45,15,10,0.4,25,52,27,22
109,0.35,0.4,0.5,15,10,0.2,0,10,0,0
109,0.35,0.4,0.5,15,10,0.3,0,10,0,0
109,0.35,0.4,0.5,15,10,0.4,0,10,0,0
110,0.4,0.4,0.5,15,10,0.2,0,53,6,6
110,0.4,0.4,0.5,15,10,0.3,0,53,6,6
110,0.4,0.4,0.5,15,10,0.4,0,53,6,6
111,0.45,0.4,0.5,15,10,0.2,0,53,6,6
111,0.45,0.4,0.5,15,10,0.3,0,53,6,6
111,0.45,0.4,0.5,15,10,0.4,0,53,6,6
112,0.35,0.45,0.5,15,10,0.2,0,10,0,0
112,0.35,0.45,0.5,15,10,0.3,0,10,0,0
112,0.35,0.45,0.5,15,10,0.4,0,10,0,0
113,0.4,0.45,0.5,15,10,0.2,6,54,12,12
113,0.4,0.45,0.5,15,10,0.3,6,54,12,12
113,0.4,0.45,0.5,15,10,0.4,6,54,12,12
114,0.45,0.45,0.5,15,10,0.2,8,54,12,12
114,0.45,0.45,0.5,15,10,0.3,8,54,12,12
114,0.45,0.45,0.5,15,10,0.4,8,54,12,12
115,0.35,0.5,0.5,15,10,0.2,0,10,0,0
115,0.35,0.5,0.5,15,10,0.3,0,10,0,0
115,0.35,0.5,0.5,15,10,0.4,0,10,0,0
116,0.4,0.5,0.5,15,10,0.2,6,54,12,12
116,0.4,0.5,0.5,15,10,0.3,6,54,12,12
116,0.4,0.5,0.5,15,10,0.4,6,54,12,12
117,0.45,0.5,0.5,15,10,0.2,29,54,31,18
117,0.45,0.5,0.5,15,10,0.3,29,54,31,23
117,0.45,0.5,0.5,15,10,0.4,29,54,31,24
118,0.35,0.55,0.5,15,10,0.2,0,10,0,0
118,0.35,0.55,0.5,15,10,0.3,0,10,0,0
118,0.35,0.55,0.5,15,10,0.4,0,10,0,0
119,0.4,0.55,0.5,15,10,0.2,6,54,12,12
119,0.4,0.55,0.5,15,10,0.3,6,54,12,12
119,0.4,0.55,0.5,15,10,0.4,6,54,12,12
120,0.45,0.55,0.5,15,10,0.2,29,54,31,18
120,0.45,0.55,0.5,15,10,0.3,29,54,31,23
120,0.45,0.55,0.5,15,10,0.4,29,54,31,24
121,0.35,0.4,0.55,15,10,0.2,0,10,0,0
121,0.35,0.4,0.55,15,10,0.3,0,10,0,0
121,0.35,0.4,0.55,15,10,0.4,0,10,0,0
122,0.4,0.4,0.55,15,10,0.2,0,53,6,6
122,0.4,0.4,0.55,15,10,0.3,0,53,6,6
122,0.4,0.4,0.55,15,10,0.4,0,53,6,6
123,0.45,0.4,0.55,15,10,0.2,0,53,6,6
123,0.45,0.4,0.55,15,10,0.3,0,53,6,6
123,0.45,0.4,0.55,15,10,0.4,0,53,6,6
124,0.35,0.45,0.55,15,10,0.2,0,10,0,0
124,0.35,0.45,0.55,15,10,0.3,0,10,0,0
124,0.35,0.45,0.55,15,10,0.4,0,10,0,0
125,0.4,0.45,0.55,15,10,0.2,6,54,12,12
125,0.4,0.45,0.55,15,10,0.3,6,54,12,12
125,0.4,0.45,0.55,15,10,0.4,6,54,12,12
126,0.45,0.45,0.55,15,10,0.2,8,54,12,12
126,0.45,0.45,0.55,15,10,0.3,8,54,12,12
126,0.45,0.45,0.55,15,10,0.4,8,54,12,12
127,0.35,0.5,0.55,15,10,0.2,0,10,0,0
127,0.35,0.5,0.55,15,10,0.3,0,10,0,0
127,0.35,0.5,0.55,15,10,0.4,0,10,0,0
128,0.4,0.5,0.55,15,10,0.2,6,54,12,12
128,0.4,0.5,0.55,15,10,0.3,6,54,12,12
128,0.4,0.5,0.55,15,10,0.4,6,54,12,12
129,0.45,0.5,0.55,15,10,0.2,29,54,31,18
129,0.45,0.5,0.55,15,10,0.3,29,54,31,23
129,0.45,0.5,0.55,15,10,0.4,29,54,31,24
130,0.35,0.55,0.55,15,10,0.2,0,10,0,0
130,0.35,0.55,0.55,15,10,0.3,0,10,0,0
130,0.35,0.55,0.55,15,10,0.4,0,10,0,0
131,0.4,0.55,0.55,15,10,0.2,6,54,12,12
131,0.4,0.55,0.55,15,10,0.3,6,54,12,12
131,0.4,0.55,0.55,15,10,0.4,6,54,12,12
132,0.45,0.55,0.55,15,10,0.2,29,54,31,18
132,0.45,0.55,0.55,15,10,0.3,29,54,31,23
132,0.45,0.55,0.55,15,10,0.4,29,54,31,24
133,0.35,0.4,0.6,15,10,0.2,0,10,0,0
133,0.35,0.4,0.6,15,10,0.3,0,10,0,0
133,0.35,0.4,0.6,15,10,0.4,0,10,0,0
134,0.4,0.4,0.6,15,10,0.2,0,53,6,6
134,0.4,0.4,0.6,15,10,0.3,0,53,6,6
134,0.4,0.4,0.6,15,10,0.4,0,53,6,6
135,0.45,0.4,0.6,15,10,0.2,0,53,6,6
135,0.45,0.4,0.6,15,10,0.3,0,53,6,6
135,0.45,0.4,0.6,15,10,0.4,0,53,6,6
136,0.35,0.45,0.6,15,10,0.2,0,10,0,0
136,0.35,0.45,0.6,15,10,0.3,0,10,0,0
136,0.35,0.45,0.6,15,10,0.4,0,10,0,0
137,0.4,0.45,0.6,15,10,0.2,6,54,12,12
137,0.4,0.45,0.6,15,10,0.3,6,54,12,12
137,0.4,0.45,0.6,15,10,0.4,6,54,12,12
138,0.45,0.45,0.6,15,10,0.2,8,54,12,12
138,0.45,0.45,0.6,15,10,0.3,8,54,12,12
138,0.45,0.45,0.6,15,10,0.4,8,54,12,12
139,0.35,0.5,0.6,15,10,0.2,0,10,0,0
139,0.35,0.5,0.6,15,10,0.3,0,10,0,0
139,0.35,0.5,0.6,15,10,0.4,0,10,0,0
140,0.4,0.5,0.6,15,10,0.2,6,54,12,12
140,0.4,0.5,0.6,15,10,0.3,6,54,12,12
140,0.4,0.5,0.6,15,10,0.4,6,54,12,12
141,0.45,0.5,0.6,15,10,0.2,32,54,34,18
141,0.45,0.5,0.6,15,10,0.3,32,54,34,23
141,0.45,0.5,0.6,15,10,0.4,32,54,34,25
142,0.35,0.55,0.6,15,10,0.2,0,10,0,0
142,0.35,0.55,0.6,15,10,0.3,0,10,0,0
142,0.35,0.55,0.6,15,10,0.4,0,10,0,0
143,0.4,0.55,0.6,15,10,0.2,6,54,12,12
143,0.4,0.55,0.6,15,10,0.3,6,54,12,12
143,0.4,0.55,0.6,15,10,0.4,6,54,12,12
144,0.45,0.55,0.6,15,10,0.2,32,54,34,18
144,0.45,0.55,0.6,15,10,0.3,32,54,34,23
144,0.45,0.55,0.6,15,10,0.4,32,54,34,25
145,0.35,0.4,0.45,20,10,0.2,0,10,0,0
145,0.35,0.4,0.45,20,10,0.3,0,10,0,0
145,0.35,0.4,0.45,20,10,0.4,0,10,0,0
146,0.4,0.4,0.45,20,10,0.2,0,52,5,5
146,0.4,0.4,0.45,20,10,0.3,0,52,5,5
146,0.4,0.4,0.45,20,10,0.4,0,52,5,5
147,0.45,0.4,0.45,20,10,0.2,0,52,5,5
147,0.45,0.4,0.45,20,10,0.3,0,52,5,5
147,0.45,0.4,0.45,20,10,0.4,0,52,5,5
148,0.35,0.45,0.45,20,10,0.2,0,10,0,0
148,0.35,0.45,0.45,20,10,0.3,0,10,0,0
148,0.35,0.45,0.45,20,10,0.4,0,10,0,0
149,0.4,0.45,0.45,20,10,0.2,6,52,11,11
149,0.4,0.45,0.45,20,10,0.3,6,52,11,11
149,0.4,0.45,0.45,20,10,0.4,6,52,11,11
150,0.45,0.45,0.45,20,10,0.2,8,52,11,11
150,0.45,0.45,0.45,20,10,0.3,8,52,11,11
150,0.45,0.45,0.45,20,10,0.4,8,52,11,11
151,0.35,0.5,0.45,20,10,0.2,0,10,0,0
151,0.35,0.5,0.45,20,10,0.3,0,10,0,0
151,0.35,0.5,0.45,20,10,0.4,0,10,0,0
152,0.4,0.5,0.45,20,10,0.2,6,52,11,11
152,0.4,0.5,0.45,20,10,0.3,6,52,11,11
152,0.4,0.5,0.45,20,10,0.4,6,52,11,11
153,0.45,0.5,0.45,20,10,0.2,25,52,27,16
153,0.45,0.5,0.45,20,10,0.3,25,52,27,21
153,0.45,0.5,0.45,20,10,0.4,25,52,27,22
154,0.35,0.55,0.45,20,10,0.2,0,10,0,0
154,0.35,0.55,0.45,20,10,0.3,0,10,0,0
154,0.35,0.55,0.45,20,10,0.4,0,10,0,0
155,0.4,0.55,0.45,20,10,0.2,6,52,11,11
155,0.4,0.55,0.45,20,10,0.3,6,52,11,11
155,0.4,0.55,0.45,20,10,0.4,6,52,11,11
156,0.45,0.55,0.45,20,10,0.2,25,52,27,16
156,0.45,0.55,0.45,20,10,0.3,25,52,27,21
156,0.45,0.55,0.45,20,10,0.4,25,52,27,22
157,0.35,0.4,0.5,20,10,0.2,0,10,0,0
157,0.35,0.4,0.5,20,10,0.3,0,10,0,0
157,0.35,0.4,0.5,20,10,0.4,0,10,0,0
158,0.4,0.4,0.5,20,10,0.2,0,53,6,6
158,0.4,0.4,0.5,20,10,0.3,0,53,6,6
158,0.4,0.4,0.5,20,10,0.4,0,53,6,6
159,0.45,0.4,0.5,20,10,0.2,0,53,6,6
159,0.45,0.4,0.5,20,10,0.3,0,53,6,6
159,0.45,0.4,0.5,20,10,0.4,0,53,6,6
160,0.35,0.45,0.5,20,10,0.2,0,10,0,0
160,0.35,0.45,0.5,20,10,0.3,0,10,0,0
160,0.35,0.45,0.5,20,10,0.4,0,10,0,0
161,0.4,0.45,0.5,20,10,0.2,6,54,12,12
161,0.4,0.45,0.5,20,10,0.3,6,54,12,12
161,0.4,0.45,0.5,20,10,0.4,6,54,12,12
162,0.45,0.45,0.5,20,10,0.2,8,54,12,12
162,0.45,0.45,0.5,20,10,0.3,8,54,12,12
162,0.45,0.45,0.5,20,10,0.4,8,54,12,12
163,0.35,0.5,0.5,20,10,0.2,0,10,0,0
163,0.35,0.5,0.5,20,10,0.3,0,10,0,0
163,0.35,0.5,0.5,20,10,0.4,0,10,0,0
164,0.4,0.5,0.5,20,10,0.2,6,54,12,12
164,0.4,0.5,0.5,20,10,0.3,6,54,12,12
164,0.4,0.5,0.5,20,10,0.4,6,54,12,12
165,0.45,0.5,0.5,20,10,0.2,29,54,31,18
165,0.45,0.5,0.5,20,10,0.3,29,54,31,23
165,0.45,0.5,0.5,20,10,0.4,29,54,31,24
166,0.35,0.55,0.5,20,10,0.2,0,10,0,0
166,0.35,0.55,0.5,20,10,0.3,0,10,0,0
166,0.35,0.55,0.5,20,10,0.4,0,10,0,0
167,0.4,0.55,0.5,20,10,0.2,6,54,12,12
167,0.4,0.55,0.5,20,10,0.3,6,54,12,12
167,0.4,0.55,0.5,20,10,0.4,6,54,12,12
168,0.45,0.55,0.5,20,10,0.2,29,54,31,18
168,0.45,0.55,0.5,20,10,0.3,29,54,31,23
168,0.45,0.55,0.5,20,10,0.4,29,54,31,24
169,0.35,0.4,0.55,20,10,0.2,0,10,0,0
169,0.35,0.4,0.55,20,10,0.3,0,10,0,0
169,0.35,0.4,0.55,20,10,0.4,0,10,0,0
170,0.4,0.4,0.55,20,10,0.2,0,53,6,6
170,0.4,0.4,0.55,20,10,0.3,0,53,6,6
170,0.4,0.4,0.55,20,10,0.4,0,53,6,6
171,0.45,0.4,0.55,20,10,0.2,0,53,6,6
171,0.45,0.4,0.55,20,10,0.3,0,53,6,6
171,0.45,0.4,0.55,20,10,0.4,0,53,6,6
172,0.35,0.45,0.55,20,10,0.2,0,10,0,0
172,0.35,0.45,0.55,20,10,0.3,0,10,0,0
172,0.35,0.45,0.55,20,10,0.4,0,10,0,0
173,0.4,0.45,0.55,20,10,0.2,6,54,12,12
173,0.4,0.45,0.55,20,10,0.3,6,54,12,12
173,0.4,0.45,0.55,20,10,0.4,6,54,12,12
174,0.45,0.45,0.55,20,10,0.2,8,54,12,12
174,0.45,0.45,0.55,20,10,0.3,8,54,12,12
174,0.45,0.45,0.55,20,10,0.4,8,54,12,12
175,0.35,0.5,0.55,20,10,0.2,0,10,0,0
175,0.35,0.5,0.55,20,10,0.3,0,10,0,0
175,0.35,0.5,0.55,20,10,0.4,0,10,0,0
176,0.4,0.5,0.55,20,10,0.2,6,54,12,12
176,0.4,0.5,0.55,20,10,0.3,6,54,12,12
176,0.4,0.5,0.55,20,10,0.4,6,54,12,12
177,0.45,0.5,0.55,20,10,0.2,29,54,31,18
177,0.45,0.5,0.55,20,10,0.3,29,54,31,23
177,0.45,0.5,0.55,20,10,0.4,29,54,31,24
178,0.35,0.55,0.55,20,10,0.2,0,10,0,0
178,0.35,0.55,0.55,20,10,0.3,0,10,0,0
178,0.35,0.55,0.55,20,10,0.4,0,10,0,0
179,0.4,0.55,0.55,20,10,0.2,6,54,12,12
179,0.4,0.55,0.55,20,10,0.3,6,54,12,12
179,0.4,0.55,0.55,20,10,0.4,6,54,12,12
180,0.45,0.55,0.55,20,10,0.2,29,54,31,18
180,0.45,0.55,0.55,20,10,0.3,29,54,31,23
180,0.45,0.55,0.55,20,10,0.4,29,54,31,24
181,0.35,0.4,0.6,20,10,0.2,0,10,0,0
181,0.35,0.4,0.6,20,10,0.3,0,10,0,0
181,0.35,0.4,0.6,20,10,0.4,0,10,0,0
182,0.4,0.4,0.6,20,10,0.2,0,53,6,6
182,0.4,0.4,0.6,20,10,0.3,0,53,6,6
182,0.4,0.4,0.6,20,10,0.4,0,53,6,6
183,0.45,0.4,0.6,20,10,0.2,0,53,6,6
183,0.45,0.4,0.6,20,10,0.3,0,53,6,6
183,0.45,0.4,0.6,20,10,0.4,0,53,6,6
184,0.35,0.45,0.6,20,10,0.2,0,10,0,0
184,0.35,0.45,0.6,20,10,0.3,0,10,0,0
184,0.35,0.45,0.6,20,10,0.4,0,10,0,0
185,0.4,0.45,0.6,20,10,0.2,6,54,12,12
185,0.4,0.45,0.6,20,10,0.3,6,54,12,12
185,0.4,0.45,0.6,20,10,0.4,6,54,12,12
186,0.45,0.45,0.6,20,10,0.2,8,54,12,12
186,0.45,0.45,0.6,20,10,0.3,8,54,12,12
186,0.45,0.45,0.6,20,10,0.4,8,54,12,12
187,0.35,0.5,0.6,20,10,0.2,0,10,0,0
187,0.35,0.5,0.6,20,10,0.3,0,10,0,0
187,0.35,0.5,0.6,20,10,0.4,0,10,0,0
188,0.4,0.5,0.6,20,10,0.2,6,54,12,12
188,0.4,0.5,0.6,20,10,0.3,6,54,12,12
188,0.4,0.5,0.6,20,10,0.4,6,54,12,12
189,0.45,0.5,0.6,20,10,0.2,32,54,34,18
189,0.45,0.5,0.6,20,10,0.3,32,54,34,23
189,0.45,0.5,0.6,20,10,0.4,32,54,34,25
190,0.35,0.55,0.6,20,10,0.2,0,10,0,0
190,0.35,0.55,0.6,20,10,0.3,0,10,0,0
190,0.35,0.55,0.6,20,10,0.4,0,10,0,0
191,0.4,0.55,0.6,20,10,0.2,6,54,12,12
191,0.4,0.55,0.6,20,10,0.3,6,54,12,12
191,0.4,0.55,0.6,20,10,0.4,6,54,12,12
192,0.45,0.55,0.6,20,10,0.2,32,54,34,18
192,0.45,0.55,0.6,20,10,0.3,32,54,34,23
192,0.45,0.55,0.6,20,10,0.4,32,54,34,25
193,0.35,0.4,0.45,5,20,0.2,0,9,0,0
193,0.35,0.4,0.45,5,20,0.3,0,9,0,0
193,0.35,0.4,0.45,5,20,0.4,0,9,0,0
194,0.4,0.4,0.45,5,20,0.2,0,52,6,6
194,0.4,0.4,0.45,5,20,0.3,0,52,6,6
194,0.4,0.4,0.45,5,20,0.4,0,52,6,6
195,0.45,0.4,0.45,5,20,0.2,0,52,6,6
195,0.45,0.4,0.45,5,20,0.3,0,52,6,6
195,0.45,0.4,0.45,5,20,0.4,0,52,6,6
196,0.35,0.45,0.45,5,20,0.2,0,9,0,0
196,0.35,0.45,0.45,5,20,0.3,0,9,0,0
196,0.35,0.45,0.45,5,20,0.4,0,9,0,0
197,0.4,0.45,0.45,5,20,0.2,7,52,13,12
197,0.4,0.45,0.45,5,20,0.3,7,52,13,12
197,0.4,0.45,0.45,5,20,0.4,7,52,13,12
198,0.45,0.45,0.45,5,20,0.2,9,52,13,12
198,0.45,0.45,0.45,5,20,0.3,9,52,13,12
198,0.45,0.45,0.45,5,20,0.4,9,52,13,12
199,0.35,0.5,0.45,5,20,0.2,0,9,0,0
199,0.35,0.5,0.45,5,20,0.3,0,9,0,0
199,0.35,0.5,0.45,5,20,0.4,0,9,0,0
200,0.4,0.5,0.45,5,20,0.2,7,52,13,12
200,0.4,0.5,0.45,5,20,0.3,7,52,13,12
200,0.4,0.5,0.45,5,20,0.4,7,52,13,12
201,0.45,0.5,0.45,5,20,0.2,24,52,28,16
201,0.45,0.5,0.45,5,20,0.3,24,52,28,22
201,0.45,0.5,0.45,5,20,0.4,24,52,28,23
202,0.35,0.55,0.45,5,20,0.2,0,9,0,0
202,0.35,0.55,0.45,5,20,0.3,0,9,0,0
202,0.35,0.55,0.45,5,20,0.4,0,9,0,0
203,0.4,0.55,0.45,5,20,0.2,7,52,13,12
203,0.4,0.55,0.45,5,20,0.3,7,52,13,12
203,0.4,0.55,0.45,5,20,0.4,7,52,13,12
204,0.45,0.55,0.45,5,20,0.2,24,52,28,16
204,0.45,0.55,0.45,5,20,0.3,24,52,28,22
204,0.45,0.55,0.45,5,20,0.4,24,52,28,23
205,0.35,0.4,0.5,5,20,0.2,0,9,0,0
205,0.35,0.4,0.5,5,20,0.3,0,9,0,0
205,0.35,0.4,0.5,5,20,0.4,0,9,0,0
206,0.4,0.4,0.5,5,20,0.2,0,52,6,6
206,0.4,0.4,0.5,5,20,0.3,0,52,6,6
206,0.4,0.4,0.5,5,20,0.4,0,52,6,6
207,0.45,0.4,0.5,5,20,0.2,0,52,6,6
207,0.45,0.4,0.5,5,20,0.3,0,52,6,6
207,0.45,0.4,0.5,5,20,0.4,0,52,6,6
208,0.35,0.45,0.5,5,20,0.2,0,9,0,0
208,0.35,0.45,0.5,5,20,0.3,0,9,0,0
208,0.35,0.45,0.5,5,20,0.4,0,9,0,0
209,0.4,0.45,0.5,5,20,0.2,7,53,13,12
209,0.4,0.45,0.5,5,20,0.3,7,53,13,12
209,0.4,0.45,0.5,5,20,0.4,7,53,13,12
210,0.45,0.45,0.5,5,20,0.2,9,53,13,12
210,0.45,0.45,0.5,5,20,0.3,9,53,13,12
210,0.45,0.45,0.5,5,20,0.4,9,53,13,12
211,0.35,0.5,0.5,5,20,0.2,0,9,0,0
211,0.35,0.5,0.5,5,20,0.3,0,9,0,0
211,0.35,0.5,0.5,5,20,0.4,0,9,0,0
212,0.4,0.5,0.5,5,20,0.2,7,53,13,12
212,0.4,0.5,0.5,5,20,0.3,7,53,13,12
212,0.4,0.5,0.5,5,20,0.4,7,53,13,12
213,0.45,0.5,0.5,5,20,0.2,27,53,31,17
213,0.45,0.5,0.5,5,20,0.3,27,53,31,23
213,0.45,0.5,0.5,5,20,0.4,27,53,31,24
214,0.35,0.55,0.5,5,20,0.2,0,9,0,0
214,0.35,0.55,0.5,5,20,0.3,0,9,0,0
214,0.35,0.55,0.5,5,20,0.4,0,9,0,0
215,0.4,0.55,0.5,5,20,0.2,7,53,13,12
215,0.4,0.55,0.5,5,20,0.3,7,53,13,12
215,0.4,0.55,0.5,5,20,0.4,7,53,13,12
216,0.45,0.55,0.5,5,20,0.2,27,53,31,17
216,0.45,0.55,0.5,5,20,0.3,27,53,31,23
216,0.45,0.55,0.5,5,20,0.4,27,53,31,24
217,0.35,0.4,0.55,5,20,0.2,0,9,0,0
217,0.35,0.4,0.55,5,20,0.3,0,9,0,0
217,0.35,0.4,0.55,5,20,0.4,0,9,0,0
218,0.4,0.4,0.55,5,20,0.2,0,52,6,6
218,0.4,0.4,0.55,5,20,0.3,0,52,6,6
218,0.4,0.4,0.55,5,20,0.4,0,52,6,6
219,0.45,0.4,0.55,5,20,0.2,0,52,6,6
219,0.45,0.4,0.55,5,20,0.3,0,52,6,6
219,0.45,0.4,0.55,5,20,0.4,0,52,6,6
220,0.35,0.45,0.55,5,20,0.2,0,9,0,0
220,0.35,0.45,0.55,5,20,0.3,0,9,0,0
220,0.35,0.45,0.55,5,20,0.4,0,9,0,0
221,0.4,0.45,0.55,5,20,0.2,7,53,13,12
221,0.4,0.45,0.55,5,20,0.3,7,53,13,12
221,0.4,0.45,0.55,5,20,0.4,7,53,13,12
222,0.45,0.45,0.55,5,20,0.2,9,53,13,12
222,0.45,0.45,0.55,5,20,0.3,9,53,13,12
222,0.45,0.45,0.55,5,20,0.4,9,53,13,12
223,0.35,0.5,0.55,5,20,0.2,0,9,0,0
223,0.35,0.5,0.55,5,20,0.3,0,9,0,0
223,0.35,0.5,0.55,5,20,0.4,0,9,0,0
224,0.4,0.5,0.55,5,20,0.2,7,53,13,12
224,0.4,0.5,0.55,5,20,0.3,7,53,13,12
224,0.4,0.5,0.55,5,20,0.4,7,53,13,12
225,0.45,0.5,0.55,5,20,0.2,27,53,31,17
225,0.45,0.5,0.55,5,20,0.3,27,53,31,23
225,0.45,0.5,0.55,5,20,0.4,27,53,31,24
226,0.35,0.55,0.55,5,20,0.2,0,9,0,0
226,0.35,0.55,0.55,5,20,0.3,0,9,0,0
226,0.35,0.55,0.55,5,20,0.4,0,9,0,0
227,0.4,0.55,0.55,5,20,0.2,7,53,13,12
227,0.4,0.55,0.55,5,20,0.3,7,53,13,12
227,0.4,0.55,0.55,5,20,0.4,7,53,13,12
228,0.45,0.55,0.55,5,20,0.2,27,53,31,17
228,0.45,0.55,0.55,5,20,0.3,27,53,31,23
228,0.45,0.55,0.55,5,20,0.4,27,53,31,24
229,0.35,0.4,0.6,5,20,0.2,0,9,0,0
229,0.35,0.4,0.6,5,20,0.3,0,9,0,0
229,0.35,0.4,0.6,5,20,0.4,0,9,0,0
230,0.4,0.4,0.6,5,20,0.2,0,52,6,6
230,0.4,0.4,0.6,5,20,0.3,0,52,6,6
230,0.4,0.4,0.6,5,20,0.4,0,52,6,6
231,0.45,0.4,0.6,5,20,0.2,0,52,6,6
231,0.45,0.4,0.6,5,20,0.3,0,52,6,6
231,0.45,0.4,0.6,5,20,0.4,0,52,6,6
232,0.35,0.45,0.6,5,20,0.2,0,9,0,0
232,0.35,0.45,0.6,5,20,0.3,0,9,0,0
232,0.35,0.45,0.6,5,20,0.4,0,9,0,0
233,0.4,0.45,0.6,5,20,0.2,7,53,13,12
233,0.4,0.45,0.6,5,20,0.3,7,53,13,12
233,0.4,0.45,0.6,5,20,0.4,7,53,13,12
234,0.45,0.45,0.6,5,20,0.2,9,53,13,12
234,0.45,0.45,0.6,5,20,0.3,9,53,13,12
234,0.45,0.45,0.6,5,20,0.4,9,53,13,12
235,0.35,0.5,0.6,5,20,0.2,0,9,0,0
235,0.35,0.5,0.6,5,20,0.3,0,9,0,0
235,0.35,0.5,0.6,5,20,0.4,0,9,0,0
236,0.4,0.5,0.6,5,20,0.2,7,53,13,12
236,0.4,0.5,0.6,5,20,0.3,7,53,13,12
236,0.4,0.5,0.6,5,20,0.4,7,53,13,12
237,0.45,0.5,0.6,5,20,0.2,28,53,32,17
237,0.45,0.5,0.6,5,20,0.3,28,53,32,23
237,0.45,0.5,0.6,5,20,0.4,28,53,32,25
238,0.35,0.55,0.6,5,20,0.2,0,9,0,0
238,0.35,0.55,0.6,5,20,0.3,0,9,0,0
238,0.35,0.55,0.6,5,20,0.4,0,9,0,0
239,0.4,0.55,0.6,5,20,0.2,7,53,13,12
239,0.4,0.55,0.6,5,20,0.3,7,53,13,12
239,0.4,0.55,0.6,5,20,0.4,7,53,13,12
240,0.45,0.55,0.6,5,20,0.2,28,53,32,17
240,0.45,0.55,0.6,5,20,0.3,28,53,32,23
240,0.45,0.55,0.6,5,20,0.4,28,53,32,25
241,0.35,0.4,0.45,10,20,0.2,0,10,0,0
241,0.35,0.4,0.45,10,20,0.3,0,10,0,0
241,0.35,0.4,0.45,10,20,0.4,0,10,0,0
242,0.4,0.4,0.45,10,20,0.2,0,53,6,6
242,0.4,0.4,0.45,10,20,0.3,0,53,6,6
242,0.4,0.4,0.45,10,20,0.4,0,53,6,6
243,0.45,0.4,0.45,10,20,0.2,0,53,6,6
243,0.45,0.4,0.45,10,20,0.3,0,53,6,6
243,0.45,0.4,0.45,10,20,0.4,0,53,6,6
244,0.35,0.45,0.45,10,20,0.2,0,10,0,0
244,0.35,0.45,0.45,10,20,0.3,0,10,0,0
244,0.35,0.45,0.45,10,20,0.4,0,10,0,0
245,0.4,0.45,0.45,10,20,0.2,8,53,14,13
245,0.4,0.45,0.45,10,20,0.3,8,53,14,13
245,0.4,0.45,0.45,10,20,0.4,8,53,14,13
246,0.45,0.45,0.45,10,20,0.2,11,53,14,13
246,0.45,0.45,0.45,10,20,0.3,11,53,14,13
246,0.45,0.45,0.45,10,20,0.4,11,53,14,13
247,0.35,0.5,0.45,10,20,0.2,0,10,0,0
247,0.35,0.5,0.45,10,20,0.3,0,10,0,0
247,0.35,0.5,0.45,10,20,0.4,0,10,0,0
248,0.4,0.5,0.45,10,20,0.2,8,53,14,13
248,0.4,0.5,0.45,10,20,0.3,8,53,14,13
248,0.4,0.5,0.45,10,20,0.4,8,53,14,13
249,0.45,0.5,0.45,10,20,0.2,31,53,33,20
249,0.45,0.5,0.45,10,20,0.3,31,53,33,26
249,0.45,0.5,0.45,10,20,0.4,31,53,33,27
250,0.35,0.55,0.45,10,20,0.2,0,10,0,0
250,0.35,0.55,0.45,10,20,0.3,0,10,0,0
250,0.35,0.55,0.45,10,20,0.4,0,10,0,0
251,0.4,0.55,0.45,10,20,0.2,8,53,14,13
251,0.4,0.55,0.45,10,20,0.3,8,53,14,13
251,0.4,0.55,0.45,10,20,0.4,8,53,14,13
252,0.45,0.55,0.45,10,20,0.2,31,53,33,20
252,0.45,0.55,0.45,10,20,0.3,31,53,33,26
252,0.45,0.55,0.45,10,20,0.4,31,53,33,27
253,0.35,0.4,0.5,10,20,0.2,0,10,0,0
253,0.35,0.4,0.5,10,20,0.3,0,10,0,0
253,0.35,0.4,0.5,10,20,0.4,0,10,0,0
254,0.4,0.4,0.5,10,20,0.2,0,54,7,7
254,0.4,0.4,0.5,10,20,0.3,0,54,7,7
254,0.4,0.4,0.5,10,20,0.4,0,54,7,7
255,0.45,0.4,0.5,10,20,0.2,0,54,7,7
255,0.45,0.4,0.5,10,20,0.3,0,54,7,7
255,0.45,0.4,0.5,10,20,0.4,0,54,7,7
256,0.35,0.45,0.5,10,20,0.2,0,10,0,0
256,0.35,0.45,0.5,10,20,0.3,0,10,0,0
256,0.35,0.45,0.5,10,20,0.4,0,10,0,0
257,0.4,0.45,0.5,10,20,0.2,8,55,15,14
257,0.4,0.45,0.5,10,20,0.3,8,55,15,14
257,0.4,0.45,0.5,10,20,0.4,8,55,15,14
258,0.45,0.45,0.5,10,20,0.2,11,55,15,14
258,0.45,0.45,0.5,10,20,0.3,11,55,15,14
258,0.45,0.45,0.5,10,20,0.4,11,55,15,14
259,0.35,0.5,0.5,10,20,0.2,0,10,0,0
259,0.35,0.5,0.5,10,20,0.3,0,10,0,0
259,0.35,0.5,0.5,10,20,0.4,0,10,0,0
260,0.4,0.5,0.5,10,20,0.2,8,55,15,14
260,0.4,0.5,0.5,10,20,0.3,8,55,15,14
260,0.4,0.5,0.5,10,20,0.4,8,55,15,14
261,0.45,0.5,0.5,10,20,0.2,36,55,38,22
261,0.45,0.5,0.5,10,20,0.3,36,55,38,28
261,0.45,0.5,0.5,10,20,0.4,36,55,38,30
262,0.35,0.55,0.5,10,20,0.2,0,10,0,0
262,0.35,0.55,0.5,10,20,0.3,0,10,0,0
262,0.35,0.55,0.5,10,20,0.4,0,10,0,0
263,0.4,0.55,0.5,10,20,0.2,8,55,15,14
263,0.4,0.55,0.5,10,20,0.3,8,55,15,14
263,0.4,0.55,0.5,10,20,0.4,8,55,15,14
264,0.45,0.55,0.5,10,20,0.2,36,55,38,22
264,0.45,0.55,0.5,10,20,0.3,36,55,38,28
264,0.45,0.55,0.5,10,20,0.4,36,55,38,30
265,0.35,0.4,0.55,10,20,0.2,0,10,0,0
265,0.35,0.4,0.55,10,20,0.3,0,10,0,0
265,0.35,0.4,0.55,10,20,0.4,0,10,0,0
266,0.4,0.4,0.55,10,20,0.2,0,54,7,7
266,0.4,0.4,0.55,10,20,0.3,0,54,7,7
266,0.4,0.4,0.55,10,20,0.4,0,54,7,7
267,0.45,0.4,0.55,10,20,0.2,0,54,7,7
267,0.45,0.4,0.55,10,20,0.3,0,54,7,7
267,0.45,0.4,0.55,10,20,0.4,0,54,7,7
268,0.35,0.45,0.55,10,20,0.2,0,10,0,0
268,0.35,0.45,0.55,10,20,0.3,0,10,0,0
268,0.35,0.45,0.55,10,20,0.4,0,10,0,0
269,0.4,0.45,0.55,10,20,0.2,8,55,15,14
269,0.4,0.45,0.55,10,20,0.3,8,55,15,14
269,0.4,0.45,0.55,10,20,0.4,8,55,15,14
270,0.45,0.45,0.55,10,20,0.2,11,55,15,14
270,0.45,0.45,0.55,10,20,0.3,11,55,15,14
270,0.45,0.45,0.55,10,20,0.4,11,55,15,14
271,0.35,0.5,0.55,10,20,0.2,0,10,0,0
271,0.35,0.5,0.55,10,20,0.3,0,10,0,0
271,0.35,0.5,0.55,10,20,0.4,0,10,0,0
272,0.4,0.5,0.55,10,20,0.2,8,55,15,14
272,0.4,0.5,0.55,10,20,0.3,8,55,15,14
272,0.4,0.5,0.55,10,20,0.4,8,55,15,14
273,0.45,0.5,0.55,10,20,0.2,36,55,38,22
273,0.45,0.5,0.55,10,20,0.3,36,55,38,28
273,0.45,0.5,0.55,10,20,0.4,36,55,38,30
274,0.35,0.55,0.55,10,20,0.2,0,10,0,0
274,0.35,0.55,0.55,10,20,0.3,0,10,0,0
274,0.35,0.55,0.55,10,20,0.4,0,10,0,0
275,0.4,0.55,0.55,10,20,0.2,8,55,15,14
275,0.4,0.55,0.55,10,20,0.3,8,55,15,14
275,0.4,0.55,0.55,10,20,0.4,8,55,15,14
276,0.45,0.55,0.55,10,20,0.2,36,55,38,22
276,0.45,0.55,0.55,10,20,0.3,36,55,38,28
276,0.45,0.55,0.55,10,20,0.4,36,55,38,30
277,0.35,0.4,0.6,10,20,0.2,0,10,0,0
277,0.35,0.4,0.6,10,20,0.3,0,10,0,0
277,0.35,0.4,0.6,10,20,0.4,0,10,0,0
278,0.4,0.4,0.6,10,20,0.2,0,54,7,7
278,0.4,0.4,0.6,10,20,0.3,0,54,7,7
278,0.4,0.4,0.6,10,20,0.4,0,54,7,7
279,0.45,0.4,0.6,10,20,0.2,0,54,7,7
279,0.45,0.4,0.6,10,20,0.3,0,54,7,7
279,0.45,0.4,0.6,10,20,0.4,0,54,7,7
280,0.35,0.45,0.6,10,20,0.2,0,10,0,0
280,0.35,0.45,0.6,10,20,0.3,0,10,0,0
280,0.35,0.45,0.6,10,20,0.4,0,10,0,0
281,0.4,0.45,0.6,10,20,0.2,8,55,15,14
281,0.4,0.45,0.6,10,20,0.3,8,55,15,14
281,0.4,0.45,0.6,10,20,0.4,8,55,15,14
282,0.45,0.45,0.6,10,20,0.2,11,55,15,14
282,0.45,0.45,0.6,10,20,0.3,11,55,15,14
282,0.45,0.45,0.6,10,20,0.4,11,55,15,14
283,0.35,0.5,0.6,10,20,0.2,0,10,0,0
283,0.35,0.5,0.6,10,20,0.3,0,10,0,0
283,0.35,0.5,0.6,10,20,0.4,0,10,0,0
284,0.4,0.5,0.6,10,20,0.2,8,55,15,14
284,0.4,0.5,0.6,10,20,0.3,8,55,15,14
284,0.4,0.5,0.6,10,20,0.4,8,55,15,14
285,0.45,0.5,0.6,10,20,0.2,40,55,42,22
285,0.45,0.5,0.6,10,20,0.3,40,55,42,28
285,0.45,0.5,0.6,10,20,0.4,40,55,42,32
286,0.35,0.55,0.6,10,20,0.2,0,10,0,0
286,0.35,0.55,0.6,10,20,0.3,0,10,0,0
286,0.35,0.55,0.6,10,20,0.4,0,10,0,0
287,0.4,0.55,0.6,10,20,0.2,8,55,15,14
287,0.4,0.55,0.6,10,20,0.3,8,55,15,14
287,0.4,0.55,0.6,10,20,0.4,8,55,15,14
288,0.45,0.55,0.6,10,20,0.2,40,55,42,22
288,0.45,0.55,0.6,10,20,0.3,40,55,42,28
288,0.45,0.55,0.6,10,20,0.4,40,55,42,32
289,0.35,0.4,0.45,15,20,0.2,0,10,0,0
289,0.35,0.4,0.45,15,20,0.3,0,10,0,0
289,0.35,0.4,0.45,15,20,0.4,0,10,0,0
290,0.4,0.4,0.45,15,20,0.2,0,53,6,6
290,0.4,0.4,0.45,15,20,0.3,0,53,6,6
290,0.4,0.4,0.45,15,20,0.4,0,53,6,6
291,0.45,0.4,0.45,15,20,0.2,0,53,6,6
291,0.45,0.4,0.45,15,20,0.3,0,53,6,6
291,0.45,0.4,0.45,15,20,0.4,0,53,6,6
292,0.35,0.45,0.45,15,20,0.2,0,10,0,0
292,0.35,0.45,0.45,15,20,0.3,0,10,0,0
292,0.35,0.45,0.45,15,20,0.4,0,10,0,0
293,0.4,0.45,0.45,15,20,0.2,8,53,14,13
293,0.4,0.45,0.45,15,20,0.3,8,53,14,13
293,0.4,0.45,0.45,15,20,0.4,8,53,14,13
294,0.45,0.45,0.45,15,20,0.2,12,53,15,14
294,0.45,0.45,0.45,15,20,0.3,12,53,15,14
294,0.45,0.45,0.45,15,20,0.4,12,53,15,14
295,0.35,0.5,0.45,15,20,0.2,0,10,0,0
295,0.35,0.5,0.45,15,20,0.3,0,10,0,0
295,0.35,0.5,0.45,15,20,0.4,0,10,0,0
296,0.4,0.5,0.45,15,20,0.2,8,53,14,13
296,0.4,0.5,0.45,15,20,0.3,8,53,14,13
296,0.4,0.5,0.45,15,20,0.4,8,53,14,13
297,0.45,0.5,0.45,15,20,0.2,32,53,34,21
297,0.45,0.5,0.45,15,20,0.3,32,53,34,27
297,0.45,0.5,0.45,15,20,0.4,32,53,34,28
298,0.35,0.55,0.45,15,20,0.2,0,10,0,0
298,0.35,0.55,0.45,15,20,0.3,0,10,0,0
298,0.35,0.55,0.45,15,20,0.4,0,10,0,0
299,0.4,0.55,0.45,15,20,0.2,8,53,14,13
299,0.4,0.55,0.45,15,20,0.3,8,53,14,13
299,0.4,0.55,0.45,15,20,0.4,8,53,14,13
300,0.45,0.55,0.45,15,20,0.2,32,53,34,21
300,0.45,0.55,0.45,15,20,0.3,32,53,34,27
300,0.45,0.55,0.45,15,20,0.4,32,53,34,28
301,0.35,0.4,0.5,15,20,0.2,0,10,0,0
301,0.35,0.4,0.5,15,20,0.3,0,10,0,0
301,0.35,0.4,0.5,15,20,0.4,0,10,0,0
302,0.4,0.4,0.5,15,20,0.2,0,54,7,7
302,0.4,0.4,0.5,15,20,0.3,0,54,7,7
302,0.4,0.4,0.5,15,20,0.4,0,54,7,7
303,0.45,0.4,0.5,15,20,0.2,0,54,7,7
303,0.45,0.4,0.5,15,20,0.3,0,54,7,7
303,0.45,0.4,0.5,15,20,0.4,0,54,7,7
304,0.35,0.45,0.5,15,20,0.2,0,10,0,0
304,0.35,0.45,0.5,15,20,0.3,0,10,0,0
304,0.35,0.45,0.5,15,20,0.4,0,10,0,0
305,0.4,0.45,0.5,15,20,0.2,8,55,15,14
305,0.4,0.45,0.5,15,20,0.3,8,55,15,14
305,0.4,0.45,0.5,15,20,0.4,8,55,15,14
306,0.45,0.45,0.5,15,20,0.2,12,55,16,15
306,0.45,0.45,0.5,15,20,0.3,12,55,16,15
306,0.45,0.45,0.5,15,20,0.4,12,55,16,15
307,0.35,0.5,0.5,15,20,0.2,0,10,0,0
307,0.35,0.5,0.5,15,20,0.3,0,10,0,0
307,0.35,0.5,0.5,15,20,0.4,0,10,0,0
308,0.4,0.5,0.5,15,20,0.2,8,55,15,14
308,0.4,0.5,0.5,15,20,0.3,8,55,15,14
308,0.4,0.5,0.5,15,20,0.4,8,55,15,14
309,0.45,0.5,0.5,15,20,0.2,37,55,39,23
309,0.45,0.5,0.5,15,20,0.3,37,55,39,29
309,0.45,0.5,0.5,15,20,0.4,37,55,39,31
310,0.35,0.55,0.5,15,20,0.2,0,10,0,0
310,0.35,0.55,0.5,15,20,0.3,0,10,0,0
310,0.35,0.55,0.5,15,20,0.4,0,10,0,0
311,0.4,0.55,0.5,15,20,0.2,8,55,15,14
311,0.4,0.55,0.5,15,20,0.3,8,55,15,14
311,0.4,0.55,0.5,15,20,0.4,8,55,15,14
312,0.45,0.55,0.5,15,20,0.2,37,55,39,23
312,0.45,0.55,0.5,15,20,0.3,37,55,39,29
312,0.45,0.55,0.5,15,20,0.4,37,55,39,31
313,0.35,0.4,0.55,15,20,0.2,0,10,0,0
313,0.35,0.4,0.55,15,20,0.3,0,10,0,0
313,0.35,0.4,0.55,15,20,0.4,0,10,0,0
314,0.4,0.4,0.55,15,20,0.2,0,54,7,7
314,0.4,0.4,0.55,15,20,0.3,0,54,7,7
314,0.4,0.4,0.55,15,20,0.4,0,54,7,7
315,0.45,0.4,0.55,15,20,0.2,0,54,7,7
315,0.45,0.4,0.55,15,20,0.3,0,54,7,7
315,0.45,0.4,0.55,15,20,0.4,0,54,7,7
316,0.35,0.45,0.55,15,20,0.2,0,10,0,0
316,0.35,0.45,0.55,15,20,0.3,0,10,0,0
316,0.35,0.45,0.55,15,20,0.4,0,10,0,0
317,0.4,0.45,0.55,15,20,0.2,8,55,15,14
317,0.4,0.45,0.55,15,20,0.3,8,55,15,14
317,0.4,0.45,0.55,15,20,0.4,8,55,15,14
318,0.45,0.45,0.55,15,20,0.2,12,55,16,15
318,0.45,0.45,0.55,15,20,0.3,12,55,16,15
318,0.45,0.45,0.55,15,20,0.4,12,55,16,15
319,0.35,0.5,0.55,15,20,0.2,0,10,0,0
319,0.35,0.5,0.55,15,20,0.3,0,10,0,0
319,0.35,0.5,0.55,15,20,0.4,0,10,0,0
320,0.4,0.5,0.55,15,20,0.2,8,55,15,14
320,0.4,0.5,0.55,15,20,0.3,8,55,15,14
320,0.4,0.5,0.55,15,20,0.4,8,55,15,14
321,0.45,0.5,0.55,15,20,0.2,37,55,39,23
321,0.45,0.5,0.55,15,20,0.3,37,55,39,29
321,0.45,0.5,0.55,15,20,0.4,37,55,39,31
322,0.35,0.55,0.55,15,20,0.2,0,10,0,0
322,0.35,0.55,0.55,15,20,0.3,0,10,0,0
322,0.35,0.55,0.55,15,20,0.4,0,10,0,0
323,0.4,0.55,0.55,15,20,0.2,8,55,15,14
323,0.4,0.55,0.55,15,20,0.3,8,55,15,14
323,0.4,0.55,0.55,15,20,0.4,8,55,15,14
324,0.45,0.55,0.55,15,20,0.2,37,55,39,23
324,0.45,0.55,0.55,15,20,0.3,37,55,39,29
324,0.45,0.55,0.55,15,20,0.4,37,55,39,31
325,0.35,0.4,0.6,15,20,0.2,0,10,0,0
325,0.35,0.4,0.6,15,20,0.3,0,10,0,0
325,0.35,0.4,0.6,15,20,0.4,0,10,0,0
326,0.4,0.4,0.6,15,20,0.2,0,54,7,7
326,0.4,0.4,0.6,15,20,0.3,0,54,7,7
326,0.4,0.4,0.6,15,20,0.4,0,54,7,7
327,0.45,0.4,0.6,15,20,0.2,0,54,7,7
327,0.45,0.4,0.6,15,20,0.3,0,54,7,7
327,0.45,0.4,0.6,15,20,0.4,0,54,7,7
328,0.35,0.45,0.6,15,20,0.2,0,10,0,0
328,0.35,0.45,0.6,15,20,0.3,0,10,0,0
328,0.35,0.45,0.6,15,20,0.4,0,10,0,0
329,0.4,0.45,0.6,15,20,0.2,8,55,15,14
329,0.4,0.45,0.6,15,20,0.3,8,55,15,14
329,0.4,0.45,0.6,15,20,0.4,8,55,15,14
330,0.45,0.45,0.6,15,20,0.2,12,55,16,15
330,0.45,0.45,0.6,15,20,0.3,12,55,16,15
330,0.45,0.45,0.6,15,20,0.4,12,55,16,15
331,0.35,0.5,0.6,15,20,0.2,0,10,0,0
331,0.35,0.5,0.6,15,20,0.3,0,10,0,0
331,0.35,0.5,0.6,15,20,0.4,0,10,0,0
332,0.4,0.5,0.6,15,20,0.2,8,55,15,14
332,0.4,0.5,0.6,15,20,0.3,8,55,15,14
332,0.4,0.5,0.6,15,20,0.4,8,55,15,14
333,0.45,0.5,0.6,15,20,0.2,41,55,43,23
333,0.45,0.5,0.6,15,20,0.3,41,55,43,29
333,0.45,0.5,0.6,15,20,0.4,41,55,43,33
334,0.35,0.55,0.6,15,20,0.2,0,10,0,0
334,0.35,0.55,0.6,15,20,0.3,0,10,0,0
334,0.35,0.55,0.6,15,20,0.4,0,10,0,0
335,0.4,0.55,0.6,15,20,0.2,8,55,15,14
335,0.4,0.55,0.6,15,20,0.3,8,55,15,14
335,0.4,0.55,0.6,15,20,0.4,8,55,15,14
336,0.45,0.55,0.6,15,20,0.2,41,55,43,23
336,0.45,0.55,0.6,15,20,0.3,41,55,43,29
336,0.45,0.55,0.6,15,20,0.4,41,55,43,33
337,0.35,0.4,0.45,20,20,0.2,0,10,0,0
337,0.35,0.4,0.45,20,20,0.3,0,10,0,0
337,0.35,0.4,0.45,20,20,0.4,0,10,0,0
338,0.4,0.4,0.45,20,20,0.2,0,53,6,6
338,0.4,0.4,0.45,20,20,0.3,0,53,6,6
338,0.4,0.4,0.45,20,20,0.4,0,53,6,6
339,0.45,0.4,0.45,20,20,0.2,0,53,6,6
339,0.45,0.4,0.45,20,20,0.3,0,53,6,6
339,0.45,0.4,0.45,20,20,0.4,0,53,6,6
340,0.35,0.45,0.45,20,20,0.2,0,10,0,0
340,0.35,0.45,0.45,20,20,0.3,0,10,0,0
340,0.35,0.45,0.45,20,20,0.4,0,10,0,0
341,0.4,0.45,0.45,20,20,0.2,8,53,14,13
341,0.4,0.45,0.45,20,20,0.3,8,53,14,13
341,0.4,0.45,0.45,20,20,0.4,8,53,14,13
342,0.45,0.45,0.45,20,20,0.2,12,53,15,14
342,0.45,0.45,0.45,20,20,0.3,12,53,15,14
342,0.45,0.45,0.45,20,20,0.4,12,53,15,14
343,0.35,0.5,0.45,20,20,0.2,0,10,0,0
343,0.35,0.5,0.45,20,20,0.3,0,10,0,0
343,0.35,0.5,0.45,20,20,0.4,0,10,0,0
344,0.4,0.5,0.45,20,20,0.2,8,53,14,13
344,0.4,0.5,0.45,20,20,0.3,8,53,14,13
344,0.4,0.5,0.45,20,20,0.4,8,53,14,13
345,0.45,0.5,0.45,20,20,0.2,32,53,34,21
345,0.45,0.5,0.45,20,20,0.3,32,53,34,27
345,0.45,0.5,0.45,20,20,0.4,32,53,34,28
346,0.35,0.55,0.45,20,20,0.2,0,10,0,0
346,0.35,0.55,0.45,20,20,0.3,0,10,0,0
346,0.35,0.55,0.45,20,20,0.4,0,10,0,0
347,0.4,0.55,0.45,20,20,0.2,8,53,14,13
347,0.4,0.55,0.45,20,20,0.3,8,53,14,13
347,0.4,0.55,0.45,20,20,0.4,8,53,14,13
348,0.45,0.55,0.45,20,20,0.2,32,53,34,21
348,0.45,0.55,0.45,20,20,0.3,32,53,34,27
348,0.45,0.55,0.45,20,20,0.4,32,53,34,28
349,0.35,0.4,0.5,20,20,0.2,0,10,0,0
349,0.35,0.4,0.5,20,20,0.3,0,10,0,0
349,0.35,0.4,0.5,20,20,0.4,0,10,0,0
350,0.4,0.4,0.5,20,20,0.2,0,54,7,7
350,0.4,0.4,0.5,20,20,0.3,0,54,7,7
350,0.4,0.4,0.5,20,20,0.4,0,54,7,7
351,0.45,0.4,0.5,20,20,0.2,0,54,7,7
351,0.45,0.4,0.5,20,20,0.3,0,54,7,7
351,0.45,0.4,0.5,20,20,0.4,0,54,7,7
352,0.35,0.45,0.5,20,20,0.2,0,10,0,0
352,0.35,0.45,0.5,20,20,0.3,0,10,0,0
352,0.35,0.45,0.5,20,20,0.4,0,10,0,0
353,0.4,0.45,0.5,20,20,0.2,8,55,15,14
353,0.4,0.45,0.5,20,20,0.3,8,55,15,14
353,0.4,0.45,0.5,20,20,0.4,8,55,15,14
354,0.45,0.45,0.5,20,20,0.2,12,55,16,15
354,0.45,0.45,0.5,20,20,0.3,12,55,16,15
354,0.45,0.45,0.5,20,20,0.4,12,55,16,15
355,0.35,0.5,0.5,20,20,0.2,0,10,0,0
355,0.35,0.5,0.5,20,20,0.3,0,10,0,0
355,0.35,0.5,0.5,20,20,0.4,0,10,0,0
356,0.4,0.5,0.5,20,20,0.2,8,55,15,14
356,0.4,0.5,0.5,20,20,0.3,8,55,15,14
356,0.4,0.5,0.5,20,20,0.4,8,55,15,14
357,0.45,0.5,0.5,20,20,0.2,37,55,39,23
357,0.45,0.5,0.5,20,20,0.3,37,55,39,29
357,0.45,0.5,0.5,20,20,0.4,37,55,39,31
358,0.35,0.55,0.5,20,20,0.2,0,10,0,0
358,0.35,0.55,0.5,20,20,0.3,0,10,0,0
358,0.35,0.55,0.5,20,20,0.4,0,10,0,0
359,0.4,0.55,0.5,20,20,0.2,8,55,15,14
359,0.4,0.55,0.5,20,20,0.3,8,55,15,14
359,0.4,0.55,0.5,20,20,0.4,8,55,15,14
360,0.45,0.55,0.5,20,20,0.2,37,55,39,23
360,0.45,0.55,0.5,20,20,0.3,37,55,39,29
360,0.45,0.55,0.5,20,20,0.4,37,55,39,31
361,0.35,0.4,0.55,20,20,0.2,0,10,0,0
361,0.35,0.4,0.55,20,20,0.3,0,10,0,0
361,0.35,0.4,0.55,20,20,0.4,0,10,0,0
362,0.4,0.4,0.55,20,20,0.2,0,54,7,7
362,0.4,0.4,0.55,20,20,0.3,0,54,7,7
362,0.4,0.4,0.55,20,20,0.4,0,54,7,7
363,0.45,0.4,0.55,20,20,0.2,0,54,7,7
363,0.45,0.4,0.55,20,20,0.3,0,54,7,7
363,0.45,0.4,0.55,20,20,0.4,0,54,7,7
364,0.35,0.45,0.55,20,20,0.2,0,10,0,0
364,0.35,0.45,0.55,20,20,0.3,0,10,0,0
364,0.35,0.45,0.55,20,20,0.4,0,10,0,0
365,0.4,0.45,0.55,20,20,0.2,8,55,15,14
365,0.4,0.45,0.55,20,20,0.3,8,55,15,14
365,0.4,0.45,0.55,20,20,0.4,8,55,15,14
366,0.45,0.45,0.55,20,20,0.2,12,55,16,15
366,0.45,0.45,0.55,20,20,0.3,12,55,16,15
366,0.45,0.45,0.55,20,20,0.4,12,55,16,15
367,0.35,0.5,0.55,20,20,0.2,0,10,0,0
367,0.35,0.5,0.55,20,20,0.3,0,10,0,0
367,0.35,0.5,0.55,20,20,0.4,0,10,0,0
368,0.4,0.5,0.55,20,20,0.2,8,55,15,14
368,0.4,0.5,0.55,20,20,0.3,8,55,15,14
368,0.4,0.5,0.55,20,20,0.4,8,55,15,14
369,0.45,0.5,0.55,20,20,0.2,37,55,39,23
369,0.45,0.5,0.55,20,20,0.3,37,55,39,29
369,0.45,0.5,0.55,20,20,0.4,37,55,39,31
370,0.35,0.55,0.55,20,20,0.2,0,10,0,0
370,0.35,0.55,0.55,20,20,0.3,0,10,0,0
370,0.35,0.55,0.55,20,20,0.4,0,10,0,0
371,0.4,0.55,0.55,20,20,0.2,8,55,15,14
371,0.4,0.55,0.55,20,20,0.3,8,55,15,14
371,0.4,0.55,0.55,20,20,0.4,8,55,15,14
372,0.45,0.55,0.55,20,20,0.2,37,55,39,23
372,0.45,0.55,0.55,20,20,0.3,37,55,39,29
372,0.45,0.55,0.55,20,20,0.4,37,55,39,31
373,0.35,0.4,0.6,20,20,0.2,0,10,0,0
373,0.35,0.4,0.6,20,20,0.3,0,10,0,0
373,0.35,0.4,0.6,20,20,0.4,0,10,0,0
374,0.4,0.4,0.6,20,20,0.2,0,54,7,7
374,0.4,0.4,0.6,20,20,0.3,0,54,7,7
374,0.4,0.4,0.6,20,20,0.4,0,54,7,7
375,0.45,0.4,0.6,20,20,0.2,0,54,7,7
375,0.45,0.4,0.6,20,20,0.3,0,54,7,7
375,0.45,0.4,0.6,20,20,0.4,0,54,7,7
376,0.35,0.45,0.6,20,20,0.2,0,10,0,0
376,0.35,0.45,0.6,20,20,0.3,0,10,0,0
376,0.35,0.45,0.6,20,20,0.4,0,10,0,0
377,0.4,0.45,0.6,20,20,0.2,8,55,15,14
377,0.4,0.45,0.6,20,20,0.3,8,55,15,14
377,0.4,0.45,0.6,20,20,0.4,8,55,15,14
378,0.45,0.45,0.6,20,20,0.2,12,55,16,15
378,0.45,0.45,0.6,20,20,0.3,12,55,16,15
378,0.45,0.45,0.6,20,20,0.4,12,55,16,15
379,0.35,0.5,0.6,20,20,0.2,0,10,0,0
379,0.35,0.5,0.6,20,20,0.3,0,10,0,0
379,0.35,0.5,0.6,20,20,0.4,0,10,0,0
380,0.4,0.5,0.6,20,20,0.2,8,55,15,14
380,0.4,0.5,0.6,20,20,0.3,8,55,15,14
380,0.4,0.5,0.6,20,20,0.4,8,55,15,14
381,0.45,0.5,0.6,20,20,0.2,41,55,43,23
381,0.45,0.5,0.6,20,20,0.3,41,55,43,29
381,0.45,0.5,0.6,20,20,0.4,41,55,43,33
382,0.35,0.55,0.6,20,20,0.2,0,10,0,0
382,0.35,0.55,0.6,20,20,0.3,0,10,0,0
382,0.35,0.55,0.6,20,20,0.4,0,10,0,0
383,0.4,0.55,0.6,20,20,0.2,8,55,15,14
383,0.4,0.55,0.6,20,20,0.3,8,55,15,14
383,0.4,0.55,0.6,20,20,0.4,8,55,15,14
384,0.45,0.55,0.6,20,20,0.2,41,55,43,23
384,0.45,0.55,0.6,20,20,0.3,41,55,43,29
384,0.45,0.55,0.6,20,20,0.4,41,55,43,33
385,0.35,0.4,0.45,5,30,0.2,0,9,0,0
385,0.35,0.4,0.45,5,30,0.3,0,9,0,0
385,0.35,0.4,0.45,5,30,0.4,0,9,0,0
386,0.4,0.4,0.45,5,30,0.2,0,52,6,6
386,0.4,0.4,0.45,5,30,0.3,0,52,6,6
386,0.4,0.4,0.45,5,30,0.4,0,52,6,6
387,0.45,0.4,0.45,5,30,0.2,0,52,6,6
387,0.45,0.4,0.45,5,30,0.3,0,52,6,6
387,0.45,0.4,0.45,5,30,0.4,0,52,6,6
388,0.35,0.45,0.45,5,30,0.2,0,9,0,0
388,0.35,0.45,0.45,5,30,0.3,0,9,0,0
388,0.35,0.45,0.45,5,30,0.4,0,9,0,0
389,0.4,0.45,0.45,5,30,0.2,7,52,13,12
389,0.4,0.45,0.45,5,30,0.3,7,52,13,12
389,0.4,0.45,0.45,5,30,0.4,7,52,13,12
390,0.45,0.45,0.45,5,30,0.2,11,52,15,14
390,0.45,0.45,0.45,5,30,0.3,11,52,15,14
390,0.45,0.45,0.45,5,30,0.4,11,52,15,14
391,0.35,0.5,0.45,5,30,0.2,0,9,0,0
391,0.35,0.5,0.45,5,30,0.3,0,9,0,0
391,0.35,0.5,0.45,5,30,0.4,0,9,0,0
392,0.4,0.5,0.45,5,30,0.2,7,52,13,12
392,0.4,0.5,0.45,5,30,0.3,7,52,13,12
392,0.4,0.5,0.45,5,30,0.4,7,52,13,12
393,0.45,0.5,0.45,5,30,0.2,26,52,30,18
393,0.45,0.5,0.45,5,30,0.3,26,52,30,24
393,0.45,0.5,0.45,5,30,0.4,26,52,30,25
394,0.35,0.55,0.45,5,30,0.2,0,9,0,0
394,0.35,0.55,0.45,5,30,0.3,0,9,0,0
394,0.35,0.55,0.45,5,30,0.4,0,9,0,0
395,0.4,0.55,0.45,5,30,0.2,7,52,13,12
395,0.4,0.55,0.45,5,30,0.3,7,52,13,12
395,0.4,0.55,0.45,5,30,0.4,7,52,13,12
396,0.45,0.55,0.45,5,30,0.2,26,52,30,18
396,0.45,0.55,0.45,5,30,0.3,26,52,30,24
396,0.45,0.55,0.45,5,30,0.4,26,52,30,25
397,0.35,0.4,0.5,5,30,0.2,0,9,0,0
397,0.35,0.4,0.5,5,30,0.3,0,9,0,0
397,0.35,0.4,0.5,5,30,0.4,0,9,0,0
398,0.4,0.4,0.5,5,30,0.2,0,52,6,6
398,0.4,0.4,0.5,5,30,0.3,0,52,6,6
398,0.4,0.4,0.5,5,30,0.4,0,52,6,6
399,0.45,0.4,0.5,5,30,0.2,0,52,6,6
399,0.45,0.4,0.5,5,30,0.3,0,52,6,6
399,0.45,0.4,0.5,5,30,0.4,0,52,6,6
400,0.35,0.45,0.5,5,30,0.2,0,9,0,0
400,0.35,0.45,0.5,5,30,0.3,0,9,0,0
400,0.35,0.45,0.5,5,30,0.4,0,9,0,0
401,0.4,0.45,0.5,5,30,0.2,7,53,13,12
401,0.4,0.45,0.5,5,30,0.3,7,53,13,12
401,0.4,0.45,0.5,5,30,0.4,7,53,13,12
402,0.45,0.45,0.5,5,30,0.2,11,53,15,14
402,0.45,0.45,0.5,5,30,0.3,11,53,15,14
402,0.45,0.45,0.5,5,30,0.4,11,53,15,14
403,0.35,0.5,0.5,5,30,0.2,0,9,0,0
403,0.35,0.5,0.5,5,30,0.3,0,9,0,0
403,0.35,0.5,0.5,5,30,0.4,0,9,0,0
404,0.4,0.5,0.5,5,30,0.2,7,53,13,12
404,0.4,0.5,0.5,5,30,0.3,7,53,13,12
404,0.4,0.5,0.5,5,30,0.4,7,53,13,12
405,0.45,0.5,0.5,5,30,0.2,29,53,33,19
405,0.45,0.5,0.5,5,30,0.3,29,53,33,25
405,0.45,0.5,0.5,5,30,0.4,29,53,33,26
406,0.35,0.55,0.5,5,30,0.2,0,9,0,0
406,0.35,0.55,0.5,5,30,0.3,0,9,0,0
406,0.35,0.55,0.5,5,30,0.4,0,9,0,0
407,0.4,0.55,0.5,5,30,0.2,7,53,13,12
407,0.4,0.55,0.5,5,30,0.3,7,53,13,12
407,0.4,0.55,0.5,5,30,0.4,7,53,13,12
408,0.45,0.55,0.5,5,30,0.2,29,53,33,19
408,0.45,0.55,0.5,5,30,0.3,29,53,33,25
408,0.45,0.55,0.5,5,30,0.4,29,53,33,26
409,0.35,0.4,0.55,5,30,0.2,0,9,0,0
409,0.35,0.4,0.55,5,30,0.3,0,9,0,0
409,0.35,0.4,0.55,5,30,0.4,0,9,0,0
410,0.4,0.4,0.55,5,30,0.2,0,52,6,6
410,0.4,0.4,0.55,5,30,0.3,0,52,6,6
410,0.4,0.4,0.55,5,30,0.4,0,52,6,6
411,0.45,0.4,0.55,5,30,0.2,0,52,6,6
411,0.45,0.4,0.55,5,30,0.3,0,52,6,6
411,0.45,0.4,0.55,5,30,0.4,0,52,6,6
412,0.35,0.45,0.55,5,30,0.2,0,9,0,0
412,0.35,0.45,0.55,5,30,0.3,0,9,0,0
412,0.35,0.45,0.55,5,30,0.4,0,9,0,0
413,0.4,0.45,0.55,5,30,0.2,7,53,13,12
413,0.4,0.45,0.55,5,30,0.3,7,53,13,12
413,0.4,0.45,0.55,5,30,0.4,7,53,13,12
414,0.45,0.45,0.55,5,30,0.2,11,53,15,14
414,0.45,0.45,0.55,5,30,0.3,11,53,15,14
414,0.45,0.45,0.55,5,30,0.4,11,53,15,14
415,0.35,0.5,0.55,5,30,0.2,0,9,0,0
415,0.35,0.5,0.55,5,30,0.3,0,9,0,0
415,0.35,0.5,0.55,5,30,0.4,0,9,0,0
416,0.4,0.5,0.55,5,30,0.2,7,53,13,12
416,0.4,0.5,0.55,5,30,0.3,7,53,13,12
416,0.4,0.5,0.55,5,30,0.4,7,53,13,12
417,0.45,0.5,0.55,5,30,0.2,29,53,33,19
417,0.45,0.5,0.55,5,30,0.3,29,53,33,25
417,0.45,0.5,0.55,5,30,0.4,29,53,33,26
418,0.35,0.55,0.55,5,30,0.2,0,9,0,0
418,0.35,0.55,0.55,5,30,0.3,0,9,0,0
418,0.35,0.55,0.55,5,30,0.4,0,9,0,0
419,0.4,0.55,0.55,5,30,0.2,7,53,13,12
419,0.4,0.55,0.55,5,30,0.3,7,53,13,12
419,0.4,0.55,0.55,5,30,0.4,7,53,13,12
420,0.45,0.55,0.55,5,30,0.2,29,53,33,19
420,0.45,0.55,0.55,5,30,0.3,29,53,33,25
420,0.45,0.55,0.55,5,30,0.4,29,53,33,26
421,0.35,0.4,0.6,5,30,0.2,0,9,0,0
421,0.35,0.4,0.6,5,30,0.3,0,9,0,0
421,0.35,0.4,0.6,5,30,0.4,0,9,0,0
422,0.4,0.4,0.6,5,30,0.2,0,52,6,6
422,0.4,0.4,0.6,5,30,0.3,0,52,6,6
422,0.4,0.4,0.6,5,30,0.4,0,52,6,6
423,0.45,0.4,0.6,5,30,0.2,0,52,6,6
423,0.45,0.4,0.6,5,30,0.3,0,52,6,6
423,0.45,0.4,0.6,5,30,0.4,0,52,6,6
424,0.35,0.45,0.6,5,30,0.2,0,9,0,0
424,0.35,0.45,0.6,5,30,0.3,0,9,0,0
424,0.35,0.45,0.6,5,30,0.4,0,9,0,0
425,0.4,0.45,0.6,5,30,0.2,7,53,13,12
425,0.4,0.45,0.6,5,30,0.3,7,53,13,12
425,0.4,0.45,0.6,5,30,0.4,7,53,13,12
426,0.45,0.45,0.6,5,30,0.2,11,53,15,14
426,0.45,0.45,0.6,5,30,0.3,11,53,15,14
426,0.45,0.45,0.6,5,30,0.4,11,53,15,14
427,0.35,0.5,0.6,5,30,0.2,0,9,0,0
427,0.35,0.5,0.6,5,30,0.3,0,9,0,0
427,0.35,0.5,0.6,5,30,0.4,0,9,0,0
428,0.4,0.5,0.6,5,30,0.2,7,53,13,12
428,0.4,0.5,0.6,5,30,0.3,7,53,13,12
428,0.4,0.5,0.6,5,30,0.4,7,53,13,12
429,0.45,0.5,0.6,5,30,0.2,30,53,34,19
429,0.45,0.5,0.6,5,30,0.3,30,53,34,25
429,0.45,0.5,0.6,5,30,0.4,30,53,34,27
430,0.35,0.55,0.6,5,30,0.2,0,9,0,0
430,0.35,0.55,0.6,5,30,0.3,0,9,0,0
430,0.35,0.55,0.6,5,30,0.4,0,9,0,0
431,0.4,0.55,0.6,5,30,0.2,7,53,13,12
431,0.4,0.55,0.6,5,30,0.3,7,53,13,12
431,0.4,0.55,0.6,5,30,0.4,7,53,13,12
432,0.45,0.55,0.6,5,30,0.2,30,53,34,19
432,0.45,0.55,0.6,5,30,0.3,30,53,34,25
432,0.45,0.55,0.6,5,30,0.4,30,53,34,27
433,0.35,0.4,0.45,10,30,0.2,0,10,0,0
433,0.35,0.4,0.45,10,30,0.3,0,10,0,0
433,0.35,0.4,0.45,10,30,0.4,0,10,0,0
434,0.4,0.4,0.45,10,30,0.2,0,53,6,6
434,0.4,0.4,0.45,10,30,0.3,0,53,6,6
434,0.4,0.4,0.45,10,30,0.4,0,53,6,6
435,0.45,0.4,0.45,10,30,0.2,0,53,6,6
435,0.45,0.4,0.45,10,30,0.3,0,53,6,6
435,0.45,0.4,0.45,10,30,0.4,0,53,6,6
436,0.35,0.45,0.45,10,30,0.2,0,10,0,0
436,0.35,0.45,0.45,10,30,0.3,0,10,0,0
436,0.35,0.45,0.45,10,30,0.4,0,10,0,0
437,0.4,0.45,0.45,10,30,0.2,8,53,14,13
437,0.4,0.45,0.45,10,30,0.3,8,53,14,13
437,0.4,0.45,0.45,10,30,0.4,8,53,14,13
438,0.45,0.45,0.45,10,30,0.2,15,53,18,16
438,0.45,0.45,0.45,10,30,0.3,15,53,18,16
438,0.45,0.45,0.45,10,30,0.4,15,53,18,16
439,0.35,0.5,0.45,10,30,0.2,0,10,0,0
439,0.35,0.5,0.45,10,30,0.3,0,10,0,0
439,0.35,0.5,0.45,10,30,0.4,0,10,0,0
440,0.4,0.5,0.45,10,30,0.2,8,53,14,13
440,0.4,0.5,0.45,10,30,0.3,8,53,14,13
440,0.4,0.5,0.45,10,30,0.4,8,53,14,13
441,0.45,0.5,0.45,10,30,0.2,36,53,38,23
441,0.45,0.5,0.45,10,30,0.3,36,53,38,30
441,0.45,0.5,0.45,10,30,0.4,36,53,38,31
442,0.35,0.55,0.45,10,30,0.2,0,10,0,0
442,0.35,0.55,0.45,10,30,0.3,0,10,0,0
442,0.35,0.55,0.45,10,30,0.4,0,10,0,0
443,0.4,0.55,0.45,10,30,0.2,8,53,14,13
443,0.4,0.55,0.45,10,30,0.3,8,53,14,13
443,0.4,0.55,0.45,10,30,0.4,8,53,14,13
444,0.45,0.55,0.45,10,30,0.2,36,53,38,23
444,0.45,0.55,0.45,10,30,0.3,36,53,38,30
444,0.45,0.55,0.45,10,30,0.4,36,53,38,31
445,0.35,0.4,0.5,10,30,0.2,0,10,0,0
445,0.35,0.4,0.5,10,30,0.3,0,10,0,0
445,0.35,0.4,0.5,10,30,0.4,0,10,0,0
446,0.4,0.4,0.5,10,30,0.2,0,54,7,7
446,0.4,0.4,0.5,10,30,0.3,0,54,7,7
446,0.4,0.4,0.5,10,30,0.4,0,54,7,7
447,0.45,0.4,0.5,10,30,0.2,0,54,7,7
447,0.45,0.4,0.5,10,30,0.3,0,54,7,7
447,0.45,0.4,0.5,10,30,0.4,0,54,7,7
448,0.35,0.45,0.5,10,30,0.2,0,10,0,0
448,0.35,0.45,0.5,10,30,0.3,0,10,0,0
448,0.35,0.45,0.5,10,30,0.4,0,10,0,0
449,0.4,0.45,0.5,10,30,0.2,8,55,15,14
449,0.4,0.45,0.5,10,30,0.3,8,55,15,14
449,0.4,0.45,0.5,10,30,0.4,8,55,15,14
450,0.45,0.45,0.5,10,30,0.2,15,55,19,17
450,0.45,0.45,0.5,10,30,0.3,15,55,19,17
450,0.45,0.45,0.5,10,30,0.4,15,55,19,17
451,0.35,0.5,0.5,10,30,0.2,0,10,0,0
451,0.35,0.5,0.5,10,30,0.3,0,10,0,0
451,0.35,0.5,0.5,10,30,0.4,0,10,0,0
452,0.4,0.5,0.5,10,30,0.2,8,55,15,14
452,0.4,0.5,0.5,10,30,0.3,8,55,15,14
452,0.4,0.5,0.5,10,30,0.4,8,55,15,14
453,0.45,0.5,0.5,10,30,0.2,41,55,43,25
453,0.45,0.5,0.5,10,30,0.3,41,55,43,32
453,0.45,0.5,0.5,10,30,0.4,41,55,43,34
454,0.35,0.55,0.5,10,30,0.2,0,10,0,0
454,0.35,0.55,0.5,10,30,0.3,0,10,0,0
454,0.35,0.55,0.5,10,30,0.4,0,10,0,0
455,0.4,0.55,0.5,10,30,0.2,8,55,15,14
455,0.4,0.55,0.5,10,30,0.3,8,55,15,14
455,0.4,0.55,0.5,10,30,0.4,8,55,15,14
456,0.45,0.55,0.5,10,30,0.2,41,55,43,25
456,0.45,0.55,0.5,10,30,0.3,41,55,43,32
456,0.45,0.55,0.5,10,30,0.4,41,55,43,34
457,0.35,0.4,0.55,10,30,0.2,0,10,0,0
457,0.35,0.4,0.55,10,30,0.3,0,10,0,0
457,0.35,0.4,0.55,10,30,0.4,0,10,0,0
458,0.4,0.4,0.55,10,30,0.2,0,54,7,7
458,0.4,0.4,0.55,10,30,0.3,0,54,7,7
458,0.4,0.4,0.55,10,30,0.4,0,54,7,7
459,0.45,0.4,0.55,10,30,0.2,0,54,7,7
459,0.45,0.4,0.55,10,30,0.3,0,54,7,7
459,0.45,0.4,0.55,10,30,0.4,0,54,7,7
460,0.35,0.45,0.55,10,30,0.2,0,10,0,0
460,0.35,0.45,0.55,10,30,0.3,0,10,0,0
460,0.35,0.45,0.55,10,30,0.4,0,10,0,0
461,0.4,0.45,0.55,10,30,0.2,8,55,15,14
461,0.4,0.45,0.55,10,30,0.3,8,55,15,14
461,0.4,0.45,0.55,10,30,0.4,8,55,15,14
462,0.45,0.45,0.55,10,30,0.2,15,55,19,17
462,0.45,0.45,0.55,10,30,0.3,15,55,19,17
462,0.45,0.45,0.55,10,30,0.4,15,55,19,17
463,0.35,0.5,0.55,10,30,0.2,0,10,0,0
463,0.35,0.5,0.55,10,30,0.3,0,10,0,0
463,0.35,0.5,0.55,10,30,0.4,0,10,0,0
464,0.4,0.5,0.55,10,30,0.2,8,55,15,14
464,0.4,0.5,0.55,10,30,0.3,8,55,15,14
464,0.4,0.5,0.55,10,30,0.4,8,55,15,14
465,0.45,0.5,0.55,10,30,0.2,41,55,43,25
465,0.45,0.5,0.55,10,30,0.3,41,55,43,32
465,0.45,0.5,0.55,10,30,0.4,41,55,43,34
466,0.35,0.55,0.55,10,30,0.2,0,10,0,0
466,0.35,0.55,0.55,10,30,0.3,0,10,0,0
466,0.35,0.55,0.55,10,30,0.4,0,10,0,0
467,0.4,0.55,0.55,10,30,0.2,8,55,15,14
467,0.4,0.55,0.55,10,30,0.3,8,55,15,14
467,0.4,0.55,0.55,10,30,0.4,8,55,15,14
468,0.45,0.55,0.55,10,30,0.2,41,55,43,25
468,0.45,0.55,0.55,10,30,0.3,41,55,43,32
468,0.45,0.55,0.55,10,30,0.4,41,55,43,34
469,0.35,0.4,0.6,10,30,0.2,0,10,0,0
469,0.35,0.4,0.6,10,30,0.3,0,10,0,0
469,0.35,0.4,0.6,10,30,0.4,0,10,0,0
470,0.4,0.4,0.6,10,30,0.2,0,54,7,7
470,0.4,0.4,0.6,10,30,0.3,0,54,7,7
470,0.4,0.4,0.6,10,30,0.4,0,54,7,7
471,0.45,0.4,0.6,10,30,0.2,0,54,7,7
471,0.45,0.4,0.6,10,30,0.3,0,54,7,7
471,0.45,0.4,0.6,10,30,0.4,0,54,7,7
472,0.35,0.45,0.6,10,30,0.2,0,10,0,0
472,0.35,0.45,0.6,10,30,0.3,0,10,0,0
472,0.35,0.45,0.6,10,30,0.4,0,10,0,0
473,0.4,0.45,0.6,10,30,0.2,8,55,15,14
473,0.4,0.45,0.6,10,30,0.3,8,55,15,14
473,0.4,0.45,0.6,10,30,0.4,8,55,15,14
474,0.45,0.45,0.6,10,30,0.2,15,55,19,17
474,0.45,0.45,0.6,10,30,0.3,15,55,19,17
474,0.45,0.45,0.6,10,30,0.4,15,55,19,17
475,0.35,0.5,0.6,10,30,0.2,0,10,0,0
475,0.35,0.5,0.6,10,30,0.3,0,10,0,0
475,0.35,0.5,0.6,10,30,0.4,0,10,0,0
476,0.4,0.5,0.6,10,30,0.2,8,55,15,14
476,0.4,0.5,0.6,10,30,0.3,8,55,15,14
476,0.4,0.5,0.6,10,30,0.4,8,55,15,14
477,0.45,0.5,0.6,10,30,0.2,45,55,47,25
477,0.45,0.5,0.6,10,30,0.3,45,55,47,32
477,0.45,0.5,0.6,10,30,0.4,45,55,47,36
478,0.35,0.55,0.6,10,30,0.2,0,10,0,0
478,0.35,0.55,0.6,10,30,0.3,0,10,0,0
478,0.35,0.55,0.6,10,30,0.4,0,10,0,0
479,0.4,0.55,0.6,10,30,0.2,8,55,15,14
479,0.4,0.55,0.6,10,30,0.3,8,55,15,14
479,0.4,0.55,0.6,10,30,0.4,8,55,15,14
480,0.45,0.55,0.6,10,30,0.2,45,55,47,25
480,0.45,0.55,0.6,10,30,0.3,45,55,47,32
480,0.45,0.55,0.6,10,30,0.4,45,55,47,36
481,0.35,0.4,0.45,15,30,0.2,0,10,0,0
481,0.35,0.4,0.45,15,30,0.3,0,10,0,0
481,0.35,0.4,0.45,15,30,0.4,0,10,0,0
482,0.4,0.4,0.45,15,30,0.2,0,53,6,6
482,0.4,0.4,0.45,15,30,0.3,0,53,6,6
482,0.4,0.4,0.45,15,30,0.4,0,53,6,6
483,0.45,0.4,0.45,15,30,0.2,0,53,6,6
483,0.45,0.4,0.45,15,30,0.3,0,53,6,6
483,0.45,0.4,0.45,15,30,0.4,0,53,6,6
484,0.35,0.45,0.45,15,30,0.2,0,10,0,0
484,0.35,0.45,0.45,15,30,0.3,0,10,0,0
484,0.35,0.45,0.45,15,30,0.4,0,10,0,0
485,0.4,0.45,0.45,15,30,0.2,8,53,14,13
485,0.4,0.45,0.45,15,30,0.3,8,53,14,13
485,0.4,0.45,0.45,15,30,0.4,8,53,14,13
486,0.45,0.45,0.45,15,30,0.2,16,53,19,17
486,0.45,0.45,0.45,15,30,0.3,16,53,19,17
486,0.45,0.45,0.45,15,30,0.4,16,53,19,17
487,0.35,0.5,0.45,15,30,0.2,0,10,0,0
487,0.35,0.5,0.45,15,30,0.3,0,10,0,0
487,0.35,0.5,0.45,15,30,0.4,0,10,0,0
488,0.4,0.5,0.45,15,30,0.2,8,53,14,13
488,0.4,0.5,0.45,15,30,0.3,8,53,14,13
488,0.4,0.5,0.45,15,30,0.4,8,53,14,13
489,0.45,0.5,0.45,15,30,0.2,37,53,39,24
489,0.45,0.5,0.45,15,30,0.3,37,53,39,31
489,0.45,0.5,0.45,15,30,0.4,37,53,39,32
490,0.35,0.55,0.45,15,30,0.2,0,10,0,0
490,0.35,0.55,0.45,15,30,0.3,0,10,0,0
490,0.35,0.55,0.45,15,30,0.4,0,10,0,0
491,0.4,0.55,0.45,15,30,0.2,8,53,14,13
491,0.4,0.55,0.45,15,30,0.3,8,53,14,13
491,0.4,0.55,0.45,15,30,0.4,8,53,14,13
492,0.45,0.55,0.45,15,30,0.2,37,53,39,24
492,0.45,0.55,0.45,15,30,0.3,37,53,39,31
492,0.45,0.55,0.45,15,30,0.4,37,53,39,32
493,0.35,0.4,0.5,15,30,0.2,0,10,0,0
493,0.35,0.4,0.5,15,30,0.3,0,10,0,0
493,0.35,0.4,0.5,15,30,0.4,0,10,0,0
494,0.4,0.4,0.5,15,30,0.2,0,54,7,7
494,0.4,0.4,0.5,15,30,0.3,0,54,7,7
494,0.4,0.4,0.5,15,30,0.4,0,54,7,7
495,0.45,0.4,0.5,15,30,0.2,0,54,7,7
495,0.45,0.4,0.5,15,30,0.3,0,54,7,7
495,0.45,0.4,0.5,15,30,0.4,0,54,7,7
496,0.35,0.45,0.5,15,30,0.2,0,10,0,0
496,0.35,0.45,0.5,15,30,0.3,0,10,0,0
496,0.35,0.45,0.5,15,30,0.4,0,10,0,0
497,0.4,0.45,0.5,15,30,0.2,8,55,15,14
497,0.4,0.45,0.5,15,30,0.3,8,55,15,14
497,0.4,0.45,0.5,15,30,0.4,8,55,15,14
498,0.45,0.45,0.5,15,30,0.2,16,55,20,18
498,0.45,0.45,0.5,15,30,0.3,16,55,20,18
498,0.45,0.45,0.5,15,30,0.4,16,55,20,18
499,0.35,0.5,0.5,15,30,0.2,0,10,0,0
499,0.35,0.5,0.5,15,30,0.3,0,10,0,0
499,0.35,0.5,0.5,15,30,0.4,0,10,0,0
500,0.4,0.5,0.5,15,30,0.2,8,55,15,14
500,0.4,0.5,0.5,15,30,0.3,8,55,15,14
500,0.4,0.5,0.5,15,30,0.4,8,55,15,14
501,0.45,0.5,0.5,15,30,0.2,42,55,44,26
501,0.45,0.5,0.5,15,30,0.3,42,55,44,33
501,0.45,0.5,0.5,15,30,0.4,42,55,44,35
502,0.35,0.55,0.5,15,30,0.2,0,10,0,0
502,0.35,0.55,0.5,15,30,0.3,0,10,0,0
502,0.35,0.55,0.5,15,30,0.4,0,10,0,0
503,0.4,0.55,0.5,15,30,0.2,8,55,15,14
503,0.4,0.55,0.5,15,30,0.3,8,55,15,14
503,0.4,0.55,0.5,15,30,0.4,8,55,15,14
504,0.45,0.55,0.5,15,30,0.2,42,55,44,26
504,0.45,0.55,0.5,15,30,0.3,42,55,44,33
504,0.45,0.55,0.5,15,30,0.4,42,55,44,35
505,0.35,0.4,0.55,15,30,0.2,0,10,0,0
505,0.35,0.4,0.55,15,30,0.3,0,10,0,0
505,0.35,0.4,0.55,15,30,0.4,0,10,0,0
506,0.4,0.4,0.55,15,30,0.2,0,54,7,7
506,0.4,0.4,0.55,15,30,0.3,0,54,7,7
506,0.4,0.4,0.55,15,30,0.4,0,54,7,7
507,0.45,0.4,0.55,15,30,0.2,0,54,7,7
507,0.45,0.4,0.55,15,30,0.3,0,54,7,7
507,0.45,0.4,0.55,15,30,0.4,0,54,7,7
508,0.35,0.45,0.55,15,30,0.2,0,10,0,0
508,0.35,0.45,0.55,15,30,0.3,0,10,0,0
508,0.35,0.45,0.55,15,30,0.4,0,10,0,0
509,0.4,0.45,0.55,15,30,0.2,8,55,15,14
509,0.4,0.45,0.55,15,30,0.3,8,55,15,14
509,0.4,0.45,0.55,15,30,0.4,8,55,15,14
510,0.45,0.45,0.55,15,30,0.2,16,55,20,18
510,0.45,0.45,0.55,15,30,0.3,16,55,20,18
510,0.45,0.45,0.55,15,30,0.4,16,55,20,18
511,0.35,0.5,0.55,15,30,0.2,0,10,0,0
511,0.35,0.5,0.55,15,30,0.3,0,10,0,0
511,0.35,0.5,0.55,15,30,0.4,0,10,0,0
512,0.4,0.5,0.55,15,30,0.2,8,55,15,14
512,0.4,0.5,0.55,15,30,0.3,8,55,15,14
512,0.4,0.5,0.55,15,30,0.4,8,55,15,14
513,0.45,0.5,0.55,15,30,0.2,42,55,44,26
513,0.45,0.5,0.55,15,30,0.3,42,55,44,33
513,0.45,0.5,0.55,15,30,0.4,42,55,44,35
514,0.35,0.55,0.55,15,30,0.2,0,10,0,0
514,0.35,0.55,0.55,15,30,0.3,0,10,0,0
514,0.35,0.55,0.55,15,30,0.4,0,10,0,0
515,0.4,0.55,0.55,15,30,0.2,8,55,15,14
515,0.4,0.55,0.55,15,30,0.3,8,55,15,14
515,0.4,0.55,0.55,15,30,0.4,8,55,15,14
516,0.45,0.55,0.55,15,30,0.2,42,55,44,26
516,0.45,0.55,0.55,15,30,0.3,42,55,44,33
516,0.45,0.55,0.55,15,30,0.4,42,55,44,35
517,0.35,0.4,0.6,15,30,0.2,0,10,0,0
517,0.35,0.4,0.6,15,30,0.3,0,10,0,0
517,0.35,0.4,0.6,15,30,0.4,0,10,0,0
518,0.4,0.4,0.6,15,30,0.2,0,54,7,7
518,0.4,0.4,0.6,15,30,0.3,0,54,7,7
518,0.4,0.4,0.6,15,30,0.4,0,54,7,7
519,0.45,0.4,0.6,15,30,0.2,0,54,7,7
519,0.45,0.4,0.6,15,30,0.3,0,54,7,7
519,0.45,0.4,0.6,15,30,0.4,0,54,7,7
520,0.35,0.45,0.6,15,30,0.2,0,10,0,0
520,0.35,0.45,0.6,15,30,0.3,0,10,0,0
520,0.35,0.45,0.6,15,30,0.4,0,10,0,0
521,0.4,0.45,0.6,15,30,0.2,8,55,15,14
521,0.4,0.45,0.6,15,30,0.3,8,55,15,14
521,0.4,0.45,0.6,15,30,0.4,8,55,15,14
522,0.45,0.45,0.6,15,30,0.2,16,55,20,18
522,0.45,0.45,0.6,15,30,0.3,16,55,20,18
522,0.45,0.45,0.6,15,30,0.4,16,55,20,18
523,0.35,0.5,0.6,15,30,0.2,0,10,0,0
523,0.35,0.5,0.6,15,30,0.3,0,10,0,0
523,0.35,0.5,0.6,15,30,0.4,0,10,0,0
524,0.4,0.5,0.6,15,30,0.2,8,55,15,14
524,0.4,0.5,0.6,15,30,0.3,8,55,15,14
524,0.4,0.5,0.6,15,30,0.4,8,55,15,14
525,0.45,0.5,0.6,15,30,0.2,46,55,48,26
525,0.45,0.5,0.6,15,30,0.3,46,55,48,33
525,0.45,0.5,0.6,15,30,0.4,46,55,48,37
526,0.35,0.55,0.6,15,30,0.2,0,10,0,0
526,0.35,0.55,0.6,15,30,0.3,0,10,0,0
526,0.35,0.55,0.6,15,30,0.4,0,10,0,0
527,0.4,0.55,0.6,15,30,0.2,8,55,15,14
527,0.4,0.55,0.6,15,30,0.3,8,55,15,14
527,0.4,0.55,0.6,15,30,0.4,8,55,15,14
528,0.45,0.55,0.6,15,30,0.2,46,55,48,26
528,0.45,0.55,0.6,15,30,0.3,46,55,48,33
528,0.45,0.55,0.6,15,30,0.4,46,55,48,37
529,0.35,0.4,0.45,20,30,0.2,0,10,0,0
529,0.35,0.4,0.45,20,30,0.3,0,10,0,0
529,0.35,0.4,0.45,20,30,0.4,0,10,0,0
530,0.4,0.4,0.45,20,30,0.2,0,53,6,6
530,0.4,0.4,0.45,20,30,0.3,0,53,6,6
530,0.4,0.4,0.45,20,30,0.4,0,53,6,6
531,0.45,0.4,0.45,20,30,0.2,0,53,6,6
531,0.45,0.4,0.45,20,30,0.3,0,53,6,6
531,0.45,0.4,0.45,20,30,0.4,0,53,6,6
532,0.35,0.45,0.45,20,30,0.2,0,10,0,0
532,0.35,0.45,0.45,20,30,0.3,0,10,0,0
532,0.35,0.45,0.45,20,30,0.4,0,10,0,0
533,0.4,0.45,0.45,20,30,0.2,8,53,14,13
533,0.4,0.45,0.45,20,30,0.3,8,53,14,13
533,0.4,0.45,0.45,20,30,0.4,8,53,14,13
534,0.45,0.45,0.45,20,30,0.2,16,53,19,17
534,0.45,0.45,0.45,20,30,0.3,16,53,19,17
534,0.45,0.45,0.45,20,30,0.4,16,53,19,17
535,0.35,0.5,0.45,20,30,0.2,0,10,0,0
535,0.35,0.5,0.45,20,30,0.3,0,10,0,0
535,0.35,0.5,0.45,20,30,0.4,0,10,0,0
536,0.4,0.5,0.45,20,30,0.2,8,53,14,13
536,0.4,0.5,0.45,20,30,0.3,8,53,14,13
536,0.4,0.5,0.45,20,30,0.4,8,53,14,13
537,0.45,0.5,0.45,20,30,0.2,37,53,39,24
537,0.45,0.5,0.45,20,30,0.3,37,53,39,31
537,0.45,0.5,0.45,20,30,0.4,37,53,39,32
538,0.35,0.55,0.45,20,30,0.2,0,10,0,0
538,0.35,0.55,0.45,20,30,0.3,0,10,0,0
538,0.35,0.55,0.45,20,30,0.4,0,10,0,0
539,0.4,0.55,0.45,20,30,0.2,8,53,14,13
539,0.4,0.55,0.45,20,30,0.3,8,53,14,13
539,0.4,0.55,0.45,20,30,0.4,8,53,14,13
540,0.45,0.55,0.45,20,30,0.2,37,53,39,24
540,0.45,0.55,0.45,20,30,0.3,37,53,39,31
540,0.45,0.55,0.45,20,30,0.4,37,53,39,32
541,0.35,0.4,0.5,20,30,0.2,0,10,0,0
541,0.35,0.4,0.5,20,30,0.3,0,10,0,0
541,0.35,0.4,0.5,20,30,0.4,0,10,0,0
542,0.4,0.4,0.5,20,30,0.2,0,54,7,7
542,0.4,0.4,0.5,20,30,0.3,0,54,7,7
542,0.4,0.4,0.5,20,30,0.4,0,54,7,7
543,0.45,0.4,0.5,20,30,0.2,0,54,7,7
543,0.45,0.4,0.5,20,30,0.3,0,54,7,7
543,0.45,0.4,0.5,20,30,0.4,0,54,7,7
544,0.35,0.45,0.5,20,30,0.2,0,10,0,0
544,0.35,0.45,0.5,20,30,0.3,0,10,0,0
544,0.35,0.45,0.5,20,30,0.4,0,10,0,0
545,0.4,0.45,0.5,20,30,0.2,8,55,15,14
545,0.4,0.45,0.5,20,30,0.3,8,55,15,14
545,0.4,0.45,0.5,20,30,0.4,8,55,15,14
546,0.45,0.45,0.5,20,30,0.2,16,55,20,18
546,0.45,0.45,0.5,20,30,0.3,16,55,20,18
546,0.45,0.45,0.5,20,30,0.4,16,55,20,18
547,0.35,0.5,0.5,20,30,0.2,0,10,0,0
547,0.35,0.5,0.5,20,30,0.3,0,10,0,0
547,0.35,0.5,0.5,20,30,0.4,0,10,0,0
548,0.4,0.5,0.5,20,30,0.2,8,55,15,14
548,0.4,0.5,0.5,20,30,0.3,8,55,15,14
548,0.4,0.5,0.5,20,30,0.4,8,55,15,14
549,0.45,0.5,0.5,20,30,0.2,42,55,44,26
549,0.45,0.5,0.5,20,30,0.3,42,55,44,33
549,0.45,0.5,0.5,20,30,0.4,42,55,44,35
550,0.35,0.55,0.5,20,30,0.2,0,10,0,0
550,0.35,0.55,0.5,20,30,0.3,0,10,0,0
550,0.35,0.55,0.5,20,30,0.4,0,10,0,0
551,0.4,0.55,0.5,20,30,0.2,8,55,15,14
551,0.4,0.55,0.5,20,30,0.3,8,55,15,14
551,0.4,0.55,0.5,20,30,0.4,8,55,15,14
552,0.45,0.55,0.5,20,30,0.2,42,55,44,26
552,0.45,0.55,0.5,20,30,0.3,42,55,44,33
552,0.45,0.55,0.5,20,30,0.4,42,55,44,35
553,0.35,0.4,0.55,20,30,0.2,0,10,0,0
553,0.35,0.4,0.55,20,30,0.3,0,10,0,0
553,0.35,0.4,0.55,20,30,0.4,0,10,0,0
554,0.4,0.4,0.55,20,30,0.2,0,54,7,7
554,0.4,0.4,0.55,20,30,0.3,0,54,7,7
554,0.4,0.4,0.55,20,30,0.4,0,54,7,7
555,0.45,0.4,0.55,20,30,0.2,0,54,7,7
555,0.45,0.4,0.55,20,30,0.3,0,54,7,7
555,0.45,0.4,0.55,20,30,0.4,0,54,7,7
556,0.35,0.45,0.55,20,30,0.2,0,10,0,0
556,0.35,0.45,0.55,20,30,0.3,0,10,0,0
556,0.35,0.45,0.55,20,30,0.4,0,10,0,0
557,0.4,0.45,0.55,20,30,0.2,8,55,15,14
557,0.4,0.45,0.55,20,30,0.3,8,55,15,14
557,0.4,0.45,0.55,20,30,0.4,8,55,15,14
558,0.45,0.45,0.55,20,30,0.2,16,55,20,18
558,0.45,0.45,0.55,20,30,0.3,16,55,20,18
558,0.45,0.45,0.55,20,30,0.4,16,55,20,18
559,0.35,0.5,0.55,20,30,0.2,0,10,0,0
559,0.35,0.5,0.55,20,30,0.3,0,10,0,0
559,0.35,0.5,0.55,20,30,0.4,0,10,0,0
560,0.4,0.5,0.55,20,30,0.2,8,55,15,14
560,0.4,0.5,0.55,20,30,0.3,8,55,15,14
560,0.4,0.5,0.55,20,30,0.4,8,55,15,14
561,0.45,0.5,0.55,20,30,0.2,42,55,44,26
561,0.45,0.5,0.55,20,30,0.3,42,55,44,33
561,0.45,0.5,0.55,20,30,0.4,42,55,44,35
562,0.35,0.55,0.55,20,30,0.2,0,10,0,0
562,0.35,0.55,0.55,20,30,0.3,0,10,0,0
562,0.35,0.55,0.55,20,30,0.4,0,10,0,0
563,0.4,0.55,0.55,20,30,0.2,8,55,15,14
563,0.4,0.55,0.55,20,30,0.3,8,55,15,14
563,0.4,0.55,0.55,20,30,0.4,8,55,15,14
564,0.45,0.55,0.55,20,30,0.2,42,55,44,26
564,0.45,0.55,0.55,20,30,0.3,42,55,44,33
564,0.45,0.55,0.55,20,30,0.4,42,55,44,35
565,0.35,0.4,0.6,20,30,0.2,0,10,0,0
565,0.35,0.4,0.6,20,30,0.3,0,10,0,0
565,0.35,0.4,0.6,20,30,0.4,0,10,0,0
566,0.4,0.4,0.6,20,30,0.2,0,54,7,7
566,0.4,0.4,0.6,20,30,0.3,0,54,7,7
566,0.4,0.4,0.6,20,30,0.4,0,54,7,7
567,0.45,0.4,0.6,20,30,0.2,0,54,7,7
567,0.45,0.4,0.6,20,30,0.3,0,54,7,7
567,0.45,0.4,0.6,20,30,0.4,0,54,7,7
568,0.35,0.45,0.6,20,30,0.2,0,10,0,0
568,0.35,0.45,0.6,20,30,0.3,0,10,0,0
568,0.35,0.45,0.6,20,30,0.4,0,10,0,0
569,0.4,0.45,0.6,20,30,0.2,8,55,15,14
569,0.4,0.45,0.6,20,30,0.3,8,55,15,14
569,0.4,0.45,0.6,20,30,0.4,8,55,15,14
570,0.45,0.45,0.6,20,30,0.2,16,55,20,18
570,0.45,0.45,0.6,20,30,0.3,16,55,20,18
570,0.45,0.45,0.6,20,30,0.4,16,55,20,18
571,0.35,0.5,0.6,20,30,0.2,0,10,0,0
571,0.35,0.5,0.6,20,30,0.3,0,10,0,0
571,0.35,0.5,0.6,20,30,0.4,0,10,0,0
572,0.4,0.5,0.6,20,30,0.2,8,55,15,14
572,0.4,0.5,0.6,20,30,0.3,8,55,15,14
572,0.4,0.5,0.6,20,30,0.4,8,55,15,14
573,0.45,0.5,0.6,20,30,0.2,46,55,48,26
573,0.45,0.5,0.6,20,30,0.3,46,55,48,33
573,0.45,0.5,0.6,20,30,0.4,46,55,48,37
574,0.35,0.55,0.6,20,30,0.2,0,10,0,0
574,0.35,0.55,0.6,20,30,0.3,0,10,0,0
574,0.35,0.55,0.6,20,30,0.4,0,10,0,0
575,0.4,0.55,0.6,20,30,0.2,8,55,15,14
575,0.4,0.55,0.6,20,30,0.3,8,55,15,14
575,0.4,0.55,0.6,20,30,0.4,8,55,15,14
576,0.45,0.55,0.6,20,30,0.2,46,55,48,26
576,0.45,0.55,0.6,20,30,0.3,46,55,48,33
576,0.45,0.55,0.6,20,30,0.4,46,55,48,37
577,0.35,0.4,0.45,5,50,0.2,0,9,0,0
577,0.35,0.4,0.45,5,50,0.3,0,9,0,0
577,0.35,0.4,0.45,5,50,0.4,0,9,0,0
578,0.4,0.4,0.45,5,50,0.2,0,52,6,6
578,0.4,0.4,0.45,5,50,0.3,0,52,6,6
578,0.4,0.4,0.45,5,50,0.4,0,52,6,6
579,0.45,0.4,0.45,5,50,0.2,0,52,6,6
579,0.45,0.4,0.45,5,50,0.3,0,52,6,6
579,0.45,0.4,0.45,5,50,0.4,0,52,6,6
580,0.35,0.45,0.45,5,50,0.2,0,9,0,0
580,0.35,0.45,0.45,5,50,0.3,0,9,0,0
580,0.35,0.45,0.45,5,50,0.4,0,9,0,0
581,0.4,0.45,0.45,5,50,0.2,9,52,15,14
581,0.4,0.45,0.45,5,50,0.3,9,52,15,14
581,0.4,0.45,0.45,5,50,0.4,9,52,15,14
582,0.45,0.45,0.45,5,50,0.2,13,52,17,16
582,0.45,0.45,0.45,5,50,0.3,13,52,17,16
582,0.45,0.45,0.45,5,50,0.4,13,52,17,16
583,0.35,0.5,0.45,5,50,0.2,0,9,0,0
583,0.35,0.5,0.45,5,50,0.3,0,9,0,0
583,0.35,0.5,0.45,5,50,0.4,0,9,0,0
584,0.4,0.5,0.45,5,50,0.2,9,52,15,14
584,0.4,0.5,0.45,5,50,0.3,9,52,15,14
584,0.4,0.5,0.45,5,50,0.4,9,52,15,14
585,0.45,0.5,0.45,5,50,0.2,28,52,32,20
585,0.45,0.5,0.45,5,50,0.3,28,52,32,26
585,0.45,0.5,0.45,5,50,0.4,28,52,32,27
586,0.35,0.55,0.45,5,50,0.2,0,9,0,0
586,0.35,0.55,0.45,5,50,0.3,0,9,0,0
586,0.35,0.55,0.45,5,50,0.4,0,9,0,0
587,0.4,0.55,0.45,5,50,0.2,9,52,15,14
587,0.4,0.55,0.45,5,50,0.3,9,52,15,14
587,0.4,0.55,0.45,5,50,0.4,9,52,15,14
588,0.45,0.55,0.45,5,50,0.2,28,52,32,20
588,0.45,0.55,0.45,5,50,0.3,28,52,32,26
588,0.45,0.55,0.45,5,50,0.4,28,52,32,27
589,0.35,0.4,0.5,5,50,0.2,0,9,0,0
589,0.35,0.4,0.5,5,50,0.3,0,9,0,0
589,0.35,0.4,0.5,5,50,0.4,0,9,0,0
590,0.4,0.4,0.5,5,50,0.2,0,52,6,6
590,0.4,0.4,0.5,5,50,0.3,0,52,6,6
590,0.4,0.4,0.5,5,50,0.4,0,52,6,6
591,0.45,0.4,0.5,5,50,0.2,0,52,6,6
591,0.45,0.4,0.5,5,50,0.3,0,52,6,6
591,0.45,0.4,0.5,5,50,0.4,0,52,6,6
592,0.35,0.45,0.5,5,50,0.2,0,9,0,0
592,0.35,0.45,0.5,5,50,0.3,0,9,0,0
592,0.35,0.45,0.5,5,50,0.4,0,9,0,0
593,0.4,0.45,0.5,5,50,0.2,9,53,15,14
593,0.4,0.45,0.5,5,50,0.3,9,53,15,14
593,0.4,0.45,0.5,5,50,0.4,9,53,15,14
594,0.45,0.45,0.5,5,50,0.2,13,53,17,16
594,0.45,0.45,0.5,5,50,0.3,13,53,17,16
594,0.45,0.45,0.5,5,50,0.4,13,53,17,16
595,0.35,0.5,0.5,5,50,0.2,0,9,0,0
595,0.35,0.5,0.5,5,50,0.3,0,9,0,0
595,0.35,0.5,0.5,5,50,0.4,0,9,0,0
596,0.4,0.5,0.5,5,50,0.2,9,53,15,14
596,0.4,0.5,0.5,5,50,0.3,9,53,15,14
596,0.4,0.5,0.5,5,50,0.4,9,53,15,14
597,0.45,0.5,0.5,5,50,0.2,31,53,35,21
597,0.45,0.5,0.5,5,50,0.3,31,53,35,27
597,0.45,0.5,0.5,5,50,0.4,31,53,35,28
598,0.35,0.55,0.5,5,50,0.2,0,9,0,0
598,0.35,0.55,0.5,5,50,0.3,0,9,0,0
598,0.35,0.55,0.5,5,50,0.4,0,9,0,0
599,0.4,0.55,0.5,5,50,0.2,9,53,15,14
599,0.4,0.55,0.5,5,50,0.3,9,53,15,14
599,0.4,0.55,0.5,5,50,0.4,9,53,15,14
600,0.45,0.55,0.5,5,50,0.2,31,53,35,21
600,0.45,0.55,0.5,5,50,0.3,31,53,35,27
600,0.45,0.55,0.5,5,50,0.4,31,53,35,28
601,0.35,0.4,0.55,5,50,0.2,0,9,0,0
601,0.35,0.4,0.55,5,50,0.3,0,9,0,0
601,0.35,0.4,0.55,5,50,0.4,0,9,0,0
602,0.4,0.4,0.55,5,50,0.2,0,52,6,6
602,0.4,0.4,0.55,5,50,0.3,0,52,6,6
602,0.4,0.4,0.55,5,50,0.4,0,52,6,6
603,0.45,0.4,0.55,5,50,0.2,0,52,6,6
603,0.45,0.4,0.55,5,50,0.3,0,52,6,6
603,0.45,0.4,0.55,5,50,0.4,0,52,6,6
604,0.35,0.45,0.55,5,50,0.2,0,9,0,0
604,0.35,0.45,0.55,5,50,0.3,0,9,0,0
604,0.35,0.45,0.55,5,50,0.4,0,9,0,0
605,0.4,0.45,0.55,5,50,0.2,9,53,15,14
605,0.4,0.45,0.55,5,50,0.3,9,53,15,14
605,0.4,0.45,0.55,5,50,0.4,9,53,15,14
606,0.45,0.45,0.55,5,50,0.2,13,53,17,16
606,0.45,0.45,0.55,5,50,0.3,13,53,17,16
606,0.45,0.45,0.55,5,50,0.4,13,53,17,16
607,0.35,0.5,0.55,5,50,0.2,0,9,0,0
607,0.35,0.5,0.55,5,50,0.3,0,9,0,0
607,0.35,0.5,0.55,5,50,0.4,0,9,0,0
608,0.4,0.5,0.55,5,50,0.2,9,53,15,14
608,0.4,0.5,0.55,5,50,0.3,9,53,15,14
608,0.4,0.5,0.55,5,50,0.4,9,53,15,14
609,0.45,0.5,0.55,5,50,0.2,31,53,35,21
609,0.45,0.5,0.55,5,50,0.3,31,53,35,27
609,0.45,0.5,0.55,5,50,0.4,31,53,35,28
610,0.35,0.55,0.55,5,50,0.2,0,9,0,0
610,0.35,0.55,0.55,5,50,0.3,0,9,0,0
610,0.35,0.55,0.55,5,50,0.4,0,9,0,0
611,0.4,0.55,0.55,5,50,0.2,9,53,15,14
611,0.4,0.55,0.55,5,50,0.3,9,53,15,14
611,0.4,0.55,0.55,5,50,0.4,9,53,15,14
612,0.45,0.55,0.55,5,50,0.2,31,53,35,21
612,0.45,0.55,0.55,5,50,0.3,31,53,35,27
612,0.45,0.55,0.55,5,50,0.4,31,53,35,28
613,0.35,0.4,0.6,5,50,0.2,0,9,0,0
613,0.35,0.4,0.6,5,50,0.3,0,9,0,0
613,0.35,0.4,0.6,5,50,0.4,0,9,0,0
614,0.4,0.4,0.6,5,50,0.2,0,52,6,6
614,0.4,0.4,0.6,5,50,0.3,0,52,6,6
614,0.4,0.4,0.6,5,50,0.4,0,52,6,6
615,0.45,0.4,0.6,5,50,0.2,0,52,6,6
615,0.45,0.4,0.6,5,50,0.3,0,52,6,6
615,0.45,0.4,0.6,5,50,0.4,0,52,6,6
616,0.35,0.45,0.6,5,50,0.2,0,9,0,0
616,0.35,0.45,0.6,5,50,0.3,0,9,0,0
616,0.35,0.45,0.6,5,50,0.4,0,9,0,0
617,0.4,0.45,0.6,5,50,0.2,9,53,15,14
617,0.4,0.45,0.6,5,50,0.3,9,53,15,14
617,0.4,0.45,0.6,5,50,0.4,9,53,15,14
618,0.45,0.45,0.6,5,50,0.2,13,53,17,16
618,0.45,0.45,0.6,5,50,0.3,13,53,17,16
618,0.45,0.45,0.6,5,50,0.4,13,53,17,16
619,0.35,0.5,0.6,5,50,0.2,0,9,0,0
619,0.35,0.5,0.6,5,50,0.3,0,9,0,0
619,0.35,0.5,0.6,5,50,0.4,0,9,0,0
620,0.4,0.5,0.6,5,50,0.2,9,53,15,14
620,0.4,0.5,0.6,5,50,0.3,9,53,15,14
620,0.4,0.5,0.6,5,50,0.4,9,53,15,14
621,0.45,0.5,0.6,5,50,0.2,32,53,36,21
621,0.45,0.5,0.6,5,50,0.3,32,53,36,27
621,0.45,0.5,0.6,5,50,0.4,32,53,36,29
622,0.35,0.55,0.6,5,50,0.2,0,9,0,0
622,0.35,0.55,0.6,5,50,0.3,0,9,0,0
622,0.35,0.55,0.6,5,50,0.4,0,9,0,0
623,0.4,0.55,0.6,5,50,0.2,9,53,15,14
623,0.4,0.55,0.6,5,50,0.3,9,53,15,14
623,0.4,0.55,0.6,5,50,0.4,9,53,15,14
624,0.45,0.55,0.6,5,50,0.2,32,53,36,21
624,0.45,0.55,0.6,5,50,0.3,32,53,36,27
624,0.45,0.55,0.6,5,50,0.4,32,53,36,29
625,0.35,0.4,0.45,10,50,0.2,0,10,0,0
625,0.35,0.4,0.45,10,50,0.3,0,10,0,0
625,0.35,0.4,0.45,10,50,0.4,0,10,0,0
626,0.4,0.4,0.45,10,50,0.2,0,53,6,6
626,0.4,0.4,0.45,10,50,0.3,0,53,6,6
626,0.4,0.4,0.45,10,50,0.4,0,53,6,6
627,0.45,0.4,0.45,10,50,0.2,0,53,6,6
627,0.45,0.4,0.45,10,50,0.3,0,53,6,6
627,0.45,0.4,0.45,10,50,0.4,0,53,6,6
628,0.35,0.45,0.45,10,50,0.2,0,10,0,0
628,0.35,0.45,0.45,10,50,0.3,0,10,0,0
628,0.35,0.45,0.45,10,50,0.4,0,10,0,0
629,0.4,0.45,0.45,10,50,0.2,10,53,16,15
629,0.4,0.45,0.45,10,50,0.3,10,53,16,15
629,0.4,0.45,0.45,10,50,0.4,10,53,16,15
630,0.45,0.45,0.45,10,50,0.2,19,53,21,18
630,0.45,0.45,0.45,10,50,0.3,19,53,21,19
630,0.45,0.45,0.45,10,50,0.4,19,53,21,19
631,0.35,0.5,0.45,10,50,0.2,0,10,0,0
631,0.35,0.5,0.45,10,50,0.3,0,10,0,0
631,0.35,0.5,0.45,10,50,0.4,0,10,0,0
632,0.4,0.5,0.45,10,50,0.2,10,53,16,15
632,0.4,0.5,0.45,10,50,0.3,10,53,16,15
632,0.4,0.5,0.45,10,50,0.4,10,53,16,15
633,0.45,0.5,0.45,10,50,0.2,40,53,41,25
633,0.45,0.5,0.45,10,50,0.3,40,53,41,33
633,0.45,0.5,0.45,10,50,0.4,40,53,41,34
634,0.35,0.55,0.45,10,50,0.2,0,10,0,0
634,0.35,0.55,0.45,10,50,0.3,0,10,0,0
634,0.35,0.55,0.45,10,50,0.4,0,10,0,0
635,0.4,0.55,0.45,10,50,0.2,10,53,16,15
635,0.4,0.55,0.45,10,50,0.3,10,53,16,15
635,0.4,0.55,0.45,10,50,0.4,10,53,16,15
636,0.45,0.55,0.45,10,50,0.2,40,53,41,25
636,0.45,0.55,0.45,10,50,0.3,40,53,41,33
636,0.45,0.55,0.45,10,50,0.4,40,53,41,34
637,0.35,0.4,0.5,10,50,0.2,0,10,0,0
637,0.35,0.4,0.5,10,50,0.3,0,10,0,0
637,0.35,0.4,0.5,10,50,0.4,0,10,0,0
638,0.4,0.4,0.5,10,50,0.2,0,54,7,7
638,0.4,0.4,0.5,10,50,0.3,0,54,7,7
638,0.4,0.4,0.5,10,50,0.4,0,54,7,7
639,0.45,0.4,0.5,10,50,0.2,0,54,7,7
639,0.45,0.4,0.5,10,50,0.3,0,54,7,7
639,0.45,0.4,0.5,10,50,0.4,0,54,7,7
640,0.35,0.45,0.5,10,50,0.2,0,10,0,0
640,0.35,0.45,0.5,10,50,0.3,0,10,0,0
640,0.35,0.45,0.5,10,50,0.4,0,10,0,0
641,0.4,0.45,0.5,10,50,0.2,10,55,17,16
641,0.4,0.45,0.5,10,50,0.3,10,55,17,16
641,0.4,0.45,0.5,10,50,0.4,10,55,17,16
642,0.45,0.45,0.5,10,50,0.2,19,55,22,19
642,0.45,0.45,0.5,10,50,0.3,19,55,22,20
642,0.45,0.45,0.5,10,50,0.4,19,55,22,20
643,0.35,0.5,0.5,10,50,0.2,0,10,0,0
643,0.35,0.5,0.5,10,50,0.3,0,10,0,0
643,0.35,0.5,0.5,10,50,0.4,0,10,0,0
644,0.4,0.5,0.5,10,50,0.2,10,55,17,16
644,0.4,0.5,0.5,10,50,0.3,10,55,17,16
644,0.4,0.5,0.5,10,50,0.4,10,55,17,16
645,0.45,0.5,0.5,10,50,0.2,46,55,47,27
645,0.45,0.5,0.5,10,50,0.3,46,55,47,35
645,0.45,0.5,0.5,10,50,0.4,46,55,47,37
646,0.35,0.55,0.5,10,50,0.2,0,10,0,0
646,0.35,0.55,0.5,10,50,0.3,0,10,0,0
646,0.35,0.55,0.5,10,50,0.4,0,10,0,0
647,0.4,0.55,0.5,10,50,0.2,10,55,17,16
647,0.4,0.55,0.5,10,50,0.3,10,55,17,16
647,0.4,0.55,0.5,10,50,0.4,10,55,17,16
648,0.45,0.55,0.5,10,50,0.2,46,55,47,27
648,0.45,0.55,0.5,10,50,0.3,46,55,47,35
648,0.45,0.55,0.5,10,50,0.4,46,55,47,37
649,0.35,0.4,0.55,10,50,0.2,0,10,0,0
649,0.35,0.4,0.55,10,50,0.3,0,10,0,0
649,0.35,0.4,0.55,10,50,0.4,0,10,0,0
650,0.4,0.4,0.55,10,50,0.2,0,54,7,7
650,0.4,0.4,0.55,10,50,0.3,0,54,7,7
650,0.4,0.4,0.55,10,50,0.4,0,54,7,7
651,0.45,0.4,0.55,10,50,0.2,0,54,7,7
651,0.45,0.4,0.55,10,50,0.3,0,54,7,7
651,0.45,0.4,0.55,10,50,0.4,0,54,7,7
652,0.35,0.45,0.55,10,50,0.2,0,10,0,0
652,0.35,0.45,0.55,10,50,0.3,0,10,0,0
652,0.35,0.45,0.55,10,50,0.4,0,10,0,0
653,0.4,0.45,0.55,10,50,0.2,10,55,17,16
653,0.4,0.45,0.55,10,50,0.3,10,55,17,16
653,0.4,0.45,0.55,10,50,0.4,10,55,17,16
654,0.45,0.45,0.55,10,50,0.2,19,55,22,19
654,0.45,0.45,0.55,10,50,0.3,19,55,22,20
654,0.45,0.45,0.55,10,50,0.4,19,55,22,20
655,0.35,0.5,0.55,10,50,0.2,0,10,0,0
655,0.35,0.5,0.55,10,50,0.3,0,10,0,0
655,0.35,0.5,0.55,10,50,0.4,0,10,0,0
656,0.4,0.5,0.55,10,50,0.2,10,55,17,16
656,0.4,0.5,0.55,10,50,0.3,10,55,17,16
656,0.4,0.5,0.55,10,50,0.4,10,55,17,16
657,0.45,0.5,0.55,10,50,0.2,46,55,47,27
657,0.45,0.5,0.55,10,50,0.3,46,55,47,35
657,0.45,0.5,0.55,10,50,0.4,46,55,47,37
658,0.35,0.55,0.55,10,50,0.2,0,10,0,0
658,0.35,0.55,0.55,10,50,0.3,0,10,0,0
658,0.35,0.55,0.55,10,50,0.4,0,10,0,0
659,0.4,0.55,0.55,10,50,0.2,10,55,17,16
659,0.4,0.55,0.55,10,50,0.3,10,55,17,16
659,0.4,0.55,0.55,10,50,0.4,10,55,17,16
660,0.45,0.55,0.55,10,50,0.2,46,55,47,27
660,0.45,0.55,0.55,10,50,0.3,46,55,47,35
660,0.45,0.55,0.55,10,50,0.4,46,55,47,37
661,0.35,0.4,0.6,10,50,0.2,0,10,0,0
661,0.35,0.4,0.6,10,50,0.3,0,10,0,0
661,0.35,0.4,0.6,10,50,0.4,0,10,0,0
662,0.4,0.4,0.6,10,50,0.2,0,54,7,7
662,0.4,0.4,0.6,10,50,0.3,0,54,7,7
662,0.4,0.4,0.6,10,50,0.4,0,54,7,7
663,0.45,0.4,0.6,10,50,0.2,0,54,7,7
663,0.45,0.4,0.6,10,50,0.3,0,54,7,7
663,0.45,0.4,0.6,10,50,0.4,0,54,7,7
664,0.35,0.45,0.6,10,50,0.2,0,10,0,0
664,0.35,0.45,0.6,10,50,0.3,0,10,0,0
664,0.35,0.45,0.6,10,50,0.4,0,10,0,0
665,0.4,0.45,0.6,10,50,0.2,10,55,17,16
665,0.4,0.45,0.6,10,50,0.3,10,55,17,16
665,0.4,0.45,0.6,10,50,0.4,10,55,17,16
666,0.45,0.45,0.6,10,50,0.2,19,55,22,19
666,0.45,0.45,0.6,10,50,0.3,19,55,22,20
666,0.45,0.45,0.6,10,50,0.4,19,55,22,20
667,0.35,0.5,0.6,10,50,0.2,0,10,0,0
667,0.35,0.5,0.6,10,50,0.3,0,10,0,0
667,0.35,0.5,0.6,10,50,0.4,0,10,0,0
668,0.4,0.5,0.6,10,50,0.2,10,55,17,16
668,0.4,0.5,0.6,10,50,0.3,10,55,17,16
668,0.4,0.5,0.6,10,50,0.4,10,55,17,16
669,0.45,0.5,0.6,10,50,0.2,50,55,51,27
669,0.45,0.5,0.6,10,50,0.3,50,55,51,35
669,0.45,0.5,0.6,10,50,0.4,50,55,51,39
670,0.35,0.55,0.6,10,50,0.2,0,10,0,0
670,0.35,0.55,0.6,10,50,0.3,0,10,0,0
670,0.35,0.55,0.6,10,50,0.4,0,10,0,0
671,0.4,0.55,0.6,10,50,0.2,10,55,17,16
671,0.4,0.55,0.6,10,50,0.3,10,55,17,16
671,0.4,0.55,0.6,10,50,0.4,10,55,17,16
672,0.45,0.55,0.6,10,50,0.2,50,55,51,27
672,0.45,0.55,0.6,10,50,0.3,50,55,51,35
672,0.45,0.55,0.6,10,50,0.4,50,55,51,39
673,0.35,0.4,0.45,15,50,0.2,0,10,0,0
673,0.35,0.4,0.45,15,50,0.3,0,10,0,0
673,0.35,0.4,0.45,15,50,0.4,0,10,0,0
674,0.4,0.4,0.45,15,50,0.2,0,53,6,6
674,0.4,0.4,0.45,15,50,0.3,0,53,6,6
674,0.4,0.4,0.45,15,50,0.4,0,53,6,6
675,0.45,0.4,0.45,15,50,0.2,0,53,6,6
675,0.45,0.4,0.45,15,50,0.3,0,53,6,6
675,0.45,0.4,0.45,15,50,0.4,0,53,6,6
676,0.35,0.45,0.45,15,50,0.2,0,10,0,0
676,0.35,0.45,0.45,15,50,0.3,0,10,0,0
676,0.35,0.45,0.45,15,50,0.4,0,10,0,0
677,0.4,0.45,0.45,15,50,0.2,10,53,16,15
677,0.4,0.45,0.45,15,50,0.3,10,53,16,15
677,0.4,0.45,0.45,15,50,0.4,10,53,16,15
678,0.45,0.45,0.45,15,50,0.2,20,53,22,18
678,0.45,0.45,0.45,15,50,0.3,20,53,22,19
678,0.45,0.45,0.45,15,50,0.4,20,53,22,19
679,0.35,0.5,0.45,15,50,0.2,0,10,0,0
679,0.35,0.5,0.45,15,50,0.3,0,10,0,0
679,0.35,0.5,0.45,15,50,0.4,0,10,0,0
680,0.4,0.5,0.45,15,50,0.2,10,53,16,15
680,0.4,0.5,0.45,15,50,0.3,10,53,16,15
680,0.4,0.5,0.45,15,50,0.4,10,53,16,15
681,0.45,0.5,0.45,15,50,0.2,41,53,42,25
681,0.45,0.5,0.45,15,50,0.3,41,53,42,33
681,0.45,0.5,0.45,15,50,0.4,41,53,42,34
682,0.35,0.55,0.45,15,50,0.2,0,10,0,0
682,0.35,0.55,0.45,15,50,0.3,0,10,0,0
682,0.35,0.55,0.45,15,50,0.4,0,10,0,0
683,0.4,0.55,0.45,15,50,0.2,10,53,16,15
683,0.4,0.55,0.45,15,50,0.3,10,53,16,15
683,0.4,0.55,0.45,15,50,0.4,10,53,16,15
684,0.45,0.55,0.45,15,50,0.2,41,53,42,25
684,0.45,0.55,0.45,15,50,0.3,41,53,42,33
684,0.45,0.55,0.45,15,50,0.4,41,53,42,34
685,0.35,0.4,0.5,15,50,0.2,0,10,0,0
685,0.35,0.4,0.5,15,50,0.3,0,10,0,0
685,0.35,0.4,0.5,15,50,0.4,0,10,0,0
686,0.4,0.4,0.5,15,50,0.2,0,54,7,7
686,0.4,0.4,0.5,15,50,0.3,0,54,7,7
686,0.4,0.4,0.5,15,50,0.4,0,54,7,7
687,0.45,0.4,0.5,15,50,0.2,0,54,7,7
687,0.45,0.4,0.5,15,50,0.3,0,54,7,7
687,0.45,0.4,0.5,15,50,0.4,0,54,7,7
688,0.35,0.45,0.5,15,50,0.2,0,10,0,0
688,0.35,0.45,0.5,15,50,0.3,0,10,0,0
688,0.35,0.45,0.5,15,50,0.4,0,10,0,0
689,0.4,0.45,0.5,15,50,0.2,10,55,17,16
689,0.4,0.45,0.5,15,50,0.3,10,55,17,16
689,0.4,0.45,0.5,15,50,0.4,10,55,17,16
690,0.45,0.45,0.5,15,50,0.2,20,55,23,19
690,0.45,0.45,0.5,15,50,0.3,20,55,23,20
690,0.45,0.45,0.5,15,50,0.4,20,55,23,20
691,0.35,0.5,0.5,15,50,0.2,0,10,0,0
691,0.35,0.5,0.5,15,50,0.3,0,10,0,0
691,0.35,0.5,0.5,15,50,0.4,0,10,0,0
692,0.4,0.5,0.5,15,50,0.2,10,55,17,16
692,0.4,0.5,0.5,15,50,0.3,10,55,17,16
692,0.4,0.5,0.5,15,50,0.4,10,55,17,16
693,0.45,0.5,0.5,15,50,0.2,48,55,49,27
693,0.45,0.5,0.5,15,50,0.3,48,55,49,36
693,0.45,0.5,0.5,15,50,0.4,48,55,49,38
694,0.35,0.55,0.5,15,50,0.2,0,10,0,0
694,0.35,0.55,0.5,15,50,0.3,0,10,0,0
694,0.35,0.55,0.5,15,50,0.4,0,10,0,0
695,0.4,0.55,0.5,15,50,0.2,10,55,17,16
695,0.4,0.55,0.5,15,50,0.3,10,55,17,16
695,0.4,0.55,0.5,15,50,0.4,10,55,17,16
696,0.45,0.55,0.5,15,50,0.2,48,55,49,27
696,0.45,0.55,0.5,15,50,0.3,48,55,49,36
696,0.45,0.55,0.5,15,50,0.4,48,55,49,38
697,0.35,0.4,0.55,15,50,0.2,0,10,0,0
697,0.35,0.4,0.55,15,50,0.3,0,10,0,0
697,0.35,0.4,0.55,15,50,0.4,0,10,0,0
698,0.4,0.4,0.55,15,50,0.2,0,54,7,7
698,0.4,0.4,0.55,15,50,0.3,0,54,7,7
698,0.4,0.4,0.55,15,50,0.4,0,54,7,7
699,0.45,0.4,0.55,15,50,0.2,0,54,7,7
699,0.45,0.4,0.55,15,50,0.3,0,54,7,7
699,0.45,0.4,0.55,15,50,0.4,0,54,7,7
700,0.35,0.45,0.55,15,50,0.2,0,10,0,0
700,0.35,0.45,0.55,15,50,0.3,0,10,0,0
700,0.35,0.45,0.55,15,50,0.4,0,10,0,0
701,0.4,0.45,0.55,15,50,0.2,10,55,17,16
701,0.4,0.45,0.55,15,50,0.3,10,55,17,16
701,0.4,0.45,0.55,15,50,0.4,10,55,17,16
702,0.45,0.45,0.55,15,50,0.2,20,55,23,19
702,0.45,0.45,0.55,15,50,0.3,20,55,23,20
702,0.45,0.45,0.55,15,50,0.4,20,55,23,20
703,0.35,0.5,0.55,15,50,0.2,0,10,0,0
703,0.35,0.5,0.55,15,50,0.3,0,10,0,0
703,0.35,0.5,0.55,15,50,0.4,0,10,0,0
704,0.4,0.5,0.55,15,50,0.2,10,55,17,16
704,0.4,0.5,0.55,15,50,0.3,10,55,17,16
704,0.4,0.5,0.55,15,50,0.4,10,55,17,16
705,0.45,0.5,0.55,15,50,0.2,48,55,49,27
705,0.45,0.5,0.55,15,50,0.3,48,55,49,36
705,0.45,0.5,0.55,15,50,0.4,48,55,49,38
706,0.35,0.55,0.55,15,50,0.2,0,10,0,0
706,0.35,0.55,0.55,15,50,0.3,0,10,0,0
706,0.35,0.55,0.55,15,50,0.4,0,10,0,0
707,0.4,0.55,0.55,15,50,0.2,10,55,17,16
707,0.4,0.55,0.55,15,50,0.3,10,55,17,16
707,0.4,0.55,0.55,15,50,0.4,10,55,17,16
708,0.45,0.55,0.55,15,50,0.2,48,55,49,27
708,0.45,0.55,0.55,15,50,0.3,48,55,49,36
708,0.45,0.55,0.55,15,50,0.4,48,55,49,38
709,0.35,0.4,0.6,15,50,0.2,0,10,0,0
709,0.35,0.4,0.6,15,50,0.3,0,10,0,0
709,0.35,0.4,0.6,15,50,0.4,0,10,0,0
710,0.4,0.4,0.6,15,50,0.2,0,54,7,7
710,0.4,0.4,0.6,15,50,0.3,0,54,7,7
710,0.4,0.4,0.6,15,50,0.4,0,54,7,7
711,0.45,0.4,0.6,15,50,0.2,0,54,7,7
711,0.45,0.4,0.6,15,50,0.3,0,54,7,7
711,0.45,0.4,0.6,15,50,0.4,0,54,7,7
712,0.35,0.45,0.6,15,50,0.2,0,10,0,0
712,0.35,0.45,0.6,15,50,0.3,0,10,0,0
712,0.35,0.45,0.6,15,50,0.4,0,10,0,0
713,0.4,0.45,0.6,15,50,0.2,10,55,17,16
713,0.4,0.45,0.6,15,50,0.3,10,55,17,16
713,0.4,0.45,0.6,15,50,0.4,10,55,17,16
714,0.45,0.45,0.6,15,50,0.2,20,55,23,19
714,0.45,0.45,0.6,15,50,0.3,20,55,23,20
714,0.45,0.45,0.6,15,50,0.4,20,55,23,20
715,0.35,0.5,0.6,15,50,0.2,0,10,0,0
715,0.35,0.5,0.6,15,50,0.3,0,10,0,0
715,0.35,0.5,0.6,15,50,0.4,0,10,0,0
716,0.4,0.5,0.6,15,50,0.2,10,55,17,16
716,0.4,0.5,0.6,15,50,0.3,10,55,17,16
716,0.4,0.5,0.6,15,50,0.4,10,55,17,16
717,0.45,0.5,0.6,15,50,0.2,52,55,53,27
717,0.45,0.5,0.6,15,50,0.3,52,55,53,36
717,0.45,0.5,0.6,15,50,0.4,52,55,53,40
718,0.35,0.55,0.6,15,50,0.2,0,10,0,0
718,0.35,0.55,0.6,15,50,0.3,0,10,0,0
718,0.35,0.55,0.6,15,50,0.4,0,10,0,0
719,0.4,0.55,0.6,15,50,0.2,10,55,17,16
719,0.4,0.55,0.6,15,50,0.3,10,55,17,16
719,0.4,0.55,0.6,15,50,0.4,10,55,17,16
720,0.45,0.55,0.6,15,50,0.2,52,55,53,27
720,0.45,0.55,0.6,15,50,0.3,52,55,53,36
720,0.45,0.55,0.6,15,50,0.4,52,55,53,40
721,0.35,0.4,0.45,20,50,0.2,0,10,0,0
721,0.35,0.4,0.45,20,50,0.3,0,10,0,0
721,0.35,0.4,0.45,20,50,0.4,0,10,0,0
722,0.4,0.4,0.45,20,50,0.2,0,53,6,6
722,0.4,0.4,0.45,20,50,0.3,0,53,6,6
722,0.4,0.4,0.45,20,50,0.4,0,53,6,6
723,0.45,0.4,0.45,20,50,0.2,0,53,6,6
723,0.45,0.4,0.45,20,50,0.3,0,53,6,6
723,0.45,0.4,0.45,20,50,0.4,0,53,6,6
724,0.35,0.45,0.45,20,50,0.2,0,10,0,0
724,0.35,0.45,0.45,20,50,0.3,0,10,0,0
724,0.35,0.45,0.45,20,50,0.4,0,10,0,0
725,0.4,0.45,0.45,20,50,0.2,11,53,17,16
725,0.4,0.45,0.45,20,50,0.3,11,53,17,16
725,0.4,0.45,0.45,20,50,0.4,11,53,17,16
726,0.45,0.45,0.45,20,50,0.2,21,53,23,19
726,0.45,0.45,0.45,20,50,0.3,21,53,23,20
726,0.45,0.45,0.45,20,50,0.4,21,53,23,20
727,0.35,0.5,0.45,20,50,0.2,0,10,0,0
727,0.35,0.5,0.45,20,50,0.3,0,10,0,0
727,0.35,0.5,0.45,20,50,0.4,0,10,0,0
728,0.4,0.5,0.45,20,50,0.2,11,53,17,16
728,0.4,0.5,0.45,20,50,0.3,11,53,17,16
728,0.4,0.5,0.45,20,50,0.4,11,53,17,16
729,0.45,0.5,0.45,20,50,0.2,42,53,43,26
729,0.45,0.5,0.45,20,50,0.3,42,53,43,34
729,0.45,0.5,0.45,20,50,0.4,42,53,43,35
730,0.35,0.55,0.45,20,50,0.2,0,10,0,0
730,0.35,0.55,0.45,20,50,0.3,0,10,0,0
730,0.35,0.55,0.45,20,50,0.4,0,10,0,0
731,0.4,0.55,0.45,20,50,0.2,11,53,17,16
731,0.4,0.55,0.45,20,50,0.3,11,53,17,16
731,0.4,0.55,0.45,20,50,0.4,11,53,17,16
732,0.45,0.55,0.45,20,50,0.2,42,53,43,26
732,0.45,0.55,0.45,20,50,0.3,42,53,43,34
732,0.45,0.55,0.45,20,50,0.4,42,53,43,35
733,0.35,0.4,0.5,20,50,0.2,0,10,0,0
733,0.35,0.4,0.5,20,50,0.3,0,10,0,0
733,0.35,0.4,0.5,20,50,0.4,0,10,0,0
734,0.4,0.4,0.5,20,50,0.2,0,54,7,7
734,0.4,0.4,0.5,20,50,0.3,0,54,7,7
734,0.4,0.4,0.5,20,50,0.4,0,54,7,7
735,0.45,0.4,0.5,20,50,0.2,0,54,7,7
735,0.45,0.4,0.5,20,50,0.3,0,54,7,7
735,0.45,0.4,0.5,20,50,0.4,0,54,7,7
736,0.35,0.45,0.5,20,50,0.2,0,10,0,0
736,0.35,0.45,0.5,20,50,0.3,0,10,0,0
736,0.35,0.45,0.5,20,50,0.4,0,10,0,0
737,0.4,0.45,0.5,20,50,0.2,11,55,18,17
737,0.4,0.45,0.5,20,50,0.3,11,55,18,17
737,0.4,0.45,0.5,20,50,0.4,11,55,18,17
738,0.45,0.45,0.5,20,50,0.2,21,55,24,20
738,0.45,0.45,0.5,20,50,0.3,21,55,24,21
738,0.45,0.45,0.5,20,50,0.4,21,55,24,21
739,0.35,0.5,0.5,20,50,0.2,0,10,0,0
739,0.35,0.5,0.5,20,50,0.3,0,10,0,0
739,0.35,0.5,0.5,20,50,0.4,0,10,0,0
740,0.4,0.5,0.5,20,50,0.2,11,55,18,17
740,0.4,0.5,0.5,20,50,0.3,11,55,18,17
740,0.4,0.5,0.5,20,50,0.4,11,55,18,17
741,0.45,0.5,0.5,20,50,0.2,49,55,50,28
741,0.45,0.5,0.5,20,50,0.3,49,55,50,37
741,0.45,0.5,0.5,20,50,0.4,49,55,50,39
742,0.35,0.55,0.5,20,50,0.2,0,10,0,0
742,0.35,0.55,0.5,20,50,0.3,0,10,0,0
742,0.35,0.55,0.5,20,50,0.4,0,10,0,0
743,0.4,0.55,0.5,20,50,0.2,11,55,18,17
743,0.4,0.55,0.5,20,50,0.3,11,55,18,17
743,0.4,0.55,0.5,20,50,0.4,11,55,18,17
744,0.45,0.55,0.5,20,50,0.2,49,55,50,28
744,0.45,0.55,0.5,20,50,0.3,49,55,50,37
744,0.45,0.55,0.5,20,50,0.4,49,55,50,39
745,0.35,0.4,0.55,20,50,0.2,0,10,0,0
745,0.35,0.4,0.55,20,50,0.3,0,10,0,0
745,0.35,0.4,0.55,20,50,0.4,0,10,0,0
746,0.4,0.4,0.55,20,50,0.2,0,54,7,7
746,0.4,0.4,0.55,20,50,0.3,0,54,7,7
746,0.4,0.4,0.55,20,50,0.4,0,54,7,7
747,0.45,0.4,0.55,20,50,0.2,0,54,7,7
747,0.45,0.4,0.55,20,50,0.3,0,54,7,7
747,0.45,0.4,0.55,20,50,0.4,0,54,7,7
748,0.35,0.45,0.55,20,50,0.2,0,10,0,0
748,0.35,0.45,0.55,20,50,0.3,0,10,0,0
748,0.35,0.45,0.55,20,50,0.4,0,10,0,0
749,0.4,0.45,0.55,20,50,0.2,11,55,18,17
749,0.4,0.45,0.55,20,50,0.3,11,55,18,17
749,0.4,0.45,0.55,20,50,0.4,11,55,18,17
750,0.45,0.45,0.55,20,50,0.2,21,55,24,20
750,0.45,0.45,0.55,20,50,0.3,21,55,24,21
750,0.45,0.45,0.55,20,50,0.4,21,55,24,21
751,0.35,0.5,0.55,20,50,0.2,0,10,0,0
751,0.35,0.5,0.55,20,50,0.3,0,10,0,0
751,0.35,0.5,0.55,20,50,0.4,0,10,0,0
752,0.4,0.5,0.55,20,50,0.2,11,55,18,17
752,0.4,0.5,0.55,20,50,0.3,11,55,18,17
752,0.4,0.5,0.55,20,50,0.4,11,55,18,17
753,0.45,0.5,0.55,20,50,0.2,49,55,50,28
753,0.45,0.5,0.55,20,50,0.3,49,55,50,37
753,0.45,0.5,0.55,20,50,0.4,49,55,50,39
754,0.35,0.55,0.55,20,50,0.2,0,10,0,0
754,0.35,0.55,0.55,20,50,0.3,0,10,0,0
754,0.35,0.55,0.55,20,50,0.4,0,10,0,0
755,0.4,0.55,0.55,20,50,0.2,11,55,18,17
755,0.4,0.55,0.55,20,50,0.3,11,55,18,17
755,0.4,0.55,0.55,20,50,0.4,11,55,18,17
756,0.45,0.55,0.55,20,50,0.2,49,55,50,28
756,0.45,0.55,0.55,20,50,0.3,49,55,50,37
756,0.45,0.55,0.55,20,50,0.4,49,55,50,39
757,0.35,0.4,0.6,20,50,0.2,0,10,0,0
757,0.35,0.4,0.6,20,50,0.3,0,10,0,0
757,0.35,0.4,0.6,20,50,0.4,0,10,0,0
758,0.4,0.4,0.6,20,50,0.2,0,54,7,7
758,0.4,0.4,0.6,20,50,0.3,0,54,7,7
758,0.4,0.4,0.6,20,50,0.4,0,54,7,7
759,0.45,0.4,0.6,20,50,0.2,0,54,7,7
759,0.45,0.4,0.6,20,50,0.3,0,54,7,7
759,0.45,0.4,0.6,20,50,0.4,0,54,7,7
760,0.35,0.45,0.6,20,50,0.2,0,10,0,0
760,0.35,0.45,0.6,20,50,0.3,0,10,0,0
760,0.35,0.45,0.6,20,50,0.4,0,10,0,0
761,0.4,0.45,0.6,20,50,0.2,11,55,18,17
761,0.4,0.45,0.6,20,50,0.3,11,55,18,17
761,0.4,0.45,0.6,20,50,0.4,11,55,18,17
762,0.45,0.45,0.6,20,50,0.2,21,55,24,20
762,0.45,0.45,0.6,20,50,0.3,21,55,24,21
762,0.45,0.45,0.6,20,50,0.4,21,55,24,21
763,0.35,0.5,0.6,20,50,0.2,0,10,0,0
763,0.35,0.5,0.6,20,50,0.3,0,10,0,0
763,0.35,0.5,0.6,20,50,0.4,0,10,0,0
764,0.4,0.5,0.6,20,50,0.2,11,55,18,17
764,0.4,0.5,0.6,20,50,0.3,11,55,18,17
764,0.4,0.5,0.6,20,50,0.4,11,55,18,17
765,0.45,0.5,0.6,20,50,0.2,53,55,54,28
765,0.45,0.5,0.6,20,50,0.3,53,55,54,37
765,0.45,0.5,0.6,20,50,0.4,53,55,54,41
766,0.35,0.55,0.6,20,50,0.2,0,10,0,0
766,0.35,0.55,0.6,20,50,0.3,0,10,0,0
766,0.35,0.55,0.6,20,50,0.4,0,10,0,0
767,0.4,0.55,0.6,20,50,0.2,11,55,18,17
767,0.4,0.55,0.6,20,50,0.3,11,55,18,17
767,0.4,0.55,0.6,20,50,0.4,11,55,18,17
768,0.45,0.55,0.6,20,50,0.2,53,55,54,28
768,0.45,0.55,0.6,20,50,0.3,53,55,54,37
768,0.45,0.55,0.6,20,50,0.4,53,55,54,41
