"GID","Cross","n_years","reference_portfolio","full_funnel_selection_frequency","stability_class"
8048669,"BORL14//BECARD/QUAIU #1",4,TRUE,0.666666666666667,"moderately_stable"
7630418,"NADI//TRCH/HUIRIVIS #1/3/NADI",3,TRUE,0.666666666666667,"moderately_stable"
6176368,"KUTZ",3,TRUE,0.666666666666667,"moderately_stable"
7694609,"KACHU #1",3,TRUE,0.666666666666667,"moderately_stable"
8048389,"KACHU #1//WBLL1*2/KUKUNA/3/BRBT1*2/KIRITATI/6/ROLF07*2/5/REH/HARE//2*BCN/3/CROC_1/AE.SQUARROSA (213)//PGO/4/HUITES/7/BORL14",3,TRUE,0.666666666666667,"moderately_stable"
6341870,"MUCUY",5,TRUE,0.5,"moderately_stable"
7462304,"KACHU #1/YUNMAI 47//KACHU/4/MUU #1//PBW343*2/KUKUNA/3/MUU/5/KUTZ",2,TRUE,0.5,"moderately_stable"
7627645,"ATTILA/3*BCN//BAV92/3/TILHI/4/SUP152/5/SUP152/6/KFA/2*KACHU/7/ATTILA/3*BCN//BAV92/3/PASTOR/4/TACUPETO F2001*2/BRAMBLING/5/PAURAQ",2,TRUE,0.5,"moderately_stable"
7624738,"PAURAQ/MUCUY",2,TRUE,0.5,"moderately_stable"
7400724,"MUNAL #1/7/CNO79//PF70354/MUS/3/PASTOR/4/BAV92/5/FRET2/KUKUNA//FRET2/6/MILAN/KAUZ//PRINIA/3/BAV92",2,TRUE,0.5,"moderately_stable"
7629600,"BECARD/AKURI/3/KACHU//WBLL1*2/BRAMBLING/4/MUTUS/AKURI",2,TRUE,0.444444444444444,"choice_sensitive"
7310617,"ND643/2*TRCH//MUTUS/3/SUP152/4/SUP152*2/TECUE #1",2,TRUE,0.444444444444444,"choice_sensitive"
7398245,"NADI/COPIO//NADI#2",5,TRUE,0.375,"choice_sensitive"
7626498,"SAUAL/YANAC//SAUAL/3/2*KUTZ",2,TRUE,0.28125,"choice_sensitive"
8044964,"BOKOTA//FRNCLN*2/TECUE #1",2,FALSE,0.166666666666667,"choice_sensitive"
8051464,"KACHU/DANPHE//KFA/2*KACHU",2,FALSE,0.166666666666667,"choice_sensitive"
8051513,"KACHU//KIRITATI/2*TRCH/3/KFA/2*KACHU",2,FALSE,0.166666666666667,"choice_sensitive"
8059142,"KACHU #1/3/T.DICOCCON PI94624/AE.SQUARROSA (409)//BCN/4/2*KACHU*2/5/KACHU/KINDE",2,FALSE,0.166666666666667,"choice_sensitive"
8049301,"BABAX/LR42//BABAX*2/3/KUKUNA/4/BACEU #1/5/BECARD/6/KACHU/KINDE",2,FALSE,0.166666666666667,"choice_sensitive"
8049490,"BAJ #1*2/3/ATTILA*2/PBW65//MURGA",2,FALSE,0.166666666666667,"choice_sensitive"
7400087,"SAUAL/3/SW89.3064//CMH82.17/SERI/4/SAUAL/5/PBW343*2/KUKUNA*2//FRTL/PIFED/6/SAUAL/KRONSTAD F2004",2,FALSE,0.125,"choice_sensitive"
7461607,"MUNAL*2//WAXWING*2/TUKURU/3/MUCUY",2,FALSE,0.125,"choice_sensitive"
7312386,"PRL/2*PASTOR//PARUS/5/NAC/TH.AC//3*PVN/3/MIRLO/BUC/4/2*PASTOR/6/KINGBIRD #1//INQALAB 91*2/TUKURU",2,FALSE,0.125,"choice_sensitive"
7396550,"MOKUE #1",2,FALSE,0.125,"choice_sensitive"
8235620,"BAVIS #1//ND643/2*WBLL1/3/BORL14",2,FALSE,0.125,"choice_sensitive"
8051046,"FRET2/KUKUNA//FRET2/3/FRNCLN/4/2*MUTUS/AKURI #1//MUTUS",2,FALSE,0.125,"choice_sensitive"
8045357,"FRNCLN*2/TECUE #1//TRCH/HUIRIVIS #1",2,FALSE,0.111111111111111,"choice_sensitive"
8049295,"VORB/FISCAL//WBLL1*2/KURUKU/3/QUAIU/4/KACHU/KINDE",2,FALSE,0.111111111111111,"choice_sensitive"
8049890,"ATTILA*2/PBW65*2//TNMU*2/3/KFA/2*KACHU",2,FALSE,0.111111111111111,"choice_sensitive"
7461098,"BL2064//SW89-5124*2/FASAN/3/TILHI*2/5/KAUZ//ALTAR 84/AOS/3/KAUZ/4/SW94.15464/6/TRCH/HUIRIVIS #1",2,FALSE,0.09375,"choice_sensitive"
8048083,"BECARD #1/5/KIRITATI/4/2*SERI.1B*2/3/KAUZ*2/BOW//KAUZ*2/6/KFA/2*KACHU",2,FALSE,0.0833333333333333,"choice_sensitive"
7400738,"WHEAR/SOKOLL/8/BOW/VEE/5/ND/VG9144//KAL/BB/3/YACO/4/CHIL/6/CASKOR/3/CROC_1/AE.SQUARROSA (224)//OPATA/7/PASTOR//MILAN/KAUZ/3/BAV92",2,FALSE,0.0703125,"choice_sensitive"
8245226,"SUP152/KENYA SUNBIRD//BORL14/3/BECARD/FRNCLN",2,FALSE,0.0703125,"choice_sensitive"
7462271,"MUCUY/3/PBW343*2/KUKUNA*2//FRTL/PIFED",2,FALSE,0.0625,"choice_sensitive"
8047044,"KUTZ*2//KFA/2*KACHU",2,FALSE,0.0555555555555556,"choice_sensitive"
8235068,"ND643/2*WBLL1/4/WHEAR/KUKUNA/3/C80.1/3*BATAVIA//2*WBLL1/5/BORL14",2,FALSE,0.046875,"choice_sensitive"
8236353,"KACHU//KIRITATI/WBLL1*2/3/TAITA",2,FALSE,0.0416666666666667,"choice_sensitive"
7631140,"KAUZ*2/MNV//KAUZ/3/MILAN/4/BAV92/5/AKURI/6/MUTUS/7/FRET2/TUKURU//FRET2/3/MUNAL #1",2,FALSE,0.03125,"choice_sensitive"
7628841,"SUP152/AKURI//SUP152/3/MUCUY",2,FALSE,0.03125,"choice_sensitive"
8241214,"BECARD/FRNCLN//2*BORL14",2,FALSE,0.0234375,"choice_sensitive"
8049223,"BECARD/AKURI #1//BECARD/3/KACHU/KINDE",2,FALSE,0.0138888888888889,"choice_sensitive"
7396257,"PFAU/WEAVER*2/4/BOW/NKT//CBRD/3/CBRD/5/ATTILA*2/PBW65*2//KACHU",2,FALSE,0.0104166666666667,"choice_sensitive"
8235936,"BECARD//ND643/2*WBLL1/3/KACHU/DANPHE",2,FALSE,0.0078125,"choice_sensitive"
6387,"SONALIKA",7,FALSE,0,"choice_sensitive"
911521,"CHIRYA.3",7,FALSE,0,"choice_sensitive"
304660,"LOCAL CHECK",7,FALSE,0,"choice_sensitive"
7400769,"NELOKI//SOKOLL/EXCALIBUR",6,FALSE,0,"choice_sensitive"
6933502,"KACHU/SAUAL/4/ATTILA*2/PBW65//PIHA/3/ATTILA/2*PASTOR",5,FALSE,0,"choice_sensitive"
6176225,"FITIS",5,FALSE,0,"choice_sensitive"
7178454,"SOKOLL/3/PASTOR//HXL7573/2*BAU*2/6/OASIS/5*BORL95/5/CNDO/R143//ENTE/MEXI75/3/AE.SQ/4/2*OCI",5,FALSE,0,"choice_sensitive"
6683244,"SHORTENED SR26 TRANSLOCATION//2*WBLL1*2/KKTS/3/BECARD",3,FALSE,0,"choice_sensitive"
7627655,"ATTILA/3*BCN//BAV92/3/TILHI/4/SUP152/5/SUP152/6/KFA/2*KACHU/7/ATTILA/3*BCN//BAV92/3/PASTOR/4/TACUPETO F2001*2/BRAMBLING/5/PAURAQ",2,FALSE,0,"choice_sensitive"
7628586,"FITIS/3/KACHU #1/KIRITATI//KACHU",2,FALSE,0,"choice_sensitive"
7627560,"STLN/MUNAL #1//2*BORL14",2,FALSE,0,"choice_sensitive"
7628581,"FITIS/3/KACHU #1/KIRITATI//KACHU",2,FALSE,0,"choice_sensitive"
7398344,"UP2338*2/VIVITSI/3/FRET2/TUKURU//FRET2/4/MISR 1*2/5/KIRITATI/4/2*BAV92//IRENA/KAUZ/3/HUITES",2,FALSE,0,"choice_sensitive"
7625823,"KACHU/BECARD//WBLL1*2/BRAMBLING/3/KACHU/KINDE",2,FALSE,0,"choice_sensitive"
7400670,"W15.92/4/PASTOR//HXL7573/2*BAU/3/WBLL1/6/POTCH 93/4/MILAN/KAUZ//PRINIA/3/BAV92/5/MILAN/KAUZ//PRINIA/3/BAV92",2,FALSE,0,"choice_sensitive"
7629559,"TRCH/HUIRIVIS #1/3/2*ATTILA*2/PBW65//MURGA",2,FALSE,0,"choice_sensitive"
7628853,"SUP152/AKURI//SUP152/3/MUCUY",2,FALSE,0,"choice_sensitive"
7628468,"BORL14/FITIS",2,FALSE,0,"choice_sensitive"
8236942,"MUTUS*2//ND643/2*WBLL1/3/2*SWSR22T.B./KACHU//2*KACHU",2,FALSE,0,"choice_sensitive"
8240217,"KENYA SUNBIRD/KACHU/4/KACHU/3/WHEAR//2*PRL/2*PASTOR",2,FALSE,0,"choice_sensitive"
7313754,"WBLL1*2/4/BABAX/LR42//BABAX/3/BABAX/LR42//BABAX/8/TACUPETO F2001/6/CNDO/R143//ENTE/MEXI_2/3/AEGILOPS SQUARROSA (TAUS)/4/WEAVER/5/PASTOR/7/ROLF07/9/WBLL1*2/4/BABAX/LR42//BABAX/3/BABAX/LR42//BABAX",2,FALSE,0,"choice_sensitive"
8234969,"KACHU/DANPHE//BORL14",2,FALSE,0,"choice_sensitive"
8234993,"KACHU/DANPHE//KFA/2*KACHU",2,FALSE,0,"choice_sensitive"
8239581,"KACHU//KIRITATI/2*TRCH/4/KACHU/3/WHEAR//2*PRL/2*PASTOR",2,FALSE,0,"choice_sensitive"
8245113,"KACHU//KIRITATI/2*TRCH*2/3/KFA/2*KACHU",2,FALSE,0,"choice_sensitive"
8236992,"KACHU*2/3/ND643//2*PRL/2*PASTOR/4/2*KACHU/DANPHE",2,FALSE,0,"choice_sensitive"
8245062,"KACHU/DANPHE*2//KENYA SUNBIRD/KACHU",2,FALSE,0,"choice_sensitive"
7400741,"SUP152/6/OASIS/5*BORL95/5/CNDO/R143//ENTE/MEXI75/3/AE.SQ/4/2*OCI",2,FALSE,0,"choice_sensitive"
7310251,"ATTILA*2/PBW65//MURGA/3/BORL14",2,FALSE,0,"choice_sensitive"
8050918,"SUP152*2/TECUE #1*2//FRNCLN*2/TECUE #1",2,FALSE,0,"choice_sensitive"
8055604,"KUTZ//KACHU/DANPHE",2,FALSE,0,"choice_sensitive"
7313682,"PBW343*2/KUKUNA*2//FRTL/PIFED*2/5/UP2338*2/SHAMA/3/MILAN/KAUZ//CHIL/CHUM18/4/UP2338*2/SHAMA",2,FALSE,0,"choice_sensitive"
8049486,"BAJ #1*2/3/ATTILA*2/PBW65//MURGA",2,FALSE,0,"choice_sensitive"
8054203,"KACHU #1/3/T.DICOCCON PI94624/AE.SQUARROSA (409)//BCN/4/2*KACHU*2/5/KACHU/DANPHE",2,FALSE,0,"choice_sensitive"
8056193,"KACHU #1/3/T.DICOCCON PI94624/AE.SQUARROSA (409)//BCN/4/2*KACHU/5/SWSR22T.B./KACHU//2*KACHU",2,FALSE,0,"choice_sensitive"
8059204,"CNO79//PF70354/MUS/3/PASTOR/4/BAV92*2/5/HAR311/6/2*PBW343*2/KUKUNA*2//FRTL/PIFED",2,FALSE,0,"choice_sensitive"
8058432,"ATTILA/3*BCN//BAV92/3/PASTOR/4/TACUPETO F2001*2/BRAMBLING/5/PAURAQ/6/2*KIRITATI//ATTILA*2/PASTOR/3/AKURI",2,FALSE,0,"choice_sensitive"
8049669,"SAUAL/YANAC//SAUAL/3/2*KFA/2*KACHU",2,FALSE,0,"choice_sensitive"
8050806,"SUP152/VILLA JUAREZ F2009/3/2*ATTILA*2/PBW65//MURGA",2,FALSE,0,"choice_sensitive"
7397504,"ATTILA*2/PBW65*2//MURGA/4/MUU #1//PBW343*2/KUKUNA/3/MUU/5/ATTILA*2/PBW65//MURGA",2,FALSE,0,"choice_sensitive"
7310789,"KACHU/BECARD//WBLL1*2/BRAMBLING/3/ATTILA*2/PBW65//MURGA",2,FALSE,0,"choice_sensitive"
7310799,"KACHU/BECARD//WBLL1*2/BRAMBLING/3/ATTILA*2/PBW65//MURGA",2,FALSE,0,"choice_sensitive"
7395966,"BOKOTA/3/ATTILA*2/PBW65//MURGA",2,FALSE,0,"choice_sensitive"
8935740,"KOKILA/BOKOTA/8/ATTILA/3*BCN//BAV92/3/TILHI/4/SUP152/5/SUP152/6/KFA/2*KACHU/7/ATTILA/3*BCN//BAV92/3/PASTOR/4/TACUPETO F2001*2/BRAMBLING/5/PAURAQ/9/ATTILA/3*BCN//BAV92/3/TILHI/4/SUP152/5/SUP152/6/KFA/2*KACHU/7/ATTILA/3*BCN//BAV92/3/PASTOR/4/TACUPETO F",2,FALSE,0,"choice_sensitive"
8236877,"BECARD//KIRITATI/2*TRCH/3/BECARD/4/KACHU/KIRITATI/5/KACHU/DANPHE",2,FALSE,0,"choice_sensitive"
8241952,"SHORTENED SR26 TRANSLOCATION//2*WBLL1*2/KKTS/3/BECARD/4/2*BORL14",2,FALSE,0,"choice_sensitive"
8236633,"KACHU//KIRITATI/2*TRCH*2/4/PRL/2*PASTOR/3/PFAU/WEAVER*2//CHAPIO",2,FALSE,0,"choice_sensitive"
8236943,"SUP152*2/TINKIO #1/4/FRET2*2/SHAMA//KIRITATI/2*TRCH/3/BAJ #1/5/SUP152*2/TINKIO #1",2,FALSE,0,"choice_sensitive"
8239583,"KACHU//KIRITATI/2*TRCH/4/KACHU/3/WHEAR//2*PRL/2*PASTOR",2,FALSE,0,"choice_sensitive"
8244512,"KACHU/6/YAR/AE.SQUARROSA (783)/4/GOV/AZ//MUS/3/SARA/5/MYNA/VUL//JUN/7/PRL/2*PASTOR//KACHU",2,FALSE,0,"choice_sensitive"
6564550,"MAYIL #1",2,FALSE,0,"choice_sensitive"
8236239,"MUCUY*2//SUP152/BAJ #1",2,FALSE,0,"choice_sensitive"
9079518,"FRANCOLIN #1/3/IWA 8600211//2*PBW343*2/KUKUNA/7/MICH95.3.1.4/HUW468/5/SITE/MO/4/NAC/TH.AC//3*PVN/3/MIRLO/BUC/6/WAXWING/4/BL 1496/MILAN/3/CROC_1/AE.SQUARROSA (205)//KAUZ/5/FRNCLN/8/BORL14*2//MUNAL #1/FRANCOLIN #1",2,FALSE,0,"choice_sensitive"
8935464,"T.SPELTA PI348599//2*PBW343*2/KUKUNA/3/WBLL1*2/KURUKU//HEILO/4/WBLL1*2/KURUKU//HEILO/8/ATTILA/3*BCN//BAV92/3/TILHI/4/SUP152/5/SUP152/6/KFA/2*KACHU/7/ATTILA/3*BCN//BAV92/3/PASTOR/4/TACUPETO F2001*2/BRAMBLING/5/PAURAQ/9/ATTILA/3*BCN//BAV92/3/TILHI/4/SU",2,FALSE,0,"choice_sensitive"
9079915,"BL 1724*2/3/T.DICOCCON PI272533/AE.SQUARROSA (458)//CMH81A.1261/VEE#10/4/2*UP2338*2/KKTS*2//YANAC/5/MANKU/6/PFAU/WEAVER*2//BRAMBLING/3/DIAMONDBIRD/4/IWA 8600211//2*PBW343*2/KUKUNA/5/PBW343*2/KUKUNA*2//FRTL/PIFED",2,FALSE,0,"choice_sensitive"
9080408,"KOKILA/BOKOTA/7/2*ATTILA/3*BCN//BAV92/3/PASTOR/4/TACUPETO F2001*2/BRAMBLING/5/PAURAQ/6/KFA/2*KACHU",2,FALSE,0,"choice_sensitive"
8239779,"BAJ #1/3/2*HUW234+LR34/PRINIA//PFAU/WEAVER/4/KACHU//KIRITATI/2*TRCH",2,FALSE,0,"choice_sensitive"
4248,"CIANO T 79",2,FALSE,0,"choice_sensitive"
7629587,"SUP152/HUIRIVIS #1//2*BORL14",2,FALSE,0,"choice_sensitive"
7397162,"ALD/CEP75630//CEP75234/PT7219/3/BUC/BJY/4/CBRD/5/TNMU/PF85487/6/PBW343*2/KUKUNA/7/CNO79//PF70354/MUS/3/PASTOR/4/BAV92/8/ATTILA*2/PBW65*2//MURGA/9/ATTILA*2/PBW65//MURGA",2,FALSE,0,"choice_sensitive"
5398434,"FRANCOLIN #1",2,FALSE,0,"choice_sensitive"
