"GID","Cross","Sel_Hist","n_observations","n_years","n_nurseries","n_series","n_locations","first_year","last_year","median_disease","q90_disease","worst_disease","median_percentile","q75_percentile","max_year_median_percentile","interyear_median_percentile_range","percentile_slope_per_year","eligible_cross_year","robustness_tier","evidence_band","decision_class"
6341870,"MUCUY","CMSS07Y01083T-099TOPM-099Y-099M-099Y-40M-0WGY",39,5,4,1,3,2018,2022,0,10,45.40816327,0.410472972972973,0.443181818181818,0.44493006993007,0.0593666896483798,-0.000305300395181766,TRUE,"moderate","5-7-year_long_term","long_term_priority"
7398245,"NADI/COPIO//NADI#2","CMSS11B00910T-099TOPY-099M-099NJ-099NJ-37WGY-0B",20,5,4,2,3,2018,2024,0,16.067,25.14,0.441755545250792,0.479525862068966,0.645614035087719,0.249311218186311,-0.0179283859824986,TRUE,"moderate","5-7-year_long_term","long_term_priority"
7630418,"NADI//TRCH/HUIRIVIS #1/3/NADI","CMSS12Y00880T-099TOPM-099Y-099M-0SY-17M-0WGY",15,3,2,1,3,2019,2022,0,0,4.02,0.400332225913621,0.414961454884106,0.412190128870592,0.0782057538705925,-0.0210420239169289,TRUE,"moderate","3-4-year_intermediate","intermediate_support"
6176368,"KUTZ","CMSS06Y00946T-099TOPM-099Y-099ZTM-099Y-099M-8WGY-0B",22,3,2,1,3,2018,2020,0,4.28400000000001,10,0.401920498921723,0.423139595677937,0.414035087719298,0.0177322708178898,-0.000922479424352435,TRUE,"moderate","3-4-year_intermediate","intermediate_support"
7694609,"KACHU #1","CMSS97M03912T-040Y-020Y-030M-020Y-040M-4Y-2M-0Y-082Y",22,3,2,1,3,2018,2020,0,7.62900000000001,10.81,0.401920498921723,0.426324503311258,0.421052631578947,0.0247498146775389,-0.00443125135417722,TRUE,"moderate","3-4-year_intermediate","intermediate_support"
8048669,"BORL14//BECARD/QUAIU #1","CMSS12Y00070S-099Y-099M-099NJ-099NJ-21Y-0WGY",21,4,3,1,3,2020,2024,0,5.238095238,7.619047619,0.444055944055944,0.451048951048951,0.469565217391304,0.0499847978108848,0.00720205709622141,TRUE,"moderate","3-4-year_intermediate","intermediate_support"
8048389,"KACHU #1//WBLL1*2/KUKUNA/3/BRBT1*2/KIRITATI/6/ROLF07*2/5/REH/HARE//2*BCN/3/CROC_1/AE.SQUARROSA (213)//PGO/4/HUITES/7/BORL14","CMSS12B01029T-099TOPY-099M-099NJ-099NJ-20Y-0WGY",16,3,2,2,3,2020,2023,0,9.21,10,0.44493006993007,0.451048951048951,0.445804195804196,0.000874125874125942,-0.000162118583171266,TRUE,"moderate","3-4-year_intermediate","intermediate_support"
7462304,"KACHU #1/YUNMAI 47//KACHU/4/MUU #1//PBW343*2/KUKUNA/3/MUU/5/KUTZ","CMSS11B00787T-099TOPY-099M-099NJ-099NJ-10WGY-0B",18,2,2,2,3,2019,2020,0,0.846000000000002,10,0.383532857870606,0.408848107213173,0.412190128870592,0.0496073474136388,,TRUE,"strong","2-year_provisional","high_performance_needs_confirmation"
7627645,"ATTILA/3*BCN//BAV92/3/TILHI/4/SUP152/5/SUP152/6/KFA/2*KACHU/7/ATTILA/3*BCN//BAV92/3/PASTOR/4/TACUPETO F2001*2/BRAMBLING/5/PAURAQ","CMSS12B00841T-099TOPY-099M-0SY-8M-0WGY",18,2,2,2,3,2019,2020,0,0,0,0.383532857870606,0.408848107213173,0.412190128870592,0.0496073474136388,,TRUE,"strong","2-year_provisional","high_performance_needs_confirmation"
7629600,"BECARD/AKURI/3/KACHU//WBLL1*2/BRAMBLING/4/MUTUS/AKURI","CMSS12Y00720T-099TOPM-099Y-099M-0SY-21M-0WGY",18,2,2,2,3,2019,2020,0,0,10,0.383532857870606,0.408848107213173,0.412190128870592,0.0496073474136388,,TRUE,"strong","2-year_provisional","high_performance_needs_confirmation"
7624738,"PAURAQ/MUCUY","CMSS12B00023S-099M-0SY-1M-0WGY",18,2,2,2,3,2019,2020,0,0,10,0.392473805264503,0.413048706819402,0.412190128870592,0.031968529278132,,TRUE,"strong","2-year_provisional","high_performance_needs_confirmation"
7626498,"SAUAL/YANAC//SAUAL/3/2*KUTZ","CMSS12B00649T-099TOPY-099M-0SY-22M-0WGY",18,2,2,2,3,2019,2020,0,7.697,17.06,0.392473805264503,0.413048706819402,0.416390728476821,0.0361691288843607,,TRUE,"strong","2-year_provisional","high_performance_needs_confirmation"
7627655,"ATTILA/3*BCN//BAV92/3/TILHI/4/SUP152/5/SUP152/6/KFA/2*KACHU/7/ATTILA/3*BCN//BAV92/3/PASTOR/4/TACUPETO F2001*2/BRAMBLING/5/PAURAQ","CMSS12B00841T-099TOPY-099M-0SY-72M-0WGY",18,2,2,2,3,2019,2020,0,0,14.29,0.392473805264503,0.413048706819402,0.412190128870592,0.031968529278132,,TRUE,"strong","2-year_provisional","high_performance_needs_confirmation"
7310617,"ND643/2*TRCH//MUTUS/3/SUP152/4/SUP152*2/TECUE #1","CMSS11B00486S-099M-0SY-27M-0WGY",15,2,2,2,3,2018,2019,0,0,4.29,0.392605633802817,0.42796697626419,0.414035087719298,0.0245614035087719,,TRUE,"strong","2-year_provisional","high_performance_needs_confirmation"
7400724,"MUNAL #1/7/CNO79//PF70354/MUS/3/PASTOR/4/BAV92/5/FRET2/KUKUNA//FRET2/6/MILAN/KAUZ//PRINIA/3/BAV92","CMSA11Y00449S-099Y-099M-099NJ-099NJ-13WGY-0B",15,2,2,2,3,2018,2019,0,0,4.76,0.4,0.434984520123839,0.414035087719298,0.0214294539164813,,TRUE,"strong","2-year_provisional","high_performance_needs_confirmation"
7400769,"NELOKI//SOKOLL/EXCALIBUR","CMSA11Y00507S-099Y-099M-099NJ-099NJ-19WGY-0B",29,6,5,1,3,2018,2024,0,10.17948718,18.70967742,0.423245614035088,0.677734375,0.540451694542254,0.149412035535582,0.0165330348650567,TRUE,"not_robust","5-7-year_long_term","long_term_susceptible_or_unstable_reference"
6933502,"KACHU/SAUAL/4/ATTILA*2/PBW65//PIHA/3/ATTILA/2*PASTOR","CMSS10Y00374S-099Y-099M-1WGY-0B",38,5,5,1,3,2019,2023,0,16.174418604,42.93478261,0.433809567915528,0.506373032254089,0.68083893654842,0.318256155091466,0.0732298781390237,TRUE,"not_robust","5-7-year_long_term","long_term_susceptible_or_unstable_reference"
6387,"SONALIKA","II18427-4R-1M",38,7,7,1,3,2018,2024,12.951842105,92.237666669,100,0.841346153846154,0.975384615384615,1,0.612745098039216,0.0859328539107933,TRUE,"not_robust","5-7-year_long_term","long_term_susceptible_or_unstable_reference"
911521,"CHIRYA.3","CIGM87.116-3Y-2M-1PR-3M-2PR-4B-0PR-1Y-0M",44,7,8,1,3,2018,2024,18.6006348,79.903743317,100,0.922322775263952,0.960384615384615,0.966346153846154,0.475961538461538,-0.0411259696186123,TRUE,"not_robust","5-7-year_long_term","long_term_susceptible_or_unstable_reference"
6176225,"FITIS","CMSS06Y00878T-099TOPM-099Y-099ZTM-099Y-099M-18WGY-0B",33,5,4,1,3,2018,2022,53.46,85.252,98.46,0.923841059602649,0.953405017921147,0.964912280701754,0.0725281747414895,0.0078194790926056,TRUE,"not_robust","5-7-year_long_term","long_term_susceptible_or_unstable_reference"
7178454,"SOKOLL/3/PASTOR//HXL7573/2*BAU*2/6/OASIS/5*BORL95/5/CNDO/R143//ENTE/MEXI75/3/AE.SQ/4/2*OCI","CMSA10M00159T-050Y-099ZTM-099NJ-099NJ-5WGY-0B",20,5,4,1,3,2020,2024,26.836734695,82,100,0.926315789473684,0.960615194373599,0.96551724137931,0.0658693540553668,0.0131911675741079,TRUE,"not_robust","5-7-year_long_term","long_term_susceptible_or_unstable_reference"
304660,"LOCAL CHECK","",1094,7,21,4,3,2018,2024,70,98.732924054,100,0.965442603373638,0.983443708609272,0.980769230769231,0.0339253769486327,0.00396802790357855,TRUE,"not_robust","5-7-year_long_term","long_term_susceptible_or_unstable_reference"
7400087,"SAUAL/3/SW89.3064//CMH82.17/SERI/4/SAUAL/5/PBW343*2/KUKUNA*2//FRTL/PIFED/6/SAUAL/KRONSTAD F2004","CMSS11Y01091T-099TOPM-099Y-099M-099NJ-099NJ-16WGY-0B",16,2,2,2,3,2018,2019,0,1.75,38.52,0.388216845878136,0.434106334841629,0.410064309097732,0.0815110226945962,,TRUE,"moderate","2-year_provisional","do_not_prioritize"
7628586,"FITIS/3/KACHU #1/KIRITATI//KACHU","CMSS12Y00107S-099Y-099M-0SY-33M-0WGY",18,2,2,2,3,2019,2020,0,14.299,70,0.389900662251656,0.419128884360672,0.395695364238411,0.0105068772287314,,TRUE,"not_robust","2-year_provisional","do_not_prioritize"
7631140,"KAUZ*2/MNV//KAUZ/3/MILAN/4/BAV92/5/AKURI/6/MUTUS/7/FRET2/TUKURU//FRET2/3/MUNAL #1","CMSS12B00226S-099M-0SY-20M-0WGY",18,2,2,2,3,2019,2020,0,15.526,40,0.389900662251656,0.419128884360672,0.395695364238411,0.0105068772287314,,TRUE,"moderate","2-year_provisional","do_not_prioritize"
7461607,"MUNAL*2//WAXWING*2/TUKURU/3/MUCUY","CMSS11B00478S-099M-099NJ-099NJ-2WGY-0M",18,2,2,2,3,2019,2020,0,0,38.12,0.392473805264503,0.413048706819402,0.412190128870592,0.031968529278132,,TRUE,"moderate","2-year_provisional","do_not_prioritize"
7627560,"STLN/MUNAL #1//2*BORL14","CMSS12B00828T-099TOPY-099M-0SY-42M-0WGY",18,2,2,2,3,2019,2020,0,0,95.36,0.392473805264503,0.413048706819402,0.412190128870592,0.031968529278132,,TRUE,"not_robust","2-year_provisional","do_not_prioritize"
7628581,"FITIS/3/KACHU #1/KIRITATI//KACHU","CMSS12Y00107S-099Y-099M-0SY-13M-0WGY",18,2,2,2,3,2019,2020,0,3.00000000000001,70,0.392473805264503,0.413048706819402,0.412190128870592,0.031968529278132,,TRUE,"not_robust","2-year_provisional","do_not_prioritize"
7312386,"PRL/2*PASTOR//PARUS/5/NAC/TH.AC//3*PVN/3/MIRLO/BUC/4/2*PASTOR/6/KINGBIRD #1//INQALAB 91*2/TUKURU","CMSS11Y00069S-099Y-099M-0SY-8M-0WGY",14,2,2,2,3,2018,2019,0,0,20.74,0.401754385964912,0.436790505675955,0.414035087719298,0.0177322708178898,,TRUE,"moderate","2-year_provisional","do_not_prioritize"
7396550,"MOKUE #1","CMSS11B00372S-099M-099NJ-099NJ-19WGY-0B",14,2,2,2,3,2018,2019,0,0,29.78,0.401754385964912,0.436790505675955,0.42796697626419,0.0369273172575183,,TRUE,"moderate","2-year_provisional","do_not_prioritize"
7398344,"UP2338*2/VIVITSI/3/FRET2/TUKURU//FRET2/4/MISR 1*2/5/KIRITATI/4/2*BAV92//IRENA/KAUZ/3/HUITES","CMSS11B00930T-099TOPY-099M-099NJ-099NJ-10WGY-0B",16,2,2,2,3,2018,2019,0,9.815,79.66,0.401754385964912,0.447115384615385,0.42796697626419,0.0369273172575183,,TRUE,"not_robust","2-year_provisional","do_not_prioritize"
8235068,"ND643/2*WBLL1/4/WHEAR/KUKUNA/3/C80.1/3*BATAVIA//2*WBLL1/5/BORL14","CMSS13B00139S-099M-099NJ-099NJ-33Y-0WGY",9,2,2,2,3,2021,2022,0,9.91304347839999,20,0.403169014084507,0.461538461538462,0.403846153846154,0.000677139761646794,,TRUE,"moderate","2-year_provisional","do_not_prioritize"
7461098,"BL2064//SW89-5124*2/FASAN/3/TILHI*2/5/KAUZ//ALTAR 84/AOS/3/KAUZ/4/SW94.15464/6/TRCH/HUIRIVIS #1","CMSS11B00381S-099M-099NJ-099NJ-38WGY-0M",18,2,2,2,3,2019,2020,0,6.5,30,0.403909831889964,0.42202623535405,0.412190128870592,0.0101009389907049,,TRUE,"moderate","2-year_provisional","do_not_prioritize"
7625823,"KACHU/BECARD//WBLL1*2/BRAMBLING/3/KACHU/KINDE","CMSS12B00318S-099M-0SY-9M-0WGY",18,2,2,2,3,2019,2020,0,6.318,30,0.403909831889964,0.42202623535405,0.412190128870592,0.0101009389907049,,TRUE,"moderate","2-year_provisional","do_not_prioritize"
7628841,"SUP152/AKURI//SUP152/3/MUCUY","CMSS12Y00300S-099Y-099M-0SY-4M-0WGY",18,2,2,2,3,2019,2020,0,7.998,40,0.403909831889964,0.42202623535405,0.412190128870592,0.0101009389907049,,TRUE,"moderate","2-year_provisional","do_not_prioritize"
7400670,"W15.92/4/PASTOR//HXL7573/2*BAU/3/WBLL1/6/POTCH 93/4/MILAN/KAUZ//PRINIA/3/BAV92/5/MILAN/KAUZ//PRINIA/3/BAV92","CMSA11Y00389S-099Y-099M-099NJ-099NJ-17WGY-0B",16,2,2,2,3,2018,2019,0,22.585,28.65,0.40468796501171,0.447115384615385,0.410064309097732,0.0644859330888614,,TRUE,"not_robust","2-year_provisional","do_not_prioritize"
7462271,"MUCUY/3/PBW343*2/KUKUNA*2//FRTL/PIFED","CMSS11B00373S-099M-099NJ-099NJ-30WGY-0B",18,2,2,2,3,2019,2020,0,10.205,20,0.407223241453374,0.427375191034131,0.416390728476821,0.0143015385969336,,TRUE,"moderate","2-year_provisional","do_not_prioritize"
7396257,"PFAU/WEAVER*2/4/BOW/NKT//CBRD/3/CBRD/5/ATTILA*2/PBW65*2//KACHU","CMSS11B00226S-099M-099NJ-099NJ-14WGY-0B",16,2,2,2,3,2018,2019,0,13.93,40,0.410064309097732,0.454326923076923,0.463764315062505,0.0537000059647738,,TRUE,"moderate","2-year_provisional","do_not_prioritize"
7400738,"WHEAR/SOKOLL/8/BOW/VEE/5/ND/VG9144//KAL/BB/3/YACO/4/CHIL/6/CASKOR/3/CROC_1/AE.SQUARROSA (224)//OPATA/7/PASTOR//MILAN/KAUZ/3/BAV92","CMSA11Y00467S-099Y-099M-099NJ-099NJ-12WGY-0B",16,2,2,2,3,2018,2019,0,9.4,20,0.410064309097732,0.461538461538462,0.481335021657602,0.0712707125598706,,TRUE,"moderate","2-year_provisional","do_not_prioritize"
7629559,"TRCH/HUIRIVIS #1/3/2*ATTILA*2/PBW65//MURGA","CMSS12Y00717T-099TOPM-099Y-099M-0SY-1M-0WGY",18,2,2,2,3,2019,2020,0,7.788,27.37,0.412190128870592,0.629966887417219,0.423841059602649,0.0217518697227614,,TRUE,"not_robust","2-year_provisional","do_not_prioritize"
7628853,"SUP152/AKURI//SUP152/3/MUCUY","CMSS12Y00300S-099Y-099M-0SY-23M-0WGY",18,2,2,2,3,2019,2020,0,22,50,0.412190128870592,0.67591059602649,0.423841059602649,0.0217518697227614,,TRUE,"not_robust","2-year_provisional","do_not_prioritize"
7628468,"BORL14/FITIS","CMSS12Y00064S-099Y-099M-0SY-27M-0WGY",18,2,2,2,3,2019,2020,0,24.554,40,0.416390728476821,0.765139454915945,0.416390728476821,0.00292919001528275,,TRUE,"not_robust","2-year_provisional","do_not_prioritize"
8235936,"BECARD//ND643/2*WBLL1/3/KACHU/DANPHE","CMSS13B00700S-099M-099NJ-099NJ-5Y-0WGY",13,2,2,2,3,2021,2022,0,8.00000000000001,20,0.420494699646643,0.461538461538462,0.598591549295775,0.196036507164761,,TRUE,"moderate","2-year_provisional","do_not_prioritize"
8236353,"KACHU//KIRITATI/WBLL1*2/3/TAITA","CMSS13B01266T-099TOPY-099M-099NJ-099NJ-8Y-0WGY",13,2,2,2,3,2021,2022,0,9.619047619,30,0.420494699646643,0.461538461538462,0.421785811361783,0.0362224310800929,,TRUE,"moderate","2-year_provisional","do_not_prioritize"
8236942,"MUTUS*2//ND643/2*WBLL1/3/2*SWSR22T.B./KACHU//2*KACHU","CMSS13B01701T-099TOPY-099M-099NJ-099NJ-29Y-0WGY",13,2,2,2,3,2021,2022,0,10,80,0.420494699646643,0.461538461538462,0.623239436619718,0.202744736973075,,TRUE,"not_robust","2-year_provisional","do_not_prioritize"
8240217,"KENYA SUNBIRD/KACHU/4/KACHU/3/WHEAR//2*PRL/2*PASTOR","CMSS14B00491S-099M-0SY-29M-0WGY",13,2,2,2,3,2021,2022,0,3.3684210528,70,0.420494699646643,0.461538461538462,0.47887323943662,0.0763181973056058,,TRUE,"not_robust","2-year_provisional","do_not_prioritize"
8241214,"BECARD/FRNCLN//2*BORL14","CMSS14B01371T-099TOPY-099M-0SY-21M-0WGY",13,2,2,2,3,2021,2022,0,9.2631578948,40,0.420494699646643,0.461538461538462,0.485915492957746,0.0654207933111034,,TRUE,"moderate","2-year_provisional","do_not_prioritize"
8245226,"SUP152/KENYA SUNBIRD//BORL14/3/BECARD/FRNCLN","CMSS14Y01535T-099TOPM-099Y-099M-0SY-50M-0WGY",13,2,2,2,3,2021,2022,0,10,20,0.420494699646643,0.461538461538462,0.420494699646643,0.017325685562136,,TRUE,"moderate","2-year_provisional","do_not_prioritize"
7313754,"WBLL1*2/4/BABAX/LR42//BABAX/3/BABAX/LR42//BABAX/8/TACUPETO F2001/6/CNDO/R143//ENTE/MEXI_2/3/AEGILOPS SQUARROSA (TAUS)/4/WEAVER/5/PASTOR/7/ROLF07/9/WBLL1*2/4/BABAX/LR42//BABAX/3/BABAX/LR42//BABAX","CMSS11Y01158T-099TOPM-099Y-099M-0SY-4M-0WGY",16,2,2,2,3,2018,2019,0,18.665,40,0.421779464473962,0.7005105592945,0.517921146953405,0.0961416824794433,,TRUE,"not_robust","2-year_provisional","do_not_prioritize"
8234969,"KACHU/DANPHE//BORL14","CMSS13B00104S-099M-099NJ-099NJ-32Y-0WGY",9,2,2,2,3,2021,2022,0,10,10,0.423076923076923,0.461538461538462,0.559859154929577,0.156013001083424,,TRUE,"moderate","2-year_provisional","do_not_prioritize"
8234993,"KACHU/DANPHE//KFA/2*KACHU","CMSS13B00105S-099M-099NJ-099NJ-39Y-0WGY",9,2,2,2,3,2021,2022,0,22,70,0.423076923076923,0.461538461538462,0.559859154929577,0.156013001083424,,TRUE,"not_robust","2-year_provisional","do_not_prioritize"
8239581,"KACHU//KIRITATI/2*TRCH/4/KACHU/3/WHEAR//2*PRL/2*PASTOR","CMSS14B00256S-099M-0SY-14M-0WGY",9,2,2,2,3,2021,2022,0,29.908496732,69.54248366,0.423076923076923,0.461538461538462,0.751760563380282,0.347914409534128,,TRUE,"not_robust","2-year_provisional","do_not_prioritize"
8245113,"KACHU//KIRITATI/2*TRCH*2/3/KFA/2*KACHU","CMSS14Y01496T-099TOPM-099Y-099M-0SY-50M-0WGY",9,2,2,2,3,2021,2022,0,10,10,0.423076923076923,0.461538461538462,0.559859154929577,0.156013001083424,,TRUE,"moderate","2-year_provisional","do_not_prioritize"
8236992,"KACHU*2/3/ND643//2*PRL/2*PASTOR/4/2*KACHU/DANPHE","CMSS13B01730T-099TOPY-099M-099NJ-099NJ-7Y-0WGY",13,2,2,2,3,2021,2022,0,10,60,0.423076923076923,0.623239436619718,0.623239436619718,0.201453625257935,,TRUE,"not_robust","2-year_provisional","do_not_prioritize"
8245062,"KACHU/DANPHE*2//KENYA SUNBIRD/KACHU","CMSS14Y01492T-099TOPM-099Y-099M-0SY-17M-0WGY",13,2,2,2,3,2021,2022,0,17.353535352,90,0.423076923076923,0.807692307692308,0.442307692307692,0.0391386782231852,,TRUE,"not_robust","2-year_provisional","do_not_prioritize"
7400741,"SUP152/6/OASIS/5*BORL95/5/CNDO/R143//ENTE/MEXI75/3/AE.SQ/4/2*OCI","CMSA11Y00485S-099Y-099M-099NJ-099NJ-10WGY-0B",14,2,2,2,3,2018,2019,0,12.002,17.14,0.434984520123839,0.598557692307692,0.605263157894737,0.170278637770898,,TRUE,"moderate","2-year_provisional","do_not_prioritize"
7310251,"ATTILA*2/PBW65//MURGA/3/BORL14","CMSS11B00155S-099M-0SY-25M-0WGY",16,2,2,2,3,2018,2019,0,6.11,10,0.434984520123839,0.668781056687963,0.61624447466848,0.18827749840429,,TRUE,"not_robust","2-year_provisional","do_not_prioritize"
8235620,"BAVIS #1//ND643/2*WBLL1/3/BORL14","CMSS13B00419S-099M-099NJ-099NJ-15Y-0WGY",6,2,2,1,3,2022,2024,0,0,0,0.435420713938805,0.475754310344828,0.478448275862069,0.286546867411365,,TRUE,"moderate","2-year_provisional","do_not_prioritize"
8044964,"BOKOTA//FRNCLN*2/TECUE #1","CMSS12B00089S-099M-099NJ-099NJ-6Y-0WGY",14,2,2,2,3,2020,2021,0,0,0,0.436842105263158,0.451661605937922,0.449122807017544,0.0161099865047233,,TRUE,"moderate","2-year_provisional","do_not_prioritize"
8050918,"SUP152*2/TECUE #1*2//FRNCLN*2/TECUE #1","CMSS12Y01040T-099TOPM-099Y-099M-099NJ-099NJ-10Y-0WGY",14,2,2,2,3,2020,2021,0,0,0,0.436842105263158,0.451661605937922,0.449122807017544,0.0161099865047233,,TRUE,"moderate","2-year_provisional","do_not_prioritize"
8051464,"KACHU/DANPHE//KFA/2*KACHU","CMSS13B00105S-099M-0SY-28M-0WGY",14,2,2,2,3,2020,2021,0,0,0,0.436842105263158,0.451661605937922,0.449122807017544,0.0161099865047233,,TRUE,"moderate","2-year_provisional","do_not_prioritize"
8051513,"KACHU//KIRITATI/2*TRCH/3/KFA/2*KACHU","CMSS13B00118S-099M-0SY-2M-0WGY",14,2,2,2,3,2020,2021,0,0,0,0.436842105263158,0.451661605937922,0.449122807017544,0.0161099865047233,,TRUE,"moderate","2-year_provisional","do_not_prioritize"
8055604,"KUTZ//KACHU/DANPHE","CMSS13Y00069S-099Y-099M-0SY-11M-0WGY",14,2,2,2,3,2020,2021,0,0,0,0.436842105263158,0.451661605937922,0.449122807017544,0.0161099865047233,,TRUE,"moderate","2-year_provisional","do_not_prioritize"
8059142,"KACHU #1/3/T.DICOCCON PI94624/AE.SQUARROSA (409)//BCN/4/2*KACHU*2/5/KACHU/KINDE","CMSS13Y01305T-099TOPM-099Y-099M-0SY-25M-0WGY",14,2,2,2,3,2020,2021,0,0,0,0.436842105263158,0.451661605937922,0.449122807017544,0.0161099865047233,,TRUE,"moderate","2-year_provisional","do_not_prioritize"
7313682,"PBW343*2/KUKUNA*2//FRTL/PIFED*2/5/UP2338*2/SHAMA/3/MILAN/KAUZ//CHIL/CHUM18/4/UP2338*2/SHAMA","CMSS11Y01136T-099TOPM-099Y-099M-0SY-50M-0WGY",16,2,2,2,3,2018,2019,0,9.595,10,0.440452091767881,0.612603199174407,0.651676986584107,0.216692466460268,,TRUE,"not_robust","2-year_provisional","do_not_prioritize"
8045357,"FRNCLN*2/TECUE #1//TRCH/HUIRIVIS #1","CMSS12B00171S-099M-099NJ-099NJ-17Y-0WGY",14,2,2,2,3,2020,2021,0,0,7.61,0.443859649122807,0.459134615384615,0.449122807017544,0.0122807017543859,,TRUE,"moderate","2-year_provisional","do_not_prioritize"
8048083,"BECARD #1/5/KIRITATI/4/2*SERI.1B*2/3/KAUZ*2/BOW//KAUZ*2/6/KFA/2*KACHU","CMSS12B00911T-099TOPY-099M-099NJ-099NJ-31Y-0WGY",14,2,2,2,3,2020,2021,0,0,10.23,0.443859649122807,0.459134615384615,0.449122807017544,0.0122807017543859,,TRUE,"moderate","2-year_provisional","do_not_prioritize"
8049301,"BABAX/LR42//BABAX*2/3/KUKUNA/4/BACEU #1/5/BECARD/6/KACHU/KINDE","CMSS12Y00436S-099Y-099M-099NJ-099NJ-9Y-0WGY",14,2,2,2,3,2020,2021,0,0,3.5,0.443859649122807,0.459134615384615,0.449122807017544,0.0122807017543859,,TRUE,"moderate","2-year_provisional","do_not_prioritize"
8049295,"VORB/FISCAL//WBLL1*2/KURUKU/3/QUAIU/4/KACHU/KINDE","CMSS12Y00428S-099Y-099M-099NJ-099NJ-16Y-0WGY",16,2,2,2,3,2020,2021,0,0,10,0.44493006993007,0.451267482517482,0.445804195804196,0.000874125874125942,,TRUE,"moderate","2-year_provisional","do_not_prioritize"
8049486,"BAJ #1*2/3/ATTILA*2/PBW65//MURGA","CMSS12Y00630T-099TOPM-099Y-099M-099NJ-099NJ-25Y-0WGY",16,2,2,2,3,2020,2021,0,0,10,0.44493006993007,0.451267482517482,0.445804195804196,0.000874125874125942,,TRUE,"moderate","2-year_provisional","do_not_prioritize"
8049490,"BAJ #1*2/3/ATTILA*2/PBW65//MURGA","CMSS12Y00630T-099TOPM-099Y-099M-099NJ-099NJ-34Y-0WGY",16,2,2,2,3,2020,2021,0,0,5.26,0.44493006993007,0.451267482517482,0.445804195804196,0.000874125874125942,,TRUE,"moderate","2-year_provisional","do_not_prioritize"
8054203,"KACHU #1/3/T.DICOCCON PI94624/AE.SQUARROSA (409)//BCN/4/2*KACHU*2/5/KACHU/DANPHE","CMSS13B01395T-099TOPY-099M-0SY-27M-0WGY",16,2,2,2,3,2020,2021,0,0,10,0.44493006993007,0.451267482517482,0.445804195804196,0.000874125874125942,,TRUE,"moderate","2-year_provisional","do_not_prioritize"
8047044,"KUTZ*2//KFA/2*KACHU","CMSS12B00682T-099TOPY-099M-099NJ-099NJ-22Y-0WGY",15,2,2,2,3,2020,2021,0,0,10,0.445804195804196,0.451486013986014,0.449300699300699,0.00437062937062943,,TRUE,"moderate","2-year_provisional","do_not_prioritize"
8049223,"BECARD/AKURI #1//BECARD/3/KACHU/KINDE","CMSS12Y00395S-099Y-099M-099NJ-099NJ-3Y-0WGY",16,2,2,2,3,2020,2021,0,5,10,0.447552447552448,0.454326923076923,0.586538461538462,0.140734265734266,,TRUE,"moderate","2-year_provisional","do_not_prioritize"
8056193,"KACHU #1/3/T.DICOCCON PI94624/AE.SQUARROSA (409)//BCN/4/2*KACHU/5/SWSR22T.B./KACHU//2*KACHU","CMSS13Y00307S-099Y-099M-0SY-10M-0WGY",16,2,2,2,3,2020,2021,0,5,10,0.447552447552448,0.454326923076923,0.450174825174825,0.00524475524475532,,TRUE,"moderate","2-year_provisional","do_not_prioritize"
8059204,"CNO79//PF70354/MUS/3/PASTOR/4/BAV92*2/5/HAR311/6/2*PBW343*2/KUKUNA*2//FRTL/PIFED","CMSS13Y01352T-099TOPM-099Y-099M-0SY-19M-0WGY",16,2,2,2,3,2020,2021,0,3.53,10,0.447552447552448,0.454326923076923,0.450174825174825,0.00524475524475532,,TRUE,"moderate","2-year_provisional","do_not_prioritize"
8049890,"ATTILA*2/PBW65*2//TNMU*2/3/KFA/2*KACHU","CMSS12Y00749T-099TOPM-099Y-099M-099NJ-099NJ-16Y-0WGY",14,2,2,2,3,2020,2021,0,4.81600000000001,10,0.449122807017544,0.461538461538462,0.449122807017544,0.00298582995951419,,TRUE,"moderate","2-year_provisional","do_not_prioritize"
8051046,"FRET2/KUKUNA//FRET2/3/FRNCLN/4/2*MUTUS/AKURI #1//MUTUS","CMSS12Y01073T-099TOPM-099Y-099M-099NJ-099NJ-25Y-0WGY",14,2,2,2,3,2020,2021,0,5.52300000000001,10,0.449122807017544,0.461538461538462,0.449122807017544,0.00298582995951419,,TRUE,"moderate","2-year_provisional","do_not_prioritize"
8058432,"ATTILA/3*BCN//BAV92/3/PASTOR/4/TACUPETO F2001*2/BRAMBLING/5/PAURAQ/6/2*KIRITATI//ATTILA*2/PASTOR/3/AKURI","CMSS13Y01194T-099TOPM-099Y-099M-0SY-9M-0WGY",14,2,2,2,3,2020,2021,0,6.02000000000001,10,0.449122807017544,0.461538461538462,0.449122807017544,0.00298582995951419,,TRUE,"moderate","2-year_provisional","do_not_prioritize"
8049669,"SAUAL/YANAC//SAUAL/3/2*KFA/2*KACHU","CMSS12Y00688T-099TOPM-099Y-099M-099NJ-099NJ-12Y-0WGY",16,2,2,2,3,2020,2021,0,10,18.6,0.450174825174825,0.461538461538462,0.451048951048951,0.00611888111888115,,TRUE,"not_robust","2-year_provisional","do_not_prioritize"
8050806,"SUP152/VILLA JUAREZ F2009/3/2*ATTILA*2/PBW65//MURGA","CMSS12Y01000T-099TOPM-099Y-099M-099NJ-099NJ-6Y-0WGY",16,2,2,2,3,2020,2021,0,15.48,30,0.451486013986014,0.847325174825175,0.792832167832168,0.342657342657343,,TRUE,"not_robust","2-year_provisional","do_not_prioritize"
7397504,"ATTILA*2/PBW65*2//MURGA/4/MUU #1//PBW343*2/KUKUNA/3/MUU/5/ATTILA*2/PBW65//MURGA","CMSS11B00768T-099TOPY-099M-099NJ-099NJ-14WGY-0B",16,2,2,2,3,2018,2019,0,18.42,70.32,0.451923076923077,0.75089605734767,0.743263453753127,0.316016417635123,,TRUE,"not_robust","2-year_provisional","do_not_prioritize"
7310789,"KACHU/BECARD//WBLL1*2/BRAMBLING/3/ATTILA*2/PBW65//MURGA","CMSS11B00537S-099M-0SY-6M-0WGY",16,2,2,2,3,2018,2019,0,51.36,94.87,0.451923076923077,0.82921826625387,0.784088834803772,0.347248714140122,,TRUE,"not_robust","2-year_provisional","do_not_prioritize"
7310799,"KACHU/BECARD//WBLL1*2/BRAMBLING/3/ATTILA*2/PBW65//MURGA","CMSS11B00537S-099M-0SY-29M-0WGY",16,2,2,2,3,2018,2019,0,17.5,38.22,0.451923076923077,0.847860257580367,0.657259435566134,0.216807343798253,,TRUE,"not_robust","2-year_provisional","do_not_prioritize"
7395966,"BOKOTA/3/ATTILA*2/PBW65//MURGA","CMSS11B00101S-099M-099NJ-099NJ-14WGY-0B",16,2,2,2,3,2018,2019,0,54.575,92.96,0.451923076923077,0.854908906882591,0.791228070175439,0.354387949511789,,TRUE,"not_robust","2-year_provisional","do_not_prioritize"
8935740,"KOKILA/BOKOTA/8/ATTILA/3*BCN//BAV92/3/TILHI/4/SUP152/5/SUP152/6/KFA/2*KACHU/7/ATTILA/3*BCN//BAV92/3/PASTOR/4/TACUPETO F2001*2/BRAMBLING/5/PAURAQ/9/ATTILA/3*BCN//BAV92/3/TILHI/4/SUP152/5/SUP152/6/KFA/2*KACHU/7/ATTILA/3*BCN//BAV92/3/PASTOR/4/TACUPETO F","CMSS17Y01372T-099TOPM-099Y-099M-15Y-0WGY",8,2,2,2,3,2022,2024,0,3,10,0.452051282051282,0.483173076923077,0.480769230769231,0.0574358974358974,,TRUE,"not_robust","2-year_provisional","do_not_prioritize"
8236877,"BECARD//KIRITATI/2*TRCH/3/BECARD/4/KACHU/KIRITATI/5/KACHU/DANPHE","CMSS13B01671T-099TOPY-099M-099NJ-099NJ-22Y-0WGY",9,2,2,2,3,2021,2022,0,13.501558378,18.02325581,0.461538461538462,0.566901408450704,0.559859154929577,0.0983206933911159,,TRUE,"not_robust","2-year_provisional","do_not_prioritize"
8241952,"SHORTENED SR26 TRANSLOCATION//2*WBLL1*2/KKTS/3/BECARD/4/2*BORL14","CMSS14B01498T-099TOPY-099M-0SY-15M-0WGY",9,2,2,2,3,2021,2022,0,14,30,0.461538461538462,0.566901408450704,0.559859154929577,0.0983206933911159,,TRUE,"not_robust","2-year_provisional","do_not_prioritize"
8236633,"KACHU//KIRITATI/2*TRCH*2/4/PRL/2*PASTOR/3/PFAU/WEAVER*2//CHAPIO","CMSS13B01492T-099TOPY-099M-099NJ-099NJ-27Y-0WGY",13,2,2,2,3,2021,2022,0,28.861878454,50,0.461538461538462,0.63556338028169,0.63556338028169,0.193255687973998,,TRUE,"not_robust","2-year_provisional","do_not_prioritize"
8236943,"SUP152*2/TINKIO #1/4/FRET2*2/SHAMA//KIRITATI/2*TRCH/3/BAJ #1/5/SUP152*2/TINKIO #1","CMSS13B01703T-099TOPY-099M-099NJ-099NJ-15Y-0WGY",13,2,2,2,3,2021,2022,0,26,70,0.461538461538462,0.753521126760563,0.753521126760563,0.311213434452871,,TRUE,"not_robust","2-year_provisional","do_not_prioritize"
8239583,"KACHU//KIRITATI/2*TRCH/4/KACHU/3/WHEAR//2*PRL/2*PASTOR","CMSS14B00256S-099M-0SY-22M-0WGY",9,2,2,2,3,2021,2022,0,54,70,0.461538461538462,0.792253521126761,0.792253521126761,0.349945828819068,,TRUE,"not_robust","2-year_provisional","do_not_prioritize"
8244512,"KACHU/6/YAR/AE.SQUARROSA (783)/4/GOV/AZ//MUS/3/SARA/5/MYNA/VUL//JUN/7/PRL/2*PASTOR//KACHU","CMSS14Y00577S-099Y-099M-0SY-9M-0WGY",9,2,2,2,3,2021,2022,0,80,80,0.461538461538462,0.807692307692308,0.892605633802817,0.431067172264355,,TRUE,"not_robust","2-year_provisional","do_not_prioritize"
6564550,"MAYIL #1","CMSS08Y01129T-099M-099Y-3M-0Y-5M-0Y",12,2,2,1,3,2022,2023,0,20,29.44444444,0.467948717948718,0.705236486486487,0.637668918918919,0.173993705243705,,TRUE,"not_robust","2-year_provisional","do_not_prioritize"
8236239,"MUCUY*2//SUP152/BAJ #1","CMSS13B01217T-099TOPY-099M-099NJ-099NJ-14Y-0WGY",8,2,2,2,3,2022,2024,2.894736842,7.9411764703,10,0.478941487200325,0.50850166790215,0.488317757009346,0.0851487429248388,,TRUE,"not_robust","2-year_provisional","do_not_prioritize"
9079518,"FRANCOLIN #1/3/IWA 8600211//2*PBW343*2/KUKUNA/7/MICH95.3.1.4/HUW468/5/SITE/MO/4/NAC/TH.AC//3*PVN/3/MIRLO/BUC/6/WAXWING/4/BL 1496/MILAN/3/CROC_1/AE.SQUARROSA (205)//KAUZ/5/FRNCLN/8/BORL14*2//MUNAL #1/FRANCOLIN #1","CMSS17Y01192T-099TOPM-099Y-099M-8Y-0WGY",8,2,2,2,3,2022,2024,0,10,10,0.480769230769231,0.521504677754678,0.614864864864865,0.134095634095634,,TRUE,"not_robust","2-year_provisional","do_not_prioritize"
8935464,"T.SPELTA PI348599//2*PBW343*2/KUKUNA/3/WBLL1*2/KURUKU//HEILO/4/WBLL1*2/KURUKU//HEILO/8/ATTILA/3*BCN//BAV92/3/TILHI/4/SUP152/5/SUP152/6/KFA/2*KACHU/7/ATTILA/3*BCN//BAV92/3/PASTOR/4/TACUPETO F2001*2/BRAMBLING/5/PAURAQ/9/ATTILA/3*BCN//BAV92/3/TILHI/4/SU","CMSS17Y01338T-099TOPM-099Y-099M-11Y-0WGY",8,2,2,2,3,2022,2024,0,7.0526315788,10,0.480769230769231,0.592788461538462,0.490384615384615,0.253898128898129,,TRUE,"not_robust","2-year_provisional","do_not_prioritize"
9079915,"BL 1724*2/3/T.DICOCCON PI272533/AE.SQUARROSA (458)//CMH81A.1261/VEE#10/4/2*UP2338*2/KKTS*2//YANAC/5/MANKU/6/PFAU/WEAVER*2//BRAMBLING/3/DIAMONDBIRD/4/IWA 8600211//2*PBW343*2/KUKUNA/5/PBW343*2/KUKUNA*2//FRTL/PIFED","CMSS17Y01285T-099TOPM-099Y-099M-2Y-0WGY",6,2,2,2,3,2022,2024,0,6.6666666665,10,0.485576923076923,0.625096153846154,0.490384615384615,0.067051282051282,,TRUE,"not_robust","2-year_provisional","do_not_prioritize"
9080408,"KOKILA/BOKOTA/7/2*ATTILA/3*BCN//BAV92/3/PASTOR/4/TACUPETO F2001*2/BRAMBLING/5/PAURAQ/6/KFA/2*KACHU","CMSS17Y01374T-099TOPM-099Y-099M-7Y-0WGY",8,2,2,2,3,2022,2024,2.3684210525,10,10,0.55262474012474,0.70035472972973,0.614864864864865,0.12448024948025,,TRUE,"not_robust","2-year_provisional","do_not_prioritize"
8239779,"BAJ #1/3/2*HUW234+LR34/PRINIA//PFAU/WEAVER/4/KACHU//KIRITATI/2*TRCH","CMSS14B00321S-099M-0SY-15M-0WGY",9,2,2,2,3,2021,2022,10,13.895953758,29.47976879,0.559859154929577,0.807692307692308,0.634615384615385,0.0747562296858071,,TRUE,"not_robust","2-year_provisional","do_not_prioritize"
4248,"CIANO T 79","CM31678-R-4Y-2M-21Y-0M-0MEX",12,2,2,1,3,2018,2019,24.715,99.344,100,0.65290346907994,0.966346153846154,0.971153846153846,0.603506787330317,,TRUE,"not_robust","2-year_provisional","do_not_prioritize"
7629587,"SUP152/HUIRIVIS #1//2*BORL14","CMSS12Y00718T-099TOPM-099Y-099M-0SY-55M-0WGY",18,2,2,2,3,2019,2020,11.975,47.894,80,0.837748344370861,0.847682119205298,0.837748344370861,0.0115894039735098,,TRUE,"not_robust","2-year_provisional","do_not_prioritize"
7397162,"ALD/CEP75630//CEP75234/PT7219/3/BUC/BJY/4/CBRD/5/TNMU/PF85487/6/PBW343*2/KUKUNA/7/CNO79//PF70354/MUS/3/PASTOR/4/BAV92/8/ATTILA*2/PBW65*2//MURGA/9/ATTILA*2/PBW65//MURGA","CMSS11B00695T-099TOPY-099M-099NJ-099NJ-9WGY-0B",16,2,2,2,3,2018,2019,20.27,57.325,83.12,0.888117723683139,0.90921446045121,0.888117723683139,0.00444502383396894,,TRUE,"not_robust","2-year_provisional","do_not_prioritize"
6683244,"SHORTENED SR26 TRANSLOCATION//2*WBLL1*2/KKTS/3/BECARD","CMSS08Y01115T-099M-099Y-099M-099NJ-14WGY-0B",20,3,2,1,3,2019,2021,27.735,67.61,87.95,0.897773188470863,0.927968514000233,0.956140350877193,0.138259556175206,0.0691297780876216,TRUE,"not_robust","3-4-year_intermediate","do_not_prioritize"
5398434,"FRANCOLIN #1","CGSS01B00056T-099Y-099M-099M-099Y-099M-14Y-0B",12,2,2,1,3,2019,2023,68.46,86.777428574,90.17,0.931538461538462,0.965,0.94,0.0169230769230768,,TRUE,"not_robust","2-year_provisional","do_not_prioritize"
