"GID1","GID2","jaccard_similarity","shared_ancestors"
"7627645","7627655",1,"ATTILA;BCN;BAV92;TILHI;SUP152;KFA;KACHU;PASTOR;TACUPETO F2001;BRAMBLING;PAURAQ"
"7627645","7629600",0.133333333333333,"KACHU;BRAMBLING"
"7629600","7627655",0.133333333333333,"KACHU;BRAMBLING"
"7462304","7626498",0.1,"KUTZ"
"7627645","7400724",0.1,"BAV92;PASTOR"
"7629600","7310617",0.1,"MUTUS"
"7627655","7400724",0.1,"BAV92;PASTOR"
"7627645","7624738",0.0833333333333333,"PAURAQ"
"7624738","7627655",0.0833333333333333,"PAURAQ"
"7462304","7629600",0.0769230769230769,"KACHU"
"7627645","7310617",0.0666666666666667,"SUP152"
"7627655","7310617",0.0666666666666667,"SUP152"
"7462304","7627645",0.0555555555555556,"KACHU"
"7462304","7627655",0.0555555555555556,"KACHU"
"7462304","7400724",0.0555555555555556,"KUKUNA"
"7462304","7624738",0,""
"7462304","7310617",0,""
"7627645","7626498",0,""
"7629600","7624738",0,""
"7629600","7626498",0,""
"7629600","7400724",0,""
"7624738","7626498",0,""
"7624738","7310617",0,""
"7624738","7400724",0,""
"7626498","7627655",0,""
"7626498","7310617",0,""
"7626498","7400724",0,""
"7310617","7400724",0,""
