"env_id","nursery","environment","location","year","sowing","background_n","pressure_median","pressure_q75","pressure_q90","pressure_iqr","zero_fraction"
"10HLBSN::Jashore_2019_1st_sowing","10HLBSN","Jashore_2019_1st_sowing","Jashore",2019,"1st",47,26.48,42.145,84,32.145,0.148936170212766
"10HLBSN::Jashore_2019_2nd_sowing","10HLBSN","Jashore_2019_2nd_sowing","Jashore",2019,"2nd",47,10,20,60,20,0.468085106382979
"10HLBSN::Okinawa_2019_1st_sowing","10HLBSN","Okinawa_2019_1st_sowing","Okinawa",2019,"1st",47,3.08,24.335,81.812,24.335,0.446808510638298
"10HLBSN::Okinawa_2019_2nd_sowing","10HLBSN","Okinawa_2019_2nd_sowing","Okinawa",2019,"2nd",47,0,4.4,63.462,4.4,0.723404255319149
"10HLBSN::Quirusillas_2019_1st_sowing","10HLBSN","Quirusillas_2019_1st_sowing","Quirusillas",2019,"1st",47,0,0,38.068,0,0.829787234042553
"10HLBSN::Quirusillas_2019_2nd_sowing","10HLBSN","Quirusillas_2019_2nd_sowing","Quirusillas",2019,"2nd",47,0,0,53.17,0,0.765957446808511
"11HLBSN::Jashore_2020_1st_sowing","11HLBSN","Jashore_2020_1st_sowing","Jashore",2020,"1st",52,0,0,9.952,0,0.826923076923077
"11HLBSN::Jashore_2020_2nd_sowing","11HLBSN","Jashore_2020_2nd_sowing","Jashore",2020,"2nd",52,0,0,10,0,0.788461538461538
"11HLBSN::Okinawa_2020_1st_sowing","11HLBSN","Okinawa_2020_1st_sowing","Okinawa",2020,"1st",52,0,0,5.479,0,0.846153846153846
"11HLBSN::Okinawa_2020_2nd_sowing","11HLBSN","Okinawa_2020_2nd_sowing","Okinawa",2020,"2nd",52,0,0,0,0,0.903846153846154
"11HLBSN::Quirusillas_2020_1st_sowing","11HLBSN","Quirusillas_2020_1st_sowing","Quirusillas",2020,"1st",52,0,0,2.619,0,0.884615384615385
"11HLBSN::Quirusillas_2020_2nd_sowing","11HLBSN","Quirusillas_2020_2nd_sowing","Quirusillas",2020,"2nd",52,0,0,0,0,0.903846153846154
"12HLBSN::Jashore_2021_1st_sowing","12HLBSN","Jashore_2021_1st_sowing","Jashore",2021,"1st",52,0,10,10,10,0.653846153846154
"12HLBSN::Jashore_2021_2nd_sowing","12HLBSN","Jashore_2021_2nd_sowing","Jashore",2021,"2nd",52,0,10,10,10,0.634615384615385
"12HLBSN::Okinawa_2021_1st_sowing","12HLBSN","Okinawa_2021_1st_sowing","Okinawa",2021,"1st",52,0,0,17.486095658,0,0.826923076923077
"12HLBSN::Okinawa_2021_2nd_sowing","12HLBSN","Okinawa_2021_2nd_sowing","Okinawa",2021,"2nd",52,0,2.8273809525,23.797644962,2.8273809525,0.75
"12HLBSN::Quirusillas_2021_1st_sowing","12HLBSN","Quirusillas_2021_1st_sowing","Quirusillas",2021,"1st",52,0,0,0,0,0.903846153846154
"12HLBSN::Quirusillas_2021_2nd_sowing","12HLBSN","Quirusillas_2021_2nd_sowing","Quirusillas",2021,"2nd",52,0,0,0,0,0.903846153846154
"13HLBSN::Jashore_2022_1st_sowing","13HLBSN","Jashore_2022_1st_sowing","Jashore",2022,"1st",50,10,10,32,2.261904762,0.1
"13HLBSN::Jashore_2022_2nd_sowing","13HLBSN","Jashore_2022_2nd_sowing","Jashore",2022,"2nd",50,10,20,70,10,0.06
"13HLBSN::Okinawa_2022_2nd_sowing","13HLBSN","Okinawa_2022_2nd_sowing","Okinawa",2022,"2nd",50,0,0,32.927343981,0,0.76
"13HZAN::Jashore_2022_1st_sowing","13HZAN","Jashore_2022_1st_sowing","Jashore",2022,"1st",294,10,10,58.086166008,10,0.282312925170068
"13HZAN::Jashore_2022_2nd_sowing","13HZAN","Jashore_2022_2nd_sowing","Jashore",2022,"2nd",294,10,10,70,10,0.472789115646259
"13HZAN::Okinawa_2022_2nd_sowing","13HZAN","Okinawa_2022_2nd_sowing","Okinawa",2022,"2nd",298,0,0,14.3684210540001,0,0.845637583892617
"14HLBSN::Jashore_2023_1st_sowing","14HLBSN","Jashore_2023_1st_sowing","Jashore",2023,"1st",50,7.888888889,15.992089655,68.684980065,11.18945807625,0.18
"14HLBSN::Jashore_2023_2nd_sowing","14HLBSN","Jashore_2023_2nd_sowing","Jashore",2023,"2nd",50,6.470588235,10,10,7.9135338345,0.24
"14HLBSN::Okinawa_2023_1st_sowing","14HLBSN","Okinawa_2023_1st_sowing","Okinawa",2023,"1st",50,0,0,14.984397164,0,0.88
"14HLBSN::Okinawa_2023_2nd_sowing","14HLBSN","Okinawa_2023_2nd_sowing","Okinawa",2023,"2nd",50,0,0,49.383043923,0,0.82
"14HLBSN::Quirusillas_2023_1st_sowing","14HLBSN","Quirusillas_2023_1st_sowing","Quirusillas",2023,"1st",50,0,0,26.801671733,0,0.88
"14HLBSN::Quirusillas_2023_2nd_sowing","14HLBSN","Quirusillas_2023_2nd_sowing","Quirusillas",2023,"2nd",50,0,0,16.358300195,0,0.88
"14HZAN::Jashore_2023_1st_sowing","14HZAN","Jashore_2023_1st_sowing","Jashore",2023,"1st",234,10,10,27.0000000000002,3.888888889,0.11965811965812
"14HZAN::Jashore_2023_2nd_sowing","14HZAN","Jashore_2023_2nd_sowing","Jashore",2023,"2nd",234,6.111111111,10,20,10,0.346153846153846
"14HZAN::Okinawa_2023_1st_sowing","14HZAN","Okinawa_2023_1st_sowing","Okinawa",2023,"1st",234,0,0,0,0,0.918803418803419
"14HZAN::Okinawa_2023_2nd_sowing","14HZAN","Okinawa_2023_2nd_sowing","Okinawa",2023,"2nd",234,0,0,0,0,0.935897435897436
"14HZAN::Quirusillas_2023_1st_sowing","14HZAN","Quirusillas_2023_1st_sowing","Quirusillas",2023,"1st",234,0,0,0,0,0.927350427350427
"14HZAN::Quirusillas_2023_2nd_sowing","14HZAN","Quirusillas_2023_2nd_sowing","Quirusillas",2023,"2nd",234,0,0,0,0,0.91025641025641
"15HLBSN::Jashore_2024_1st_sowing","15HLBSN","Jashore_2024_1st_sowing","Jashore",2024,"1st",50,0,4.166666667,10,4.166666667,0.64
"15HLBSN::Jashore_2024_2nd_sowing","15HLBSN","Jashore_2024_2nd_sowing","Jashore",2024,"2nd",50,2.380952381,4.285714286,5.789473684,4.285714286,0.46
"15HLBSN::Okinawa_2024_1st_sowing","15HLBSN","Okinawa_2024_1st_sowing","Okinawa",2024,"1st",52,0,0,0,0,0.942307692307692
"15HLBSN::Okinawa_2024_2nd_sowing","15HLBSN","Okinawa_2024_2nd_sowing","Okinawa",2024,"2nd",52,0,0,0,0,0.961538461538462
"15HLBSN::Quirusillas_2024_1st_sowing","15HLBSN","Quirusillas_2024_1st_sowing","Quirusillas",2024,"1st",52,0,0,0,0,0.942307692307692
"35SAWSN::Jashore_2019_1st_sowing","35SAWSN","Jashore_2019_1st_sowing","Jashore",2019,"1st",257,10,40,53.056,40,0.431906614785992
"35SAWSN::Jashore_2019_2nd_sowing","35SAWSN","Jashore_2019_2nd_sowing","Jashore",2019,"2nd",244,0,10,54.713,10,0.545081967213115
"35SAWSN::Okinawa_2018_1st_sowing","35SAWSN","Okinawa_2018_1st_sowing","Okinawa",2018,"1st",277,0,0,32.786,0,0.8014440433213
"35SAWSN::Okinawa_2018_2nd_sowing","35SAWSN","Okinawa_2018_2nd_sowing","Okinawa",2018,"2nd",277,0,3.5,48.638,3.5,0.729241877256318
"35SAWSN::Okinawa_2019_1st_sowing","35SAWSN","Okinawa_2019_1st_sowing","Okinawa",2019,"1st",276,0,21.8225,89.505,21.8225,0.66304347826087
"35SAWSN::Okinawa_2019_2nd_sowing","35SAWSN","Okinawa_2019_2nd_sowing","Okinawa",2019,"2nd",277,0,13.25,82.008,13.25,0.59927797833935
"35SAWSN::Quirusillas_2018_1st_sowing","35SAWSN","Quirusillas_2018_1st_sowing","Quirusillas",2018,"1st",277,0,0,41.51,0,0.812274368231047
"35SAWSN::Quirusillas_2018_2nd_sowing","35SAWSN","Quirusillas_2018_2nd_sowing","Quirusillas",2018,"2nd",277,0,0,45.818,0,0.823104693140794
"35SAWSN::Quirusillas_2019_1st_sowing","35SAWSN","Quirusillas_2019_1st_sowing","Quirusillas",2019,"1st",277,0,4.32,63.164,4.32,0.714801444043321
"35SAWSN::Quirusillas_2019_2nd_sowing","35SAWSN","Quirusillas_2019_2nd_sowing","Quirusillas",2019,"2nd",277,0,6.25,62.138,6.25,0.646209386281588
"36SAWSN::Jashore_2019_1st_sowing","36SAWSN","Jashore_2019_1st_sowing","Jashore",2019,"1st",300,0,10.44,49.417,10.44,0.643333333333333
"36SAWSN::Jashore_2019_2nd_sowing","36SAWSN","Jashore_2019_2nd_sowing","Jashore",2019,"2nd",300,0,12.2075,42.977,12.2075,0.536666666666667
"36SAWSN::Jashore_2020_1st_sowing","36SAWSN","Jashore_2020_1st_sowing","Jashore",2020,"1st",300,0,0,10,0,0.88
"36SAWSN::Jashore_2020_2nd_sowing","36SAWSN","Jashore_2020_2nd_sowing","Jashore",2020,"2nd",300,0,0,10,0,0.813333333333333
"36SAWSN::Okinawa_2019_1st_sowing","36SAWSN","Okinawa_2019_1st_sowing","Okinawa",2019,"1st",300,0,28.955,87.261,28.955,0.626666666666667
"36SAWSN::Okinawa_2019_2nd_sowing","36SAWSN","Okinawa_2019_2nd_sowing","Okinawa",2019,"2nd",299,0,12.71,75.37,12.71,0.565217391304348
"36SAWSN::Okinawa_2020_1st_sowing","36SAWSN","Okinawa_2020_1st_sowing","Okinawa",2020,"1st",294,0,4.405,33.541,4.405,0.700680272108844
"36SAWSN::Okinawa_2020_2nd_sowing","36SAWSN","Okinawa_2020_2nd_sowing","Okinawa",2020,"2nd",300,0,0,14.557,0,0.783333333333333
"36SAWSN::Quirusillas_2019_1st_sowing","36SAWSN","Quirusillas_2019_1st_sowing","Quirusillas",2019,"1st",300,0,5.4675,58.438,5.4675,0.726666666666667
"36SAWSN::Quirusillas_2019_2nd_sowing","36SAWSN","Quirusillas_2019_2nd_sowing","Quirusillas",2019,"2nd",300,0,0,78.856,0,0.77
"36SAWSN::Quirusillas_2020_1st_sowing","36SAWSN","Quirusillas_2020_1st_sowing","Quirusillas",2020,"1st",300,0,0,31.082,0,0.776666666666667
"36SAWSN::Quirusillas_2020_2nd_sowing","36SAWSN","Quirusillas_2020_2nd_sowing","Quirusillas",2020,"2nd",300,0,0,39.5000000000002,0,0.803333333333333
"37SAWSN::Jashore_2020_1st_sowing","37SAWSN","Jashore_2020_1st_sowing","Jashore",2020,"1st",283,0,0,0,0,0.936395759717314
"37SAWSN::Jashore_2020_2nd_sowing","37SAWSN","Jashore_2020_2nd_sowing","Jashore",2020,"2nd",283,0,0,10,0,0.80565371024735
"37SAWSN::Okinawa_2020_1st_sowing","37SAWSN","Okinawa_2020_1st_sowing","Okinawa",2020,"1st",283,0,0,7.132,0,0.862190812720848
"37SAWSN::Okinawa_2020_2nd_sowing","37SAWSN","Okinawa_2020_2nd_sowing","Okinawa",2020,"2nd",283,0,0,5.84200000000001,0,0.88339222614841
"37SAWSN::Quirusillas_2020_1st_sowing","37SAWSN","Quirusillas_2020_1st_sowing","Quirusillas",2020,"1st",283,0,0,14.352,0,0.830388692579505
"37SAWSN::Quirusillas_2020_2nd_sowing","37SAWSN","Quirusillas_2020_2nd_sowing","Quirusillas",2020,"2nd",283,0,0,13.284,0,0.865724381625442
"37SAWSN::Quirusillas_2021_1st_sowing","37SAWSN","Quirusillas_2021_1st_sowing","Quirusillas",2021,"1st",283,0,0,20.6020000000001,0,0.893992932862191
"37SAWSN::Quirusillas_2021_2nd_sowing","37SAWSN","Quirusillas_2021_2nd_sowing","Quirusillas",2021,"2nd",283,0,0,0,0,0.901060070671378
"38SAWSN::Jashore_2022_1st_sowing","38SAWSN","Jashore_2022_1st_sowing","Jashore",2022,"1st",283,10,10,80,7.969924812,0.247349823321555
"38SAWSN::Jashore_2022_2nd_sowing","38SAWSN","Jashore_2022_2nd_sowing","Jashore",2022,"2nd",283,10,20,80,20,0.378091872791519
"38SAWSN::Okinawa_2022_2nd_sowing","38SAWSN","Okinawa_2022_2nd_sowing","Okinawa",2022,"2nd",283,0,0,49.183753586,0,0.802120141342756
"40SAWSN::Jashore_2023_1st_sowing","40SAWSN","Jashore_2023_1st_sowing","Jashore",2023,"1st",226,10,20,65,20,0.292035398230089
"40SAWSN::Jashore_2023_2nd_sowing","40SAWSN","Jashore_2023_2nd_sowing","Jashore",2023,"2nd",226,10,40,80,40,0.349557522123894
"40SAWSN::Okinawa_2023_1st_sowing","40SAWSN","Okinawa_2023_1st_sowing","Okinawa",2023,"1st",226,0,0,12.470238095,0,0.889380530973451
"40SAWSN::Okinawa_2023_2nd_sowing","40SAWSN","Okinawa_2023_2nd_sowing","Okinawa",2023,"2nd",226,0,0,38.632538845,0,0.880530973451327
"40SAWSN::Quirusillas_2023_1st_sowing","40SAWSN","Quirusillas_2023_1st_sowing","Quirusillas",2023,"1st",225,0,0,8.03935267719998,0,0.875555555555556
"40SAWSN::Quirusillas_2023_2nd_sowing","40SAWSN","Quirusillas_2023_2nd_sowing","Quirusillas",2023,"2nd",226,0,0,0,0,0.902654867256637
"41SAWSN::Okinawa_2024_1st_sowing","41SAWSN","Okinawa_2024_1st_sowing","Okinawa",2024,"1st",231,0,0,0,0,0.952380952380952
"41SAWSN::Okinawa_2024_2nd_sowing","41SAWSN","Okinawa_2024_2nd_sowing","Okinawa",2024,"2nd",231,0,0,0,0,0.930735930735931
"41SAWSN::Quirusillas_2024_1st_sowing","41SAWSN","Quirusillas_2024_1st_sowing","Quirusillas",2024,"1st",231,0,0,0,0,0.961038961038961
"50IBWSN::Jashore_2019_1st_sowing","50IBWSN","Jashore_2019_1st_sowing","Jashore",2019,"1st",197,7.14,30,50,30,0.451776649746193
"50IBWSN::Jashore_2019_2nd_sowing","50IBWSN","Jashore_2019_2nd_sowing","Jashore",2019,"2nd",168,2.745,8.95,22.451,8.95,0.476190476190476
"50IBWSN::Okinawa_2018_1st_sowing","50IBWSN","Okinawa_2018_1st_sowing","Okinawa",2018,"1st",277,0,0,18.032,0,0.851985559566787
"50IBWSN::Okinawa_2018_2nd_sowing","50IBWSN","Okinawa_2018_2nd_sowing","Okinawa",2018,"2nd",277,0,0,18.888,0,0.805054151624549
"50IBWSN::Okinawa_2019_1st_sowing","50IBWSN","Okinawa_2019_1st_sowing","Okinawa",2019,"1st",277,0,13.19,64.364,13.19,0.657039711191336
"50IBWSN::Okinawa_2019_2nd_sowing","50IBWSN","Okinawa_2019_2nd_sowing","Okinawa",2019,"2nd",276,0,0,42.675,0,0.778985507246377
"50IBWSN::Quirusillas_2018_1st_sowing","50IBWSN","Quirusillas_2018_1st_sowing","Quirusillas",2018,"1st",277,0,1.07,31.76,1.07,0.743682310469314
"50IBWSN::Quirusillas_2018_2nd_sowing","50IBWSN","Quirusillas_2018_2nd_sowing","Quirusillas",2018,"2nd",277,0,0,58.048,0,0.873646209386282
"50IBWSN::Quirusillas_2019_1st_sowing","50IBWSN","Quirusillas_2019_1st_sowing","Quirusillas",2019,"1st",277,0,0,28.1120000000001,0,0.797833935018051
"50IBWSN::Quirusillas_2019_2nd_sowing","50IBWSN","Quirusillas_2019_2nd_sowing","Quirusillas",2019,"2nd",277,0,0,28.93,0,0.776173285198556
"51IBWSN::Jashore_2019_1st_sowing","51IBWSN","Jashore_2019_1st_sowing","Jashore",2019,"1st",291,0,14.94,60,14.94,0.515463917525773
"51IBWSN::Jashore_2019_2nd_sowing","51IBWSN","Jashore_2019_2nd_sowing","Jashore",2019,"2nd",291,0,10,50,10,0.694158075601375
"51IBWSN::Jashore_2020_1st_sowing","51IBWSN","Jashore_2020_1st_sowing","Jashore",2020,"1st",291,0,0,10,0,0.821305841924399
"51IBWSN::Jashore_2020_2nd_sowing","51IBWSN","Jashore_2020_2nd_sowing","Jashore",2020,"2nd",291,0,0,20,0,0.762886597938144
"51IBWSN::Okinawa_2019_1st_sowing","51IBWSN","Okinawa_2019_1st_sowing","Okinawa",2019,"1st",291,0,17.3,75.25,17.3,0.687285223367698
"51IBWSN::Okinawa_2019_2nd_sowing","51IBWSN","Okinawa_2019_2nd_sowing","Okinawa",2019,"2nd",291,0,1.445,63.37,1.445,0.745704467353952
"51IBWSN::Okinawa_2020_1st_sowing","51IBWSN","Okinawa_2020_1st_sowing","Okinawa",2020,"1st",291,0,3.745,46.89,3.745,0.711340206185567
"51IBWSN::Okinawa_2020_2nd_sowing","51IBWSN","Okinawa_2020_2nd_sowing","Okinawa",2020,"2nd",285,0,0,25.948,0,0.817543859649123
"51IBWSN::Quirusillas_2019_1st_sowing","51IBWSN","Quirusillas_2019_1st_sowing","Quirusillas",2019,"1st",290,0,0,57.7670000000001,0,0.796551724137931
"51IBWSN::Quirusillas_2019_2nd_sowing","51IBWSN","Quirusillas_2019_2nd_sowing","Quirusillas",2019,"2nd",291,0,0,80.2,0,0.800687285223368
"51IBWSN::Quirusillas_2020_1st_sowing","51IBWSN","Quirusillas_2020_1st_sowing","Quirusillas",2020,"1st",291,0,0,26.09,0,0.835051546391753
"51IBWSN::Quirusillas_2020_2nd_sowing","51IBWSN","Quirusillas_2020_2nd_sowing","Quirusillas",2020,"2nd",291,0,0,16.9,0,0.852233676975945
"52IBWSN::Jashore_2020_1st_sowing","52IBWSN","Jashore_2020_1st_sowing","Jashore",2020,"1st",281,0,0,0,0,0.900355871886121
"52IBWSN::Jashore_2020_2nd_sowing","52IBWSN","Jashore_2020_2nd_sowing","Jashore",2020,"2nd",281,0,0,0,0,0.900355871886121
"52IBWSN::Jashore_2021_1st_sowing","52IBWSN","Jashore_2021_1st_sowing","Jashore",2021,"1st",281,3.33,10,30,10,0.487544483985765
"52IBWSN::Jashore_2021_2nd_sowing","52IBWSN","Jashore_2021_2nd_sowing","Jashore",2021,"2nd",281,0,0,10,0,0.786476868327402
"52IBWSN::Okinawa_2020_1st_sowing","52IBWSN","Okinawa_2020_1st_sowing","Okinawa",2020,"1st",270,0,0,13.079,0,0.766666666666667
"52IBWSN::Okinawa_2020_2nd_sowing","52IBWSN","Okinawa_2020_2nd_sowing","Okinawa",2020,"2nd",281,0,0,5.92,0,0.875444839857651
"52IBWSN::Quirusillas_2020_1st_sowing","52IBWSN","Quirusillas_2020_1st_sowing","Quirusillas",2020,"1st",281,0,0,11.73,0,0.882562277580071
"52IBWSN::Quirusillas_2020_2nd_sowing","52IBWSN","Quirusillas_2020_2nd_sowing","Quirusillas",2020,"2nd",281,0,0,4.62,0,0.896797153024911
"52IBWSN::Quirusillas_2021_1st_sowing","52IBWSN","Quirusillas_2021_1st_sowing","Quirusillas",2021,"1st",281,0,0,17.42,0,0.889679715302491
"52IBWSN::Quirusillas_2021_2nd_sowing","52IBWSN","Quirusillas_2021_2nd_sowing","Quirusillas",2021,"2nd",281,0,0,21.89,0,0.886120996441281
"53IBWSN::Jashore_2021_1st_sowing","53IBWSN","Jashore_2021_1st_sowing","Jashore",2021,"1st",283,0,10,70,10,0.565371024734982
"53IBWSN::Jashore_2021_2nd_sowing","53IBWSN","Jashore_2021_2nd_sowing","Jashore",2021,"2nd",283,0,3.7904761905,30,3.7904761905,0.745583038869258
"53IBWSN::Jashore_2022_1st_sowing","53IBWSN","Jashore_2022_1st_sowing","Jashore",2022,"1st",283,7.368421053,30,76.13372282,30,0.469964664310954
"53IBWSN::Jashore_2022_2nd_sowing","53IBWSN","Jashore_2022_2nd_sowing","Jashore",2022,"2nd",283,10,60,80,50,0.229681978798587
"53IBWSN::Okinawa_2022_2nd_sowing","53IBWSN","Okinawa_2022_2nd_sowing","Okinawa",2022,"2nd",283,0,0,43.711528576,0,0.76678445229682
"53IBWSN::Quirusillas_2021_1st_sowing","53IBWSN","Quirusillas_2021_1st_sowing","Quirusillas",2021,"1st",282,0,0,66.382755838,0,0.836879432624113
"53IBWSN::Quirusillas_2021_2nd_sowing","53IBWSN","Quirusillas_2021_2nd_sowing","Quirusillas",2021,"2nd",282,0,0,79.485645937,0,0.836879432624113
"54IBWSN::Jashore_2022_1st_sowing","54IBWSN","Jashore_2022_1st_sowing","Jashore",2022,"1st",255,0,10,40,10,0.662745098039216
"54IBWSN::Jashore_2022_2nd_sowing","54IBWSN","Jashore_2022_2nd_sowing","Jashore",2022,"2nd",255,0,10,55.852080414,10,0.529411764705882
"54IBWSN::Okinawa_2022_2nd_sowing","54IBWSN","Okinawa_2022_2nd_sowing","Okinawa",2022,"2nd",255,0,0,43.638057386,0,0.827450980392157
"55IBWSN::Jashore_2023_1st_sowing","55IBWSN","Jashore_2023_1st_sowing","Jashore",2023,"1st",227,11.89189189,47.31102912,91.70984456,39.942608067,0.136563876651982
"55IBWSN::Jashore_2023_2nd_sowing","55IBWSN","Jashore_2023_2nd_sowing","Jashore",2023,"2nd",227,7.5,19.38323917,38.850806452,19.38323917,0.348017621145374
"55IBWSN::Okinawa_2023_1st_sowing","55IBWSN","Okinawa_2023_1st_sowing","Okinawa",2023,"1st",227,0,0,8.58633540220002,0,0.894273127753304
"55IBWSN::Okinawa_2023_2nd_sowing","55IBWSN","Okinawa_2023_2nd_sowing","Okinawa",2023,"2nd",227,0,0,20.992156032,0,0.872246696035242
"55IBWSN::Quirusillas_2023_1st_sowing","55IBWSN","Quirusillas_2023_1st_sowing","Quirusillas",2023,"1st",227,0,0,2.1996341784,0,0.841409691629956
"55IBWSN::Quirusillas_2023_2nd_sowing","55IBWSN","Quirusillas_2023_2nd_sowing","Quirusillas",2023,"2nd",226,0,0,0,0,0.920353982300885
"56IBWSN::Jashore_2024_1st_sowing","56IBWSN","Jashore_2024_1st_sowing","Jashore",2024,"1st",230,0,2.631578947,8.1038961037,2.631578947,0.71304347826087
"56IBWSN::Jashore_2024_2nd_sowing","56IBWSN","Jashore_2024_2nd_sowing","Jashore",2024,"2nd",229,10,10,21.0298071300001,5.263157895,0.0829694323144105
"56IBWSN::Okinawa_2024_1st_sowing","56IBWSN","Okinawa_2024_1st_sowing","Okinawa",2024,"1st",227,0,0,0,0,0.973568281938326
"56IBWSN::Okinawa_2024_2nd_sowing","56IBWSN","Okinawa_2024_2nd_sowing","Okinawa",2024,"2nd",229,0,0,0,0,0.934497816593886
"56IBWSN::Quirusillas_2024_1st_sowing","56IBWSN","Quirusillas_2024_1st_sowing","Quirusillas",2024,"1st",213,0,0,0,0,0.971830985915493
"8HLBSN::Jashore_2018_1st_sowing","8HLBSN","Jashore_2018_1st_sowing","Jashore",2018,"1st",51,6.47,10,40.27,10,0.411764705882353
"8HLBSN::Jashore_2018_2nd_sowing","8HLBSN","Jashore_2018_2nd_sowing","Jashore",2018,"2nd",51,3.04,10,29.27,10,0.411764705882353
"8HLBSN::Okinawa_2018_1st_sowing","8HLBSN","Okinawa_2018_1st_sowing","Okinawa",2018,"1st",51,0,0,13.64,0,0.784313725490196
"8HLBSN::Okinawa_2018_2nd_sowing","8HLBSN","Okinawa_2018_2nd_sowing","Okinawa",2018,"2nd",51,0,2.55,47.13,2.55,0.725490196078431
"8HLBSN::Quirusillas_2018_1st_sowing","8HLBSN","Quirusillas_2018_1st_sowing","Quirusillas",2018,"1st",51,0,5.58,30.16,5.58,0.705882352941177
"8HLBSN::Quirusillas_2018_2nd_sowing","8HLBSN","Quirusillas_2018_2nd_sowing","Quirusillas",2018,"2nd",51,0,6.16,49.38,6.16,0.725490196078431
"9HLBSN::Jashore_2018_1st_sowing","9HLBSN","Jashore_2018_1st_sowing","Jashore",2018,"1st",50,8.46,15.2175,42.927,15.2175,0.28
"9HLBSN::Jashore_2018_2nd_sowing","9HLBSN","Jashore_2018_2nd_sowing","Jashore",2018,"2nd",50,5.79,10,16.934,10,0.42
"9HLBSN::Okinawa_2018_1st_sowing","9HLBSN","Okinawa_2018_1st_sowing","Okinawa",2018,"1st",50,0,0,6.86400000000001,0,0.86
"9HLBSN::Okinawa_2018_2nd_sowing","9HLBSN","Okinawa_2018_2nd_sowing","Okinawa",2018,"2nd",50,0,5.5375,24.422,5.5375,0.72
"9HLBSN::Quirusillas_2018_1st_sowing","9HLBSN","Quirusillas_2018_1st_sowing","Quirusillas",2018,"1st",49,0,0,11.068,0,0.836734693877551
"9HLBSN::Quirusillas_2018_2nd_sowing","9HLBSN","Quirusillas_2018_2nd_sowing","Quirusillas",2018,"2nd",50,0,0,0.70100000000001,0,0.9
