"GID","env_id","nursery","environment","location","year","sowing","n_obs","pressure_median","pressure_z","candidate_median","relative_disease","relative_rank","candidate_q90","failure"
"7462304","10HLBSN::Jashore_2019_1st_sowing","10HLBSN","Jashore_2019_1st_sowing","Jashore",2019,"1st",1,26.48,6.37713231579419,10,-16.48,-0.265957446808511,10,FALSE
"7624738","10HLBSN::Jashore_2019_1st_sowing","10HLBSN","Jashore_2019_1st_sowing","Jashore",2019,"1st",1,26.48,6.37713231579419,0,-26.48,-0.425531914893617,0,FALSE
"7626498","10HLBSN::Jashore_2019_1st_sowing","10HLBSN","Jashore_2019_1st_sowing","Jashore",2019,"1st",1,26.48,6.37713231579419,17.06,-9.42,-0.180851063829787,17.06,FALSE
"7627645","10HLBSN::Jashore_2019_1st_sowing","10HLBSN","Jashore_2019_1st_sowing","Jashore",2019,"1st",1,26.48,6.37713231579419,0,-26.48,-0.425531914893617,0,FALSE
"7629600","10HLBSN::Jashore_2019_1st_sowing","10HLBSN","Jashore_2019_1st_sowing","Jashore",2019,"1st",1,26.48,6.37713231579419,10,-16.48,-0.265957446808511,10,FALSE
"7462304","10HLBSN::Jashore_2019_2nd_sowing","10HLBSN","Jashore_2019_2nd_sowing","Jashore",2019,"2nd",1,10,2.14230157518677,0,-10,-0.265957446808511,0,FALSE
"7624738","10HLBSN::Jashore_2019_2nd_sowing","10HLBSN","Jashore_2019_2nd_sowing","Jashore",2019,"2nd",1,10,2.14230157518677,10,0,0.0851063829787234,10,TRUE
"7626498","10HLBSN::Jashore_2019_2nd_sowing","10HLBSN","Jashore_2019_2nd_sowing","Jashore",2019,"2nd",1,10,2.14230157518677,0,-10,-0.265957446808511,0,FALSE
"7627645","10HLBSN::Jashore_2019_2nd_sowing","10HLBSN","Jashore_2019_2nd_sowing","Jashore",2019,"2nd",1,10,2.14230157518677,0,-10,-0.265957446808511,0,FALSE
"7629600","10HLBSN::Jashore_2019_2nd_sowing","10HLBSN","Jashore_2019_2nd_sowing","Jashore",2019,"2nd",1,10,2.14230157518677,0,-10,-0.265957446808511,0,FALSE
"7462304","10HLBSN::Okinawa_2019_1st_sowing","10HLBSN","Okinawa_2019_1st_sowing","Okinawa",2019,"1st",1,3.08,0.364083812747245,0,-3.08,-0.276595744680851,0,FALSE
"7624738","10HLBSN::Okinawa_2019_1st_sowing","10HLBSN","Okinawa_2019_1st_sowing","Okinawa",2019,"1st",1,3.08,0.364083812747245,0,-3.08,-0.276595744680851,0,FALSE
"7626498","10HLBSN::Okinawa_2019_1st_sowing","10HLBSN","Okinawa_2019_1st_sowing","Okinawa",2019,"1st",1,3.08,0.364083812747245,0,-3.08,-0.276595744680851,0,FALSE
"7627645","10HLBSN::Okinawa_2019_1st_sowing","10HLBSN","Okinawa_2019_1st_sowing","Okinawa",2019,"1st",1,3.08,0.364083812747245,0,-3.08,-0.276595744680851,0,FALSE
"7629600","10HLBSN::Okinawa_2019_1st_sowing","10HLBSN","Okinawa_2019_1st_sowing","Okinawa",2019,"1st",1,3.08,0.364083812747245,0,-3.08,-0.276595744680851,0,FALSE
"7462304","10HLBSN::Okinawa_2019_2nd_sowing","10HLBSN","Okinawa_2019_2nd_sowing","Okinawa",2019,"2nd",1,0,-0.427377272269191,0,0,-0.138297872340426,0,FALSE
"7624738","10HLBSN::Okinawa_2019_2nd_sowing","10HLBSN","Okinawa_2019_2nd_sowing","Okinawa",2019,"2nd",1,0,-0.427377272269191,0,0,-0.138297872340426,0,FALSE
"7626498","10HLBSN::Okinawa_2019_2nd_sowing","10HLBSN","Okinawa_2019_2nd_sowing","Okinawa",2019,"2nd",1,0,-0.427377272269191,0,0,-0.138297872340426,0,FALSE
"7627645","10HLBSN::Okinawa_2019_2nd_sowing","10HLBSN","Okinawa_2019_2nd_sowing","Okinawa",2019,"2nd",1,0,-0.427377272269191,0,0,-0.138297872340426,0,FALSE
"7629600","10HLBSN::Okinawa_2019_2nd_sowing","10HLBSN","Okinawa_2019_2nd_sowing","Okinawa",2019,"2nd",1,0,-0.427377272269191,0,0,-0.138297872340426,0,FALSE
"7462304","10HLBSN::Quirusillas_2019_1st_sowing","10HLBSN","Quirusillas_2019_1st_sowing","Quirusillas",2019,"1st",1,0,-0.427377272269191,0,0,-0.0851063829787234,0,FALSE
"7624738","10HLBSN::Quirusillas_2019_1st_sowing","10HLBSN","Quirusillas_2019_1st_sowing","Quirusillas",2019,"1st",1,0,-0.427377272269191,0,0,-0.0851063829787234,0,FALSE
"7626498","10HLBSN::Quirusillas_2019_1st_sowing","10HLBSN","Quirusillas_2019_1st_sowing","Quirusillas",2019,"1st",1,0,-0.427377272269191,7.49,7.49,0.329787234042553,7.49,TRUE
"7627645","10HLBSN::Quirusillas_2019_1st_sowing","10HLBSN","Quirusillas_2019_1st_sowing","Quirusillas",2019,"1st",1,0,-0.427377272269191,0,0,-0.0851063829787234,0,FALSE
"7629600","10HLBSN::Quirusillas_2019_1st_sowing","10HLBSN","Quirusillas_2019_1st_sowing","Quirusillas",2019,"1st",1,0,-0.427377272269191,0,0,-0.0851063829787234,0,FALSE
"7462304","10HLBSN::Quirusillas_2019_2nd_sowing","10HLBSN","Quirusillas_2019_2nd_sowing","Quirusillas",2019,"2nd",1,0,-0.427377272269191,0,0,-0.117021276595745,0,FALSE
"7624738","10HLBSN::Quirusillas_2019_2nd_sowing","10HLBSN","Quirusillas_2019_2nd_sowing","Quirusillas",2019,"2nd",1,0,-0.427377272269191,0,0,-0.117021276595745,0,FALSE
"7626498","10HLBSN::Quirusillas_2019_2nd_sowing","10HLBSN","Quirusillas_2019_2nd_sowing","Quirusillas",2019,"2nd",1,0,-0.427377272269191,0,0,-0.117021276595745,0,FALSE
"7627645","10HLBSN::Quirusillas_2019_2nd_sowing","10HLBSN","Quirusillas_2019_2nd_sowing","Quirusillas",2019,"2nd",1,0,-0.427377272269191,0,0,-0.117021276595745,0,FALSE
"7629600","10HLBSN::Quirusillas_2019_2nd_sowing","10HLBSN","Quirusillas_2019_2nd_sowing","Quirusillas",2019,"2nd",1,0,-0.427377272269191,0,0,-0.117021276595745,0,FALSE
"7398245","38SAWSN::Jashore_2022_1st_sowing","38SAWSN","Jashore_2022_1st_sowing","Jashore",2022,"1st",1,10,2.14230157518677,20,10,0.293286219081272,20,TRUE
"7398245","38SAWSN::Jashore_2022_2nd_sowing","38SAWSN","Jashore_2022_2nd_sowing","Jashore",2022,"2nd",1,10,2.14230157518677,0,-10,-0.31095406360424,0,FALSE
"7398245","38SAWSN::Okinawa_2022_2nd_sowing","38SAWSN","Okinawa_2022_2nd_sowing","Okinawa",2022,"2nd",1,0,-0.427377272269191,0,0,-0.0989399293286219,0,FALSE
"7398245","40SAWSN::Jashore_2023_1st_sowing","40SAWSN","Jashore_2023_1st_sowing","Jashore",2023,"1st",1,10,2.14230157518677,0,-10,-0.353982300884956,0,FALSE
"8048389","40SAWSN::Jashore_2023_1st_sowing","40SAWSN","Jashore_2023_1st_sowing","Jashore",2023,"1st",1,10,2.14230157518677,10,0,0.0331858407079646,10,TRUE
"7398245","40SAWSN::Jashore_2023_2nd_sowing","40SAWSN","Jashore_2023_2nd_sowing","Jashore",2023,"2nd",1,10,2.14230157518677,10,0,-0.0663716814159292,10,FALSE
"8048389","40SAWSN::Jashore_2023_2nd_sowing","40SAWSN","Jashore_2023_2nd_sowing","Jashore",2023,"2nd",1,10,2.14230157518677,10,0,-0.0663716814159292,10,FALSE
"7398245","40SAWSN::Okinawa_2023_1st_sowing","40SAWSN","Okinawa_2023_1st_sowing","Okinawa",2023,"1st",1,0,-0.427377272269191,0,0,-0.0553097345132743,0,FALSE
"8048389","40SAWSN::Okinawa_2023_1st_sowing","40SAWSN","Okinawa_2023_1st_sowing","Okinawa",2023,"1st",1,0,-0.427377272269191,0,0,-0.0553097345132743,0,FALSE
"7398245","40SAWSN::Okinawa_2023_2nd_sowing","40SAWSN","Okinawa_2023_2nd_sowing","Okinawa",2023,"2nd",1,0,-0.427377272269191,0,0,-0.0597345132743363,0,FALSE
"8048389","40SAWSN::Okinawa_2023_2nd_sowing","40SAWSN","Okinawa_2023_2nd_sowing","Okinawa",2023,"2nd",1,0,-0.427377272269191,0,0,-0.0597345132743363,0,FALSE
"7398245","40SAWSN::Quirusillas_2023_1st_sowing","40SAWSN","Quirusillas_2023_1st_sowing","Quirusillas",2023,"1st",1,0,-0.427377272269191,0,0,-0.0622222222222222,0,FALSE
"8048389","40SAWSN::Quirusillas_2023_1st_sowing","40SAWSN","Quirusillas_2023_1st_sowing","Quirusillas",2023,"1st",1,0,-0.427377272269191,0,0,-0.0622222222222222,0,FALSE
"7398245","40SAWSN::Quirusillas_2023_2nd_sowing","40SAWSN","Quirusillas_2023_2nd_sowing","Quirusillas",2023,"2nd",1,0,-0.427377272269191,0,0,-0.0486725663716814,0,FALSE
"8048389","40SAWSN::Quirusillas_2023_2nd_sowing","40SAWSN","Quirusillas_2023_2nd_sowing","Quirusillas",2023,"2nd",1,0,-0.427377272269191,0,0,-0.0486725663716814,0,FALSE
"7398245","41SAWSN::Okinawa_2024_1st_sowing","41SAWSN","Okinawa_2024_1st_sowing","Okinawa",2024,"1st",1,0,-0.427377272269191,0,0,-0.0238095238095238,0,FALSE
"7398245","41SAWSN::Okinawa_2024_2nd_sowing","41SAWSN","Okinawa_2024_2nd_sowing","Okinawa",2024,"2nd",1,0,-0.427377272269191,0,0,-0.0346320346320346,0,FALSE
"7398245","41SAWSN::Quirusillas_2024_1st_sowing","41SAWSN","Quirusillas_2024_1st_sowing","Quirusillas",2024,"1st",1,0,-0.427377272269191,0,0,-0.0194805194805195,0,FALSE
"6176368","50IBWSN::Jashore_2019_1st_sowing","50IBWSN","Jashore_2019_1st_sowing","Jashore",2019,"1st",1,7.14,1.40737342481437,4.76,-2.38,-0.0177664974619289,4.76,FALSE
"6341870","50IBWSN::Jashore_2019_1st_sowing","50IBWSN","Jashore_2019_1st_sowing","Jashore",2019,"1st",1,7.14,1.40737342481437,0,-7.14,-0.274111675126904,0,FALSE
"7310617","50IBWSN::Jashore_2019_1st_sowing","50IBWSN","Jashore_2019_1st_sowing","Jashore",2019,"1st",1,7.14,1.40737342481437,0,-7.14,-0.274111675126904,0,FALSE
"7400724","50IBWSN::Jashore_2019_1st_sowing","50IBWSN","Jashore_2019_1st_sowing","Jashore",2019,"1st",1,7.14,1.40737342481437,4.76,-2.38,-0.0177664974619289,4.76,FALSE
"7694609","50IBWSN::Jashore_2019_1st_sowing","50IBWSN","Jashore_2019_1st_sowing","Jashore",2019,"1st",1,7.14,1.40737342481437,0,-7.14,-0.274111675126904,0,FALSE
"6176368","50IBWSN::Jashore_2019_2nd_sowing","50IBWSN","Jashore_2019_2nd_sowing","Jashore",2019,"2nd",1,2.745,0.277999571357471,10,7.255,0.288690476190476,10,TRUE
"6341870","50IBWSN::Jashore_2019_2nd_sowing","50IBWSN","Jashore_2019_2nd_sowing","Jashore",2019,"2nd",1,2.745,0.277999571357471,3.5,0.755,0.0297619047619048,3.5,TRUE
"7694609","50IBWSN::Jashore_2019_2nd_sowing","50IBWSN","Jashore_2019_2nd_sowing","Jashore",2019,"2nd",1,2.745,0.277999571357471,0,-2.745,-0.261904761904762,0,FALSE
"6176368","50IBWSN::Okinawa_2018_1st_sowing","50IBWSN","Okinawa_2018_1st_sowing","Okinawa",2018,"1st",1,0,-0.427377272269191,0,0,-0.0740072202166065,0,FALSE
"6341870","50IBWSN::Okinawa_2018_1st_sowing","50IBWSN","Okinawa_2018_1st_sowing","Okinawa",2018,"1st",1,0,-0.427377272269191,0,0,-0.0740072202166065,0,FALSE
"7310617","50IBWSN::Okinawa_2018_1st_sowing","50IBWSN","Okinawa_2018_1st_sowing","Okinawa",2018,"1st",1,0,-0.427377272269191,0,0,-0.0740072202166065,0,FALSE
"7398245","50IBWSN::Okinawa_2018_1st_sowing","50IBWSN","Okinawa_2018_1st_sowing","Okinawa",2018,"1st",1,0,-0.427377272269191,15.63,15.63,0.395306859205776,15.63,TRUE
"7400724","50IBWSN::Okinawa_2018_1st_sowing","50IBWSN","Okinawa_2018_1st_sowing","Okinawa",2018,"1st",1,0,-0.427377272269191,0,0,-0.0740072202166065,0,FALSE
"7694609","50IBWSN::Okinawa_2018_1st_sowing","50IBWSN","Okinawa_2018_1st_sowing","Okinawa",2018,"1st",1,0,-0.427377272269191,4.29,4.29,0.359205776173285,4.29,TRUE
"6176368","50IBWSN::Okinawa_2018_2nd_sowing","50IBWSN","Okinawa_2018_2nd_sowing","Okinawa",2018,"2nd",1,0,-0.427377272269191,0,0,-0.0974729241877256,0,FALSE
"6341870","50IBWSN::Okinawa_2018_2nd_sowing","50IBWSN","Okinawa_2018_2nd_sowing","Okinawa",2018,"2nd",1,0,-0.427377272269191,0,0,-0.0974729241877256,0,FALSE
"7310617","50IBWSN::Okinawa_2018_2nd_sowing","50IBWSN","Okinawa_2018_2nd_sowing","Okinawa",2018,"2nd",1,0,-0.427377272269191,0,0,-0.0974729241877256,0,FALSE
"7398245","50IBWSN::Okinawa_2018_2nd_sowing","50IBWSN","Okinawa_2018_2nd_sowing","Okinawa",2018,"2nd",1,0,-0.427377272269191,6.84,6.84,0.351985559566787,6.84,TRUE
"7400724","50IBWSN::Okinawa_2018_2nd_sowing","50IBWSN","Okinawa_2018_2nd_sowing","Okinawa",2018,"2nd",1,0,-0.427377272269191,0,0,-0.0974729241877256,0,FALSE
"7694609","50IBWSN::Okinawa_2018_2nd_sowing","50IBWSN","Okinawa_2018_2nd_sowing","Okinawa",2018,"2nd",1,0,-0.427377272269191,0,0,-0.0974729241877256,0,FALSE
"6176368","50IBWSN::Okinawa_2019_1st_sowing","50IBWSN","Okinawa_2019_1st_sowing","Okinawa",2019,"1st",1,0,-0.427377272269191,0,0,-0.171480144404332,0,FALSE
"6341870","50IBWSN::Okinawa_2019_1st_sowing","50IBWSN","Okinawa_2019_1st_sowing","Okinawa",2019,"1st",1,0,-0.427377272269191,0,0,-0.171480144404332,0,FALSE
"7310617","50IBWSN::Okinawa_2019_1st_sowing","50IBWSN","Okinawa_2019_1st_sowing","Okinawa",2019,"1st",1,0,-0.427377272269191,0,0,-0.171480144404332,0,FALSE
"7398245","50IBWSN::Okinawa_2019_1st_sowing","50IBWSN","Okinawa_2019_1st_sowing","Okinawa",2019,"1st",1,0,-0.427377272269191,0,0,-0.171480144404332,0,FALSE
"7400724","50IBWSN::Okinawa_2019_1st_sowing","50IBWSN","Okinawa_2019_1st_sowing","Okinawa",2019,"1st",1,0,-0.427377272269191,0,0,-0.171480144404332,0,FALSE
"7694609","50IBWSN::Okinawa_2019_1st_sowing","50IBWSN","Okinawa_2019_1st_sowing","Okinawa",2019,"1st",1,0,-0.427377272269191,0,0,-0.171480144404332,0,FALSE
"6176368","50IBWSN::Okinawa_2019_2nd_sowing","50IBWSN","Okinawa_2019_2nd_sowing","Okinawa",2019,"2nd",1,0,-0.427377272269191,0,0,-0.110507246376812,0,FALSE
"6341870","50IBWSN::Okinawa_2019_2nd_sowing","50IBWSN","Okinawa_2019_2nd_sowing","Okinawa",2019,"2nd",1,0,-0.427377272269191,0,0,-0.110507246376812,0,FALSE
"7310617","50IBWSN::Okinawa_2019_2nd_sowing","50IBWSN","Okinawa_2019_2nd_sowing","Okinawa",2019,"2nd",1,0,-0.427377272269191,0,0,-0.110507246376812,0,FALSE
"7398245","50IBWSN::Okinawa_2019_2nd_sowing","50IBWSN","Okinawa_2019_2nd_sowing","Okinawa",2019,"2nd",1,0,-0.427377272269191,0,0,-0.110507246376812,0,FALSE
"7400724","50IBWSN::Okinawa_2019_2nd_sowing","50IBWSN","Okinawa_2019_2nd_sowing","Okinawa",2019,"2nd",1,0,-0.427377272269191,0,0,-0.110507246376812,0,FALSE
"7694609","50IBWSN::Okinawa_2019_2nd_sowing","50IBWSN","Okinawa_2019_2nd_sowing","Okinawa",2019,"2nd",1,0,-0.427377272269191,0,0,-0.110507246376812,0,FALSE
"6176368","50IBWSN::Quirusillas_2018_1st_sowing","50IBWSN","Quirusillas_2018_1st_sowing","Quirusillas",2018,"1st",1,0,-0.427377272269191,0,0,-0.128158844765343,0,FALSE
"6341870","50IBWSN::Quirusillas_2018_1st_sowing","50IBWSN","Quirusillas_2018_1st_sowing","Quirusillas",2018,"1st",1,0,-0.427377272269191,0,0,-0.128158844765343,0,FALSE
"7310617","50IBWSN::Quirusillas_2018_1st_sowing","50IBWSN","Quirusillas_2018_1st_sowing","Quirusillas",2018,"1st",1,0,-0.427377272269191,0,0,-0.128158844765343,0,FALSE
"7398245","50IBWSN::Quirusillas_2018_1st_sowing","50IBWSN","Quirusillas_2018_1st_sowing","Quirusillas",2018,"1st",1,0,-0.427377272269191,0,0,-0.128158844765343,0,FALSE
"7400724","50IBWSN::Quirusillas_2018_1st_sowing","50IBWSN","Quirusillas_2018_1st_sowing","Quirusillas",2018,"1st",1,0,-0.427377272269191,0,0,-0.128158844765343,0,FALSE
"7694609","50IBWSN::Quirusillas_2018_1st_sowing","50IBWSN","Quirusillas_2018_1st_sowing","Quirusillas",2018,"1st",1,0,-0.427377272269191,0,0,-0.128158844765343,0,FALSE
"6176368","50IBWSN::Quirusillas_2018_2nd_sowing","50IBWSN","Quirusillas_2018_2nd_sowing","Quirusillas",2018,"2nd",1,0,-0.427377272269191,0,0,-0.0631768953068592,0,FALSE
"6341870","50IBWSN::Quirusillas_2018_2nd_sowing","50IBWSN","Quirusillas_2018_2nd_sowing","Quirusillas",2018,"2nd",1,0,-0.427377272269191,0,0,-0.0631768953068592,0,FALSE
"7310617","50IBWSN::Quirusillas_2018_2nd_sowing","50IBWSN","Quirusillas_2018_2nd_sowing","Quirusillas",2018,"2nd",1,0,-0.427377272269191,0,0,-0.0631768953068592,0,FALSE
"7398245","50IBWSN::Quirusillas_2018_2nd_sowing","50IBWSN","Quirusillas_2018_2nd_sowing","Quirusillas",2018,"2nd",1,0,-0.427377272269191,0,0,-0.0631768953068592,0,FALSE
"7400724","50IBWSN::Quirusillas_2018_2nd_sowing","50IBWSN","Quirusillas_2018_2nd_sowing","Quirusillas",2018,"2nd",1,0,-0.427377272269191,0,0,-0.0631768953068592,0,FALSE
"7694609","50IBWSN::Quirusillas_2018_2nd_sowing","50IBWSN","Quirusillas_2018_2nd_sowing","Quirusillas",2018,"2nd",1,0,-0.427377272269191,0,0,-0.0631768953068592,0,FALSE
"6176368","50IBWSN::Quirusillas_2019_1st_sowing","50IBWSN","Quirusillas_2019_1st_sowing","Quirusillas",2019,"1st",1,0,-0.427377272269191,0,0,-0.101083032490975,0,FALSE
"6341870","50IBWSN::Quirusillas_2019_1st_sowing","50IBWSN","Quirusillas_2019_1st_sowing","Quirusillas",2019,"1st",1,0,-0.427377272269191,0,0,-0.101083032490975,0,FALSE
"7310617","50IBWSN::Quirusillas_2019_1st_sowing","50IBWSN","Quirusillas_2019_1st_sowing","Quirusillas",2019,"1st",1,0,-0.427377272269191,0,0,-0.101083032490975,0,FALSE
"7398245","50IBWSN::Quirusillas_2019_1st_sowing","50IBWSN","Quirusillas_2019_1st_sowing","Quirusillas",2019,"1st",1,0,-0.427377272269191,0,0,-0.101083032490975,0,FALSE
"7400724","50IBWSN::Quirusillas_2019_1st_sowing","50IBWSN","Quirusillas_2019_1st_sowing","Quirusillas",2019,"1st",1,0,-0.427377272269191,0,0,-0.101083032490975,0,FALSE
"7694609","50IBWSN::Quirusillas_2019_1st_sowing","50IBWSN","Quirusillas_2019_1st_sowing","Quirusillas",2019,"1st",1,0,-0.427377272269191,0,0,-0.101083032490975,0,FALSE
"6176368","50IBWSN::Quirusillas_2019_2nd_sowing","50IBWSN","Quirusillas_2019_2nd_sowing","Quirusillas",2019,"2nd",1,0,-0.427377272269191,0,0,-0.111913357400722,0,FALSE
"6341870","50IBWSN::Quirusillas_2019_2nd_sowing","50IBWSN","Quirusillas_2019_2nd_sowing","Quirusillas",2019,"2nd",1,0,-0.427377272269191,0,0,-0.111913357400722,0,FALSE
"7310617","50IBWSN::Quirusillas_2019_2nd_sowing","50IBWSN","Quirusillas_2019_2nd_sowing","Quirusillas",2019,"2nd",1,0,-0.427377272269191,0,0,-0.111913357400722,0,FALSE
"7398245","50IBWSN::Quirusillas_2019_2nd_sowing","50IBWSN","Quirusillas_2019_2nd_sowing","Quirusillas",2019,"2nd",1,0,-0.427377272269191,25.14,25.14,0.391696750902527,25.14,TRUE
"7400724","50IBWSN::Quirusillas_2019_2nd_sowing","50IBWSN","Quirusillas_2019_2nd_sowing","Quirusillas",2019,"2nd",1,0,-0.427377272269191,0,0,-0.111913357400722,0,FALSE
"7694609","50IBWSN::Quirusillas_2019_2nd_sowing","50IBWSN","Quirusillas_2019_2nd_sowing","Quirusillas",2019,"2nd",1,0,-0.427377272269191,0,0,-0.111913357400722,0,FALSE
"6176368","51IBWSN::Jashore_2019_1st_sowing","51IBWSN","Jashore_2019_1st_sowing","Jashore",2019,"1st",1,0,-0.427377272269191,10,10,0.192439862542955,10,TRUE
"6341870","51IBWSN::Jashore_2019_1st_sowing","51IBWSN","Jashore_2019_1st_sowing","Jashore",2019,"1st",1,0,-0.427377272269191,17.27,17.27,0.269759450171821,17.27,TRUE
"7462304","51IBWSN::Jashore_2019_1st_sowing","51IBWSN","Jashore_2019_1st_sowing","Jashore",2019,"1st",1,0,-0.427377272269191,0,0,-0.242268041237113,0,FALSE
"7624738","51IBWSN::Jashore_2019_1st_sowing","51IBWSN","Jashore_2019_1st_sowing","Jashore",2019,"1st",1,0,-0.427377272269191,0,0,-0.242268041237113,0,FALSE
"7626498","51IBWSN::Jashore_2019_1st_sowing","51IBWSN","Jashore_2019_1st_sowing","Jashore",2019,"1st",1,0,-0.427377272269191,0,0,-0.242268041237113,0,FALSE
"7627645","51IBWSN::Jashore_2019_1st_sowing","51IBWSN","Jashore_2019_1st_sowing","Jashore",2019,"1st",1,0,-0.427377272269191,0,0,-0.242268041237113,0,FALSE
"7629600","51IBWSN::Jashore_2019_1st_sowing","51IBWSN","Jashore_2019_1st_sowing","Jashore",2019,"1st",1,0,-0.427377272269191,0,0,-0.242268041237113,0,FALSE
"7630418","51IBWSN::Jashore_2019_1st_sowing","51IBWSN","Jashore_2019_1st_sowing","Jashore",2019,"1st",1,0,-0.427377272269191,0,0,-0.242268041237113,0,FALSE
"7694609","51IBWSN::Jashore_2019_1st_sowing","51IBWSN","Jashore_2019_1st_sowing","Jashore",2019,"1st",1,0,-0.427377272269191,8,8,0.125429553264605,8,TRUE
"6176368","51IBWSN::Jashore_2019_2nd_sowing","51IBWSN","Jashore_2019_2nd_sowing","Jashore",2019,"2nd",1,0,-0.427377272269191,0,0,-0.152920962199313,0,FALSE
"6341870","51IBWSN::Jashore_2019_2nd_sowing","51IBWSN","Jashore_2019_2nd_sowing","Jashore",2019,"2nd",1,0,-0.427377272269191,0,0,-0.152920962199313,0,FALSE
"7462304","51IBWSN::Jashore_2019_2nd_sowing","51IBWSN","Jashore_2019_2nd_sowing","Jashore",2019,"2nd",1,0,-0.427377272269191,0,0,-0.152920962199313,0,FALSE
"7624738","51IBWSN::Jashore_2019_2nd_sowing","51IBWSN","Jashore_2019_2nd_sowing","Jashore",2019,"2nd",1,0,-0.427377272269191,0,0,-0.152920962199313,0,FALSE
"7626498","51IBWSN::Jashore_2019_2nd_sowing","51IBWSN","Jashore_2019_2nd_sowing","Jashore",2019,"2nd",1,0,-0.427377272269191,0,0,-0.152920962199313,0,FALSE
"7627645","51IBWSN::Jashore_2019_2nd_sowing","51IBWSN","Jashore_2019_2nd_sowing","Jashore",2019,"2nd",1,0,-0.427377272269191,0,0,-0.152920962199313,0,FALSE
"7629600","51IBWSN::Jashore_2019_2nd_sowing","51IBWSN","Jashore_2019_2nd_sowing","Jashore",2019,"2nd",1,0,-0.427377272269191,0,0,-0.152920962199313,0,FALSE
"7630418","51IBWSN::Jashore_2019_2nd_sowing","51IBWSN","Jashore_2019_2nd_sowing","Jashore",2019,"2nd",1,0,-0.427377272269191,0,0,-0.152920962199313,0,FALSE
"7694609","51IBWSN::Jashore_2019_2nd_sowing","51IBWSN","Jashore_2019_2nd_sowing","Jashore",2019,"2nd",1,0,-0.427377272269191,10,10,0.276632302405498,10,TRUE
"6176368","51IBWSN::Jashore_2020_1st_sowing","51IBWSN","Jashore_2020_1st_sowing","Jashore",2020,"1st",1,0,-0.427377272269191,0,0,-0.0893470790378007,0,FALSE
"6341870","51IBWSN::Jashore_2020_1st_sowing","51IBWSN","Jashore_2020_1st_sowing","Jashore",2020,"1st",1,0,-0.427377272269191,0,0,-0.0893470790378007,0,FALSE
"7462304","51IBWSN::Jashore_2020_1st_sowing","51IBWSN","Jashore_2020_1st_sowing","Jashore",2020,"1st",1,0,-0.427377272269191,0,0,-0.0893470790378007,0,FALSE
"7624738","51IBWSN::Jashore_2020_1st_sowing","51IBWSN","Jashore_2020_1st_sowing","Jashore",2020,"1st",1,0,-0.427377272269191,0,0,-0.0893470790378007,0,FALSE
"7626498","51IBWSN::Jashore_2020_1st_sowing","51IBWSN","Jashore_2020_1st_sowing","Jashore",2020,"1st",1,0,-0.427377272269191,0,0,-0.0893470790378007,0,FALSE
"7627645","51IBWSN::Jashore_2020_1st_sowing","51IBWSN","Jashore_2020_1st_sowing","Jashore",2020,"1st",1,0,-0.427377272269191,0,0,-0.0893470790378007,0,FALSE
"7629600","51IBWSN::Jashore_2020_1st_sowing","51IBWSN","Jashore_2020_1st_sowing","Jashore",2020,"1st",1,0,-0.427377272269191,0,0,-0.0893470790378007,0,FALSE
"7630418","51IBWSN::Jashore_2020_1st_sowing","51IBWSN","Jashore_2020_1st_sowing","Jashore",2020,"1st",1,0,-0.427377272269191,0,0,-0.0893470790378007,0,FALSE
"7694609","51IBWSN::Jashore_2020_1st_sowing","51IBWSN","Jashore_2020_1st_sowing","Jashore",2020,"1st",1,0,-0.427377272269191,0,0,-0.0893470790378007,0,FALSE
"6176368","51IBWSN::Jashore_2020_2nd_sowing","51IBWSN","Jashore_2020_2nd_sowing","Jashore",2020,"2nd",1,0,-0.427377272269191,0,0,-0.118556701030928,0,FALSE
"6341870","51IBWSN::Jashore_2020_2nd_sowing","51IBWSN","Jashore_2020_2nd_sowing","Jashore",2020,"2nd",1,0,-0.427377272269191,0,0,-0.118556701030928,0,FALSE
"7462304","51IBWSN::Jashore_2020_2nd_sowing","51IBWSN","Jashore_2020_2nd_sowing","Jashore",2020,"2nd",1,0,-0.427377272269191,0,0,-0.118556701030928,0,FALSE
"7624738","51IBWSN::Jashore_2020_2nd_sowing","51IBWSN","Jashore_2020_2nd_sowing","Jashore",2020,"2nd",1,0,-0.427377272269191,0,0,-0.118556701030928,0,FALSE
"7626498","51IBWSN::Jashore_2020_2nd_sowing","51IBWSN","Jashore_2020_2nd_sowing","Jashore",2020,"2nd",1,0,-0.427377272269191,8.18,8.18,0.300687285223368,8.18,TRUE
"7627645","51IBWSN::Jashore_2020_2nd_sowing","51IBWSN","Jashore_2020_2nd_sowing","Jashore",2020,"2nd",1,0,-0.427377272269191,0,0,-0.118556701030928,0,FALSE
"7629600","51IBWSN::Jashore_2020_2nd_sowing","51IBWSN","Jashore_2020_2nd_sowing","Jashore",2020,"2nd",1,0,-0.427377272269191,0,0,-0.118556701030928,0,FALSE
"7630418","51IBWSN::Jashore_2020_2nd_sowing","51IBWSN","Jashore_2020_2nd_sowing","Jashore",2020,"2nd",1,0,-0.427377272269191,0,0,-0.118556701030928,0,FALSE
"7694609","51IBWSN::Jashore_2020_2nd_sowing","51IBWSN","Jashore_2020_2nd_sowing","Jashore",2020,"2nd",1,0,-0.427377272269191,0,0,-0.118556701030928,0,FALSE
"6176368","51IBWSN::Okinawa_2019_1st_sowing","51IBWSN","Okinawa_2019_1st_sowing","Okinawa",2019,"1st",1,0,-0.427377272269191,0,0,-0.156357388316151,0,FALSE
"6341870","51IBWSN::Okinawa_2019_1st_sowing","51IBWSN","Okinawa_2019_1st_sowing","Okinawa",2019,"1st",1,0,-0.427377272269191,0,0,-0.156357388316151,0,FALSE
"7462304","51IBWSN::Okinawa_2019_1st_sowing","51IBWSN","Okinawa_2019_1st_sowing","Okinawa",2019,"1st",1,0,-0.427377272269191,0,0,-0.156357388316151,0,FALSE
"7624738","51IBWSN::Okinawa_2019_1st_sowing","51IBWSN","Okinawa_2019_1st_sowing","Okinawa",2019,"1st",1,0,-0.427377272269191,0,0,-0.156357388316151,0,FALSE
"7626498","51IBWSN::Okinawa_2019_1st_sowing","51IBWSN","Okinawa_2019_1st_sowing","Okinawa",2019,"1st",1,0,-0.427377272269191,0,0,-0.156357388316151,0,FALSE
"7627645","51IBWSN::Okinawa_2019_1st_sowing","51IBWSN","Okinawa_2019_1st_sowing","Okinawa",2019,"1st",1,0,-0.427377272269191,0,0,-0.156357388316151,0,FALSE
"7629600","51IBWSN::Okinawa_2019_1st_sowing","51IBWSN","Okinawa_2019_1st_sowing","Okinawa",2019,"1st",1,0,-0.427377272269191,0,0,-0.156357388316151,0,FALSE
"7630418","51IBWSN::Okinawa_2019_1st_sowing","51IBWSN","Okinawa_2019_1st_sowing","Okinawa",2019,"1st",1,0,-0.427377272269191,4.02,4.02,0.197594501718213,4.02,TRUE
"7694609","51IBWSN::Okinawa_2019_1st_sowing","51IBWSN","Okinawa_2019_1st_sowing","Okinawa",2019,"1st",1,0,-0.427377272269191,10.81,10.81,0.231958762886598,10.81,TRUE
"6176368","51IBWSN::Okinawa_2019_2nd_sowing","51IBWSN","Okinawa_2019_2nd_sowing","Okinawa",2019,"2nd",1,0,-0.427377272269191,0,0,-0.127147766323024,0,FALSE
"6341870","51IBWSN::Okinawa_2019_2nd_sowing","51IBWSN","Okinawa_2019_2nd_sowing","Okinawa",2019,"2nd",1,0,-0.427377272269191,0,0,-0.127147766323024,0,FALSE
"7462304","51IBWSN::Okinawa_2019_2nd_sowing","51IBWSN","Okinawa_2019_2nd_sowing","Okinawa",2019,"2nd",1,0,-0.427377272269191,0,0,-0.127147766323024,0,FALSE
"7624738","51IBWSN::Okinawa_2019_2nd_sowing","51IBWSN","Okinawa_2019_2nd_sowing","Okinawa",2019,"2nd",1,0,-0.427377272269191,0,0,-0.127147766323024,0,FALSE
"7626498","51IBWSN::Okinawa_2019_2nd_sowing","51IBWSN","Okinawa_2019_2nd_sowing","Okinawa",2019,"2nd",1,0,-0.427377272269191,0,0,-0.127147766323024,0,FALSE
"7627645","51IBWSN::Okinawa_2019_2nd_sowing","51IBWSN","Okinawa_2019_2nd_sowing","Okinawa",2019,"2nd",1,0,-0.427377272269191,0,0,-0.127147766323024,0,FALSE
"7629600","51IBWSN::Okinawa_2019_2nd_sowing","51IBWSN","Okinawa_2019_2nd_sowing","Okinawa",2019,"2nd",1,0,-0.427377272269191,0,0,-0.127147766323024,0,FALSE
"7630418","51IBWSN::Okinawa_2019_2nd_sowing","51IBWSN","Okinawa_2019_2nd_sowing","Okinawa",2019,"2nd",1,0,-0.427377272269191,0,0,-0.127147766323024,0,FALSE
"7694609","51IBWSN::Okinawa_2019_2nd_sowing","51IBWSN","Okinawa_2019_2nd_sowing","Okinawa",2019,"2nd",1,0,-0.427377272269191,0,0,-0.127147766323024,0,FALSE
"6176368","51IBWSN::Okinawa_2020_1st_sowing","51IBWSN","Okinawa_2020_1st_sowing","Okinawa",2020,"1st",1,0,-0.427377272269191,0,0,-0.144329896907216,0,FALSE
"6341870","51IBWSN::Okinawa_2020_1st_sowing","51IBWSN","Okinawa_2020_1st_sowing","Okinawa",2020,"1st",1,0,-0.427377272269191,0,0,-0.144329896907216,0,FALSE
"7462304","51IBWSN::Okinawa_2020_1st_sowing","51IBWSN","Okinawa_2020_1st_sowing","Okinawa",2020,"1st",1,0,-0.427377272269191,0,0,-0.144329896907216,0,FALSE
"7624738","51IBWSN::Okinawa_2020_1st_sowing","51IBWSN","Okinawa_2020_1st_sowing","Okinawa",2020,"1st",1,0,-0.427377272269191,0,0,-0.144329896907216,0,FALSE
"7626498","51IBWSN::Okinawa_2020_1st_sowing","51IBWSN","Okinawa_2020_1st_sowing","Okinawa",2020,"1st",1,0,-0.427377272269191,0,0,-0.144329896907216,0,FALSE
"7627645","51IBWSN::Okinawa_2020_1st_sowing","51IBWSN","Okinawa_2020_1st_sowing","Okinawa",2020,"1st",1,0,-0.427377272269191,0,0,-0.144329896907216,0,FALSE
"7629600","51IBWSN::Okinawa_2020_1st_sowing","51IBWSN","Okinawa_2020_1st_sowing","Okinawa",2020,"1st",1,0,-0.427377272269191,0,0,-0.144329896907216,0,FALSE
"7630418","51IBWSN::Okinawa_2020_1st_sowing","51IBWSN","Okinawa_2020_1st_sowing","Okinawa",2020,"1st",1,0,-0.427377272269191,0,0,-0.144329896907216,0,FALSE
"7694609","51IBWSN::Okinawa_2020_1st_sowing","51IBWSN","Okinawa_2020_1st_sowing","Okinawa",2020,"1st",1,0,-0.427377272269191,0,0,-0.144329896907216,0,FALSE
"6176368","51IBWSN::Okinawa_2020_2nd_sowing","51IBWSN","Okinawa_2020_2nd_sowing","Okinawa",2020,"2nd",1,0,-0.427377272269191,0,0,-0.0912280701754386,0,FALSE
"6341870","51IBWSN::Okinawa_2020_2nd_sowing","51IBWSN","Okinawa_2020_2nd_sowing","Okinawa",2020,"2nd",1,0,-0.427377272269191,0,0,-0.0912280701754386,0,FALSE
"7462304","51IBWSN::Okinawa_2020_2nd_sowing","51IBWSN","Okinawa_2020_2nd_sowing","Okinawa",2020,"2nd",1,0,-0.427377272269191,0,0,-0.0912280701754386,0,FALSE
"7624738","51IBWSN::Okinawa_2020_2nd_sowing","51IBWSN","Okinawa_2020_2nd_sowing","Okinawa",2020,"2nd",1,0,-0.427377272269191,0,0,-0.0912280701754386,0,FALSE
"7626498","51IBWSN::Okinawa_2020_2nd_sowing","51IBWSN","Okinawa_2020_2nd_sowing","Okinawa",2020,"2nd",1,0,-0.427377272269191,0,0,-0.0912280701754386,0,FALSE
"7627645","51IBWSN::Okinawa_2020_2nd_sowing","51IBWSN","Okinawa_2020_2nd_sowing","Okinawa",2020,"2nd",1,0,-0.427377272269191,0,0,-0.0912280701754386,0,FALSE
"7629600","51IBWSN::Okinawa_2020_2nd_sowing","51IBWSN","Okinawa_2020_2nd_sowing","Okinawa",2020,"2nd",1,0,-0.427377272269191,0,0,-0.0912280701754386,0,FALSE
"7630418","51IBWSN::Okinawa_2020_2nd_sowing","51IBWSN","Okinawa_2020_2nd_sowing","Okinawa",2020,"2nd",1,0,-0.427377272269191,0,0,-0.0912280701754386,0,FALSE
"7694609","51IBWSN::Okinawa_2020_2nd_sowing","51IBWSN","Okinawa_2020_2nd_sowing","Okinawa",2020,"2nd",1,0,-0.427377272269191,0,0,-0.0912280701754386,0,FALSE
"6176368","51IBWSN::Quirusillas_2019_1st_sowing","51IBWSN","Quirusillas_2019_1st_sowing","Quirusillas",2019,"1st",1,0,-0.427377272269191,0,0,-0.101724137931034,0,FALSE
"6341870","51IBWSN::Quirusillas_2019_1st_sowing","51IBWSN","Quirusillas_2019_1st_sowing","Quirusillas",2019,"1st",1,0,-0.427377272269191,0,0,-0.101724137931034,0,FALSE
"7462304","51IBWSN::Quirusillas_2019_1st_sowing","51IBWSN","Quirusillas_2019_1st_sowing","Quirusillas",2019,"1st",1,0,-0.427377272269191,0,0,-0.101724137931034,0,FALSE
"7624738","51IBWSN::Quirusillas_2019_1st_sowing","51IBWSN","Quirusillas_2019_1st_sowing","Quirusillas",2019,"1st",1,0,-0.427377272269191,0,0,-0.101724137931034,0,FALSE
"7626498","51IBWSN::Quirusillas_2019_1st_sowing","51IBWSN","Quirusillas_2019_1st_sowing","Quirusillas",2019,"1st",1,0,-0.427377272269191,0,0,-0.101724137931034,0,FALSE
"7627645","51IBWSN::Quirusillas_2019_1st_sowing","51IBWSN","Quirusillas_2019_1st_sowing","Quirusillas",2019,"1st",1,0,-0.427377272269191,0,0,-0.101724137931034,0,FALSE
"7629600","51IBWSN::Quirusillas_2019_1st_sowing","51IBWSN","Quirusillas_2019_1st_sowing","Quirusillas",2019,"1st",1,0,-0.427377272269191,0,0,-0.101724137931034,0,FALSE
"7630418","51IBWSN::Quirusillas_2019_1st_sowing","51IBWSN","Quirusillas_2019_1st_sowing","Quirusillas",2019,"1st",1,0,-0.427377272269191,0,0,-0.101724137931034,0,FALSE
"7694609","51IBWSN::Quirusillas_2019_1st_sowing","51IBWSN","Quirusillas_2019_1st_sowing","Quirusillas",2019,"1st",1,0,-0.427377272269191,0,0,-0.101724137931034,0,FALSE
"6176368","51IBWSN::Quirusillas_2019_2nd_sowing","51IBWSN","Quirusillas_2019_2nd_sowing","Quirusillas",2019,"2nd",1,0,-0.427377272269191,0,0,-0.0996563573883161,0,FALSE
"6341870","51IBWSN::Quirusillas_2019_2nd_sowing","51IBWSN","Quirusillas_2019_2nd_sowing","Quirusillas",2019,"2nd",1,0,-0.427377272269191,0,0,-0.0996563573883161,0,FALSE
"7462304","51IBWSN::Quirusillas_2019_2nd_sowing","51IBWSN","Quirusillas_2019_2nd_sowing","Quirusillas",2019,"2nd",1,0,-0.427377272269191,0,0,-0.0996563573883161,0,FALSE
"7624738","51IBWSN::Quirusillas_2019_2nd_sowing","51IBWSN","Quirusillas_2019_2nd_sowing","Quirusillas",2019,"2nd",1,0,-0.427377272269191,0,0,-0.0996563573883161,0,FALSE
"7626498","51IBWSN::Quirusillas_2019_2nd_sowing","51IBWSN","Quirusillas_2019_2nd_sowing","Quirusillas",2019,"2nd",1,0,-0.427377272269191,0,0,-0.0996563573883161,0,FALSE
"7627645","51IBWSN::Quirusillas_2019_2nd_sowing","51IBWSN","Quirusillas_2019_2nd_sowing","Quirusillas",2019,"2nd",1,0,-0.427377272269191,0,0,-0.0996563573883161,0,FALSE
"7629600","51IBWSN::Quirusillas_2019_2nd_sowing","51IBWSN","Quirusillas_2019_2nd_sowing","Quirusillas",2019,"2nd",1,0,-0.427377272269191,0,0,-0.0996563573883161,0,FALSE
"7630418","51IBWSN::Quirusillas_2019_2nd_sowing","51IBWSN","Quirusillas_2019_2nd_sowing","Quirusillas",2019,"2nd",1,0,-0.427377272269191,0,0,-0.0996563573883161,0,FALSE
"7694609","51IBWSN::Quirusillas_2019_2nd_sowing","51IBWSN","Quirusillas_2019_2nd_sowing","Quirusillas",2019,"2nd",1,0,-0.427377272269191,0,0,-0.0996563573883161,0,FALSE
"6176368","51IBWSN::Quirusillas_2020_1st_sowing","51IBWSN","Quirusillas_2020_1st_sowing","Quirusillas",2020,"1st",1,0,-0.427377272269191,0,0,-0.0824742268041237,0,FALSE
"6341870","51IBWSN::Quirusillas_2020_1st_sowing","51IBWSN","Quirusillas_2020_1st_sowing","Quirusillas",2020,"1st",1,0,-0.427377272269191,0,0,-0.0824742268041237,0,FALSE
"7462304","51IBWSN::Quirusillas_2020_1st_sowing","51IBWSN","Quirusillas_2020_1st_sowing","Quirusillas",2020,"1st",1,0,-0.427377272269191,2.82,2.82,0.338487972508591,2.82,TRUE
"7624738","51IBWSN::Quirusillas_2020_1st_sowing","51IBWSN","Quirusillas_2020_1st_sowing","Quirusillas",2020,"1st",1,0,-0.427377272269191,0,0,-0.0824742268041237,0,FALSE
"7626498","51IBWSN::Quirusillas_2020_1st_sowing","51IBWSN","Quirusillas_2020_1st_sowing","Quirusillas",2020,"1st",1,0,-0.427377272269191,0,0,-0.0824742268041237,0,FALSE
"7627645","51IBWSN::Quirusillas_2020_1st_sowing","51IBWSN","Quirusillas_2020_1st_sowing","Quirusillas",2020,"1st",1,0,-0.427377272269191,0,0,-0.0824742268041237,0,FALSE
"7629600","51IBWSN::Quirusillas_2020_1st_sowing","51IBWSN","Quirusillas_2020_1st_sowing","Quirusillas",2020,"1st",1,0,-0.427377272269191,0,0,-0.0824742268041237,0,FALSE
"7630418","51IBWSN::Quirusillas_2020_1st_sowing","51IBWSN","Quirusillas_2020_1st_sowing","Quirusillas",2020,"1st",1,0,-0.427377272269191,0,0,-0.0824742268041237,0,FALSE
"7694609","51IBWSN::Quirusillas_2020_1st_sowing","51IBWSN","Quirusillas_2020_1st_sowing","Quirusillas",2020,"1st",1,0,-0.427377272269191,0,0,-0.0824742268041237,0,FALSE
"6176368","51IBWSN::Quirusillas_2020_2nd_sowing","51IBWSN","Quirusillas_2020_2nd_sowing","Quirusillas",2020,"2nd",1,0,-0.427377272269191,0,0,-0.0738831615120275,0,FALSE
"6341870","51IBWSN::Quirusillas_2020_2nd_sowing","51IBWSN","Quirusillas_2020_2nd_sowing","Quirusillas",2020,"2nd",1,0,-0.427377272269191,0,0,-0.0738831615120275,0,FALSE
"7462304","51IBWSN::Quirusillas_2020_2nd_sowing","51IBWSN","Quirusillas_2020_2nd_sowing","Quirusillas",2020,"2nd",1,0,-0.427377272269191,0,0,-0.0738831615120275,0,FALSE
"7624738","51IBWSN::Quirusillas_2020_2nd_sowing","51IBWSN","Quirusillas_2020_2nd_sowing","Quirusillas",2020,"2nd",1,0,-0.427377272269191,0,0,-0.0738831615120275,0,FALSE
"7626498","51IBWSN::Quirusillas_2020_2nd_sowing","51IBWSN","Quirusillas_2020_2nd_sowing","Quirusillas",2020,"2nd",1,0,-0.427377272269191,0,0,-0.0738831615120275,0,FALSE
"7627645","51IBWSN::Quirusillas_2020_2nd_sowing","51IBWSN","Quirusillas_2020_2nd_sowing","Quirusillas",2020,"2nd",1,0,-0.427377272269191,0,0,-0.0738831615120275,0,FALSE
"7629600","51IBWSN::Quirusillas_2020_2nd_sowing","51IBWSN","Quirusillas_2020_2nd_sowing","Quirusillas",2020,"2nd",1,0,-0.427377272269191,0,0,-0.0738831615120275,0,FALSE
"7630418","51IBWSN::Quirusillas_2020_2nd_sowing","51IBWSN","Quirusillas_2020_2nd_sowing","Quirusillas",2020,"2nd",1,0,-0.427377272269191,0,0,-0.0738831615120275,0,FALSE
"7694609","51IBWSN::Quirusillas_2020_2nd_sowing","51IBWSN","Quirusillas_2020_2nd_sowing","Quirusillas",2020,"2nd",1,0,-0.427377272269191,0,0,-0.0738831615120275,0,FALSE
"6341870","52IBWSN::Jashore_2020_1st_sowing","52IBWSN","Jashore_2020_1st_sowing","Jashore",2020,"1st",1,0,-0.427377272269191,0,0,-0.0498220640569395,0,FALSE
"8048389","52IBWSN::Jashore_2020_1st_sowing","52IBWSN","Jashore_2020_1st_sowing","Jashore",2020,"1st",1,0,-0.427377272269191,0,0,-0.0498220640569395,0,FALSE
"8048669","52IBWSN::Jashore_2020_1st_sowing","52IBWSN","Jashore_2020_1st_sowing","Jashore",2020,"1st",1,0,-0.427377272269191,0,0,-0.0498220640569395,0,FALSE
"6341870","52IBWSN::Jashore_2020_2nd_sowing","52IBWSN","Jashore_2020_2nd_sowing","Jashore",2020,"2nd",1,0,-0.427377272269191,0,0,-0.0498220640569395,0,FALSE
"8048389","52IBWSN::Jashore_2020_2nd_sowing","52IBWSN","Jashore_2020_2nd_sowing","Jashore",2020,"2nd",1,0,-0.427377272269191,0,0,-0.0498220640569395,0,FALSE
"8048669","52IBWSN::Jashore_2020_2nd_sowing","52IBWSN","Jashore_2020_2nd_sowing","Jashore",2020,"2nd",1,0,-0.427377272269191,0,0,-0.0498220640569395,0,FALSE
"6341870","52IBWSN::Jashore_2021_1st_sowing","52IBWSN","Jashore_2021_1st_sowing","Jashore",2021,"1st",1,3.33,0.428325783933644,10,6.67,0.225978647686833,10,TRUE
"8048389","52IBWSN::Jashore_2021_1st_sowing","52IBWSN","Jashore_2021_1st_sowing","Jashore",2021,"1st",1,3.33,0.428325783933644,8.42,5.09,0.0729537366548043,8.42,TRUE
"8048669","52IBWSN::Jashore_2021_1st_sowing","52IBWSN","Jashore_2021_1st_sowing","Jashore",2021,"1st",1,3.33,0.428325783933644,0,-3.33,-0.256227758007117,0,FALSE
"6341870","52IBWSN::Jashore_2021_2nd_sowing","52IBWSN","Jashore_2021_2nd_sowing","Jashore",2021,"2nd",1,0,-0.427377272269191,0,0,-0.106761565836299,0,FALSE
"8048389","52IBWSN::Jashore_2021_2nd_sowing","52IBWSN","Jashore_2021_2nd_sowing","Jashore",2021,"2nd",1,0,-0.427377272269191,0,0,-0.106761565836299,0,FALSE
"8048669","52IBWSN::Jashore_2021_2nd_sowing","52IBWSN","Jashore_2021_2nd_sowing","Jashore",2021,"2nd",1,0,-0.427377272269191,0,0,-0.106761565836299,0,FALSE
"6341870","52IBWSN::Okinawa_2020_1st_sowing","52IBWSN","Okinawa_2020_1st_sowing","Okinawa",2020,"1st",1,0,-0.427377272269191,0,0,-0.116666666666667,0,FALSE
"8048389","52IBWSN::Okinawa_2020_1st_sowing","52IBWSN","Okinawa_2020_1st_sowing","Okinawa",2020,"1st",1,0,-0.427377272269191,0,0,-0.116666666666667,0,FALSE
"8048669","52IBWSN::Okinawa_2020_1st_sowing","52IBWSN","Okinawa_2020_1st_sowing","Okinawa",2020,"1st",1,0,-0.427377272269191,0,0,-0.116666666666667,0,FALSE
"6341870","52IBWSN::Okinawa_2020_2nd_sowing","52IBWSN","Okinawa_2020_2nd_sowing","Okinawa",2020,"2nd",1,0,-0.427377272269191,0,0,-0.0622775800711744,0,FALSE
"8048389","52IBWSN::Okinawa_2020_2nd_sowing","52IBWSN","Okinawa_2020_2nd_sowing","Okinawa",2020,"2nd",1,0,-0.427377272269191,0,0,-0.0622775800711744,0,FALSE
"8048669","52IBWSN::Okinawa_2020_2nd_sowing","52IBWSN","Okinawa_2020_2nd_sowing","Okinawa",2020,"2nd",1,0,-0.427377272269191,0,0,-0.0622775800711744,0,FALSE
"6341870","52IBWSN::Quirusillas_2020_1st_sowing","52IBWSN","Quirusillas_2020_1st_sowing","Quirusillas",2020,"1st",1,0,-0.427377272269191,0,0,-0.0587188612099644,0,FALSE
"8048389","52IBWSN::Quirusillas_2020_1st_sowing","52IBWSN","Quirusillas_2020_1st_sowing","Quirusillas",2020,"1st",1,0,-0.427377272269191,0,0,-0.0587188612099644,0,FALSE
"8048669","52IBWSN::Quirusillas_2020_1st_sowing","52IBWSN","Quirusillas_2020_1st_sowing","Quirusillas",2020,"1st",1,0,-0.427377272269191,0,0,-0.0587188612099644,0,FALSE
"6341870","52IBWSN::Quirusillas_2020_2nd_sowing","52IBWSN","Quirusillas_2020_2nd_sowing","Quirusillas",2020,"2nd",1,0,-0.427377272269191,0,0,-0.0516014234875445,0,FALSE
"8048389","52IBWSN::Quirusillas_2020_2nd_sowing","52IBWSN","Quirusillas_2020_2nd_sowing","Quirusillas",2020,"2nd",1,0,-0.427377272269191,0,0,-0.0516014234875445,0,FALSE
"8048669","52IBWSN::Quirusillas_2020_2nd_sowing","52IBWSN","Quirusillas_2020_2nd_sowing","Quirusillas",2020,"2nd",1,0,-0.427377272269191,0,0,-0.0516014234875445,0,FALSE
"6341870","52IBWSN::Quirusillas_2021_1st_sowing","52IBWSN","Quirusillas_2021_1st_sowing","Quirusillas",2021,"1st",1,0,-0.427377272269191,0,0,-0.0551601423487544,0,FALSE
"8048389","52IBWSN::Quirusillas_2021_1st_sowing","52IBWSN","Quirusillas_2021_1st_sowing","Quirusillas",2021,"1st",1,0,-0.427377272269191,0,0,-0.0551601423487544,0,FALSE
"8048669","52IBWSN::Quirusillas_2021_1st_sowing","52IBWSN","Quirusillas_2021_1st_sowing","Quirusillas",2021,"1st",1,0,-0.427377272269191,0,0,-0.0551601423487544,0,FALSE
"6341870","52IBWSN::Quirusillas_2021_2nd_sowing","52IBWSN","Quirusillas_2021_2nd_sowing","Quirusillas",2021,"2nd",1,0,-0.427377272269191,0,0,-0.0569395017793594,0,FALSE
"8048389","52IBWSN::Quirusillas_2021_2nd_sowing","52IBWSN","Quirusillas_2021_2nd_sowing","Quirusillas",2021,"2nd",1,0,-0.427377272269191,0,0,-0.0569395017793594,0,FALSE
"8048669","52IBWSN::Quirusillas_2021_2nd_sowing","52IBWSN","Quirusillas_2021_2nd_sowing","Quirusillas",2021,"2nd",1,0,-0.427377272269191,0,0,-0.0569395017793594,0,FALSE
"6341870","53IBWSN::Jashore_2021_1st_sowing","53IBWSN","Jashore_2021_1st_sowing","Jashore",2021,"1st",1,0,-0.427377272269191,45.40816327,45.40816327,0.379858657243816,45.40816327,TRUE
"6341870","53IBWSN::Jashore_2021_2nd_sowing","53IBWSN","Jashore_2021_2nd_sowing","Jashore",2021,"2nd",1,0,-0.427377272269191,20,20,0.379858657243816,20,TRUE
"6341870","53IBWSN::Jashore_2022_1st_sowing","53IBWSN","Jashore_2022_1st_sowing","Jashore",2022,"1st",1,7.368421053,1.46607029963514,0,-7.368421053,-0.265017667844523,0,FALSE
"6341870","53IBWSN::Jashore_2022_2nd_sowing","53IBWSN","Jashore_2022_2nd_sowing","Jashore",2022,"2nd",1,10,2.14230157518677,10,0,-0.0989399293286219,10,FALSE
"6341870","53IBWSN::Okinawa_2022_2nd_sowing","53IBWSN","Okinawa_2022_2nd_sowing","Okinawa",2022,"2nd",1,0,-0.427377272269191,0,0,-0.11660777385159,0,FALSE
"6341870","53IBWSN::Quirusillas_2021_1st_sowing","53IBWSN","Quirusillas_2021_1st_sowing","Quirusillas",2021,"1st",1,0,-0.427377272269191,0,0,-0.0815602836879433,0,FALSE
"6341870","53IBWSN::Quirusillas_2021_2nd_sowing","53IBWSN","Quirusillas_2021_2nd_sowing","Quirusillas",2021,"2nd",1,0,-0.427377272269191,0,0,-0.0815602836879433,0,FALSE
"7630418","54IBWSN::Jashore_2022_1st_sowing","54IBWSN","Jashore_2022_1st_sowing","Jashore",2022,"1st",1,0,-0.427377272269191,0,0,-0.168627450980392,0,FALSE
"7630418","54IBWSN::Jashore_2022_2nd_sowing","54IBWSN","Jashore_2022_2nd_sowing","Jashore",2022,"2nd",1,0,-0.427377272269191,0,0,-0.235294117647059,0,FALSE
"7630418","54IBWSN::Okinawa_2022_2nd_sowing","54IBWSN","Okinawa_2022_2nd_sowing","Okinawa",2022,"2nd",1,0,-0.427377272269191,0,0,-0.0862745098039216,0,FALSE
"8048669","55IBWSN::Jashore_2023_1st_sowing","55IBWSN","Jashore_2023_1st_sowing","Jashore",2023,"1st",1,11.89189189,2.62845703232742,5.555555556,-6.336336334,-0.341409691629956,5.555555556,FALSE
"8048669","55IBWSN::Jashore_2023_2nd_sowing","55IBWSN","Jashore_2023_2nd_sowing","Jashore",2023,"2nd",1,7.5,1.49988186332278,7.619047619,0.119047619,0.00220264317180618,7.619047619,TRUE
"8048669","55IBWSN::Okinawa_2023_1st_sowing","55IBWSN","Okinawa_2023_1st_sowing","Okinawa",2023,"1st",1,0,-0.427377272269191,0,0,-0.052863436123348,0,FALSE
"8048669","55IBWSN::Okinawa_2023_2nd_sowing","55IBWSN","Okinawa_2023_2nd_sowing","Okinawa",2023,"2nd",1,0,-0.427377272269191,0,0,-0.0638766519823789,0,FALSE
"8048669","55IBWSN::Quirusillas_2023_1st_sowing","55IBWSN","Quirusillas_2023_1st_sowing","Quirusillas",2023,"1st",1,0,-0.427377272269191,0,0,-0.079295154185022,0,FALSE
"8048669","55IBWSN::Quirusillas_2023_2nd_sowing","55IBWSN","Quirusillas_2023_2nd_sowing","Quirusillas",2023,"2nd",1,0,-0.427377272269191,0,0,-0.0398230088495575,0,FALSE
"8048669","56IBWSN::Jashore_2024_1st_sowing","56IBWSN","Jashore_2024_1st_sowing","Jashore",2024,"1st",1,0,-0.427377272269191,0,0,-0.143478260869565,0,FALSE
"8048669","56IBWSN::Jashore_2024_2nd_sowing","56IBWSN","Jashore_2024_2nd_sowing","Jashore",2024,"2nd",1,10,2.14230157518677,5.238095238,-4.761904762,-0.216157205240175,5.238095238,FALSE
"8048669","56IBWSN::Okinawa_2024_1st_sowing","56IBWSN","Okinawa_2024_1st_sowing","Okinawa",2024,"1st",1,0,-0.427377272269191,0,0,-0.013215859030837,0,FALSE
"8048669","56IBWSN::Okinawa_2024_2nd_sowing","56IBWSN","Okinawa_2024_2nd_sowing","Okinawa",2024,"2nd",1,0,-0.427377272269191,0,0,-0.0327510917030568,0,FALSE
"8048669","56IBWSN::Quirusillas_2024_1st_sowing","56IBWSN","Quirusillas_2024_1st_sowing","Quirusillas",2024,"1st",1,0,-0.427377272269191,0,0,-0.0140845070422535,0,FALSE
"7310617","9HLBSN::Jashore_2018_1st_sowing","9HLBSN","Jashore_2018_1st_sowing","Jashore",2018,"1st",1,8.46,1.74657103267855,4.29,-4.17,-0.18,4.29,FALSE
"7400724","9HLBSN::Jashore_2018_1st_sowing","9HLBSN","Jashore_2018_1st_sowing","Jashore",2018,"1st",1,8.46,1.74657103267855,0,-8.46,-0.36,0,FALSE
"7310617","9HLBSN::Jashore_2018_2nd_sowing","9HLBSN","Jashore_2018_2nd_sowing","Jashore",2018,"2nd",1,5.79,1.06046678040781,0,-5.79,-0.29,0,FALSE
"7400724","9HLBSN::Jashore_2018_2nd_sowing","9HLBSN","Jashore_2018_2nd_sowing","Jashore",2018,"2nd",1,5.79,1.06046678040781,0,-5.79,-0.29,0,FALSE
"7310617","9HLBSN::Okinawa_2018_1st_sowing","9HLBSN","Okinawa_2018_1st_sowing","Okinawa",2018,"1st",1,0,-0.427377272269191,0,0,-0.07,0,FALSE
"7400724","9HLBSN::Okinawa_2018_1st_sowing","9HLBSN","Okinawa_2018_1st_sowing","Okinawa",2018,"1st",1,0,-0.427377272269191,0,0,-0.07,0,FALSE
"7310617","9HLBSN::Okinawa_2018_2nd_sowing","9HLBSN","Okinawa_2018_2nd_sowing","Okinawa",2018,"2nd",1,0,-0.427377272269191,0,0,-0.14,0,FALSE
"7400724","9HLBSN::Okinawa_2018_2nd_sowing","9HLBSN","Okinawa_2018_2nd_sowing","Okinawa",2018,"2nd",1,0,-0.427377272269191,0,0,-0.14,0,FALSE
"7310617","9HLBSN::Quirusillas_2018_1st_sowing","9HLBSN","Quirusillas_2018_1st_sowing","Quirusillas",2018,"1st",1,0,-0.427377272269191,0,0,-0.0816326530612245,0,FALSE
"7400724","9HLBSN::Quirusillas_2018_1st_sowing","9HLBSN","Quirusillas_2018_1st_sowing","Quirusillas",2018,"1st",1,0,-0.427377272269191,0,0,-0.0816326530612245,0,FALSE
"7310617","9HLBSN::Quirusillas_2018_2nd_sowing","9HLBSN","Quirusillas_2018_2nd_sowing","Quirusillas",2018,"2nd",1,0,-0.427377272269191,0,0,-0.05,0,FALSE
"7400724","9HLBSN::Quirusillas_2018_2nd_sowing","9HLBSN","Quirusillas_2018_2nd_sowing","Quirusillas",2018,"2nd",1,0,-0.427377272269191,0,0,-0.05,0,FALSE
