"variant","environment","score","rank"
"equal","Jashore_2018_1st_sowing",0.665540540540541,9
"equal","Jashore_2019_1st_sowing",0.905405405405405,1
"equal","Jashore_2020_1st_sowing",0.351351351351351,29
"equal","Jashore_2021_1st_sowing",0.635135135135135,10
"equal","Jashore_2022_1st_sowing",0.864864864864865,3
"equal","Jashore_2023_1st_sowing",0.847972972972973,5
"equal","Jashore_2024_1st_sowing",0.361486486486487,28
"equal","Jashore_2018_2nd_sowing",0.60472972972973,11
"equal","Jashore_2019_2nd_sowing",0.797297297297297,6
"equal","Jashore_2020_2nd_sowing",0.432432432432432,21
"equal","Jashore_2021_2nd_sowing",0.574324324324324,14
"equal","Jashore_2022_2nd_sowing",0.891891891891892,2
"equal","Jashore_2023_2nd_sowing",0.787162162162162,7
"equal","Jashore_2024_2nd_sowing",0.516891891891892,17
"equal","Okinawa_2018_1st_sowing",0.334459459459459,31
"equal","Okinawa_2019_1st_sowing",0.858108108108108,4
"equal","Okinawa_2020_1st_sowing",0.472972972972973,19
"equal","Okinawa_2021_1st_sowing",0.199324324324324,35
"equal","Okinawa_2023_1st_sowing",0.300675675675676,32
"equal","Okinawa_2024_1st_sowing",0.128378378378378,37
"equal","Okinawa_2018_2nd_sowing",0.550675675675676,15
"equal","Okinawa_2019_2nd_sowing",0.722972972972973,8
"equal","Okinawa_2020_2nd_sowing",0.391891891891892,25
"equal","Okinawa_2021_2nd_sowing",0.408783783783784,24
"equal","Okinawa_2022_2nd_sowing",0.533783783783784,16
"equal","Okinawa_2023_2nd_sowing",0.368243243243243,27
"equal","Okinawa_2024_2nd_sowing",0.148648648648649,36
"equal","Quirusillas_2018_1st_sowing",0.510135135135135,18
"equal","Quirusillas_2019_1st_sowing",0.587837837837838,13
"equal","Quirusillas_2020_1st_sowing",0.439189189189189,20
"equal","Quirusillas_2021_1st_sowing",0.381756756756757,26
"equal","Quirusillas_2023_1st_sowing",0.280405405405405,33
"equal","Quirusillas_2024_1st_sowing",0.128378378378378,38
"equal","Quirusillas_2018_2nd_sowing",0.415540540540541,22
"equal","Quirusillas_2019_2nd_sowing",0.587837837837838,12
"equal","Quirusillas_2020_2nd_sowing",0.412162162162162,23
"equal","Quirusillas_2021_2nd_sowing",0.347972972972973,30
"equal","Quirusillas_2023_2nd_sowing",0.253378378378378,34
"no_pressure","Jashore_2018_1st_sowing",0.626126126126126,9
"no_pressure","Jashore_2019_1st_sowing",0.891891891891892,1
"no_pressure","Jashore_2020_1st_sowing",0.441441441441441,24
"no_pressure","Jashore_2021_1st_sowing",0.603603603603604,10
"no_pressure","Jashore_2022_1st_sowing",0.855855855855856,3
"no_pressure","Jashore_2023_1st_sowing",0.797297297297297,5
"no_pressure","Jashore_2024_1st_sowing",0.436936936936937,25
"no_pressure","Jashore_2018_2nd_sowing",0.581081081081081,11
"no_pressure","Jashore_2019_2nd_sowing",0.792792792792793,6
"no_pressure","Jashore_2020_2nd_sowing",0.513513513513513,19
"no_pressure","Jashore_2021_2nd_sowing",0.549549549549549,13
"no_pressure","Jashore_2022_2nd_sowing",0.864864864864865,2
"no_pressure","Jashore_2023_2nd_sowing",0.761261261261261,7
"no_pressure","Jashore_2024_2nd_sowing",0.536036036036036,15
"no_pressure","Okinawa_2018_1st_sowing",0.364864864864865,27
"no_pressure","Okinawa_2019_1st_sowing",0.837837837837838,4
"no_pressure","Okinawa_2020_1st_sowing",0.504504504504504,20
"no_pressure","Okinawa_2021_1st_sowing",0.22972972972973,35
"no_pressure","Okinawa_2023_1st_sowing",0.283783783783784,32
"no_pressure","Okinawa_2024_1st_sowing",0.162162162162162,38
"no_pressure","Okinawa_2018_2nd_sowing",0.572072072072072,12
"no_pressure","Okinawa_2019_2nd_sowing",0.684684684684685,8
"no_pressure","Okinawa_2020_2nd_sowing",0.468468468468468,21
"no_pressure","Okinawa_2021_2nd_sowing",0.436936936936937,25
"no_pressure","Okinawa_2022_2nd_sowing",0.522522522522523,18
"no_pressure","Okinawa_2023_2nd_sowing",0.310810810810811,29
"no_pressure","Okinawa_2024_2nd_sowing",0.18018018018018,36
"no_pressure","Quirusillas_2018_1st_sowing",0.536036036036036,15
"no_pressure","Quirusillas_2019_1st_sowing",0.549549549549549,13
"no_pressure","Quirusillas_2020_1st_sowing",0.45045045045045,23
"no_pressure","Quirusillas_2021_1st_sowing",0.301801801801802,30
"no_pressure","Quirusillas_2023_1st_sowing",0.274774774774775,33
"no_pressure","Quirusillas_2024_1st_sowing",0.171171171171171,37
"no_pressure","Quirusillas_2018_2nd_sowing",0.355855855855856,28
"no_pressure","Quirusillas_2019_2nd_sowing",0.531531531531531,17
"no_pressure","Quirusillas_2020_2nd_sowing",0.459459459459459,22
"no_pressure","Quirusillas_2021_2nd_sowing",0.292792792792793,31
"no_pressure","Quirusillas_2023_2nd_sowing",0.265765765765766,34
"no_discrimination","Jashore_2018_1st_sowing",0.59009009009009,12
"no_discrimination","Jashore_2019_1st_sowing",0.873873873873874,3
"no_discrimination","Jashore_2020_1st_sowing",0.378378378378378,27
"no_discrimination","Jashore_2021_1st_sowing",0.576576576576577,13
"no_discrimination","Jashore_2022_1st_sowing",0.882882882882883,2
"no_discrimination","Jashore_2023_1st_sowing",0.815315315315315,5
"no_discrimination","Jashore_2024_1st_sowing",0.256756756756757,33
"no_discrimination","Jashore_2018_2nd_sowing",0.536036036036036,15
"no_discrimination","Jashore_2019_2nd_sowing",0.792792792792793,6
"no_discrimination","Jashore_2020_2nd_sowing",0.486486486486487,20
"no_discrimination","Jashore_2021_2nd_sowing",0.522522522522523,16
"no_discrimination","Jashore_2022_2nd_sowing",0.918918918918919,1
"no_discrimination","Jashore_2023_2nd_sowing",0.743243243243243,8
"no_discrimination","Jashore_2024_2nd_sowing",0.454954954954955,23
"no_discrimination","Okinawa_2018_1st_sowing",0.355855855855856,29
"no_discrimination","Okinawa_2019_1st_sowing",0.81981981981982,4
"no_discrimination","Okinawa_2020_1st_sowing",0.540540540540541,14
"no_discrimination","Okinawa_2021_1st_sowing",0.175675675675676,35
"no_discrimination","Okinawa_2023_1st_sowing",0.310810810810811,31
"no_discrimination","Okinawa_2024_1st_sowing",0.0810810810810811,37
"no_discrimination","Okinawa_2018_2nd_sowing",0.518018018018018,17
"no_discrimination","Okinawa_2019_2nd_sowing",0.765765765765766,7
"no_discrimination","Okinawa_2020_2nd_sowing",0.432432432432432,24
"no_discrimination","Okinawa_2021_2nd_sowing",0.337837837837838,30
"no_discrimination","Okinawa_2022_2nd_sowing",0.621621621621622,11
"no_discrimination","Okinawa_2023_2nd_sowing",0.400900900900901,26
"no_discrimination","Okinawa_2024_2nd_sowing",0.108108108108108,36
"no_discrimination","Quirusillas_2018_1st_sowing",0.490990990990991,19
"no_discrimination","Quirusillas_2019_1st_sowing",0.693693693693694,10
"no_discrimination","Quirusillas_2020_1st_sowing",0.495495495495496,18
"no_discrimination","Quirusillas_2021_1st_sowing",0.418918918918919,25
"no_discrimination","Quirusillas_2023_1st_sowing",0.283783783783784,32
"no_discrimination","Quirusillas_2024_1st_sowing",0.0810810810810811,38
"no_discrimination","Quirusillas_2018_2nd_sowing",0.463963963963964,21
"no_discrimination","Quirusillas_2019_2nd_sowing",0.693693693693694,9
"no_discrimination","Quirusillas_2020_2nd_sowing",0.459459459459459,22
"no_discrimination","Quirusillas_2021_2nd_sowing",0.373873873873874,28
"no_discrimination","Quirusillas_2023_2nd_sowing",0.247747747747748,34
"no_coverage","Jashore_2018_1st_sowing",0.855855855855856,7
"no_coverage","Jashore_2019_1st_sowing",0.936936936936937,2
"no_coverage","Jashore_2020_1st_sowing",0.198198198198198,34
"no_coverage","Jashore_2021_1st_sowing",0.774774774774775,9
"no_coverage","Jashore_2022_1st_sowing",0.882882882882883,5
"no_coverage","Jashore_2023_1st_sowing",0.981981981981982,1
"no_coverage","Jashore_2024_1st_sowing",0.45045045045045,19
"no_coverage","Jashore_2018_2nd_sowing",0.774774774774775,9
"no_coverage","Jashore_2019_2nd_sowing",0.792792792792793,8
"no_coverage","Jashore_2020_2nd_sowing",0.306306306306306,27
"no_coverage","Jashore_2021_2nd_sowing",0.693693693693694,12
"no_coverage","Jashore_2022_2nd_sowing",0.918918918918919,3
"no_coverage","Jashore_2023_2nd_sowing",0.900900900900901,4
"no_coverage","Jashore_2024_2nd_sowing",0.657657657657658,13
"no_coverage","Okinawa_2018_1st_sowing",0.297297297297297,28
"no_coverage","Okinawa_2019_1st_sowing",0.873873873873874,6
"no_coverage","Okinawa_2020_1st_sowing",0.36036036036036,22
"no_coverage","Okinawa_2021_1st_sowing",0.261261261261261,30
"no_coverage","Okinawa_2023_1st_sowing",0.252252252252252,31
"no_coverage","Okinawa_2024_1st_sowing",0.0990990990990991,37
"no_coverage","Okinawa_2018_2nd_sowing",0.585585585585586,14
"no_coverage","Okinawa_2019_2nd_sowing",0.693693693693694,11
"no_coverage","Okinawa_2020_2nd_sowing",0.252252252252252,31
"no_coverage","Okinawa_2021_2nd_sowing",0.540540540540541,15
"no_coverage","Okinawa_2022_2nd_sowing",0.441441441441441,20
"no_coverage","Okinawa_2023_2nd_sowing",0.342342342342342,24
"no_coverage","Okinawa_2024_2nd_sowing",0.126126126126126,36
"no_coverage","Quirusillas_2018_1st_sowing",0.531531531531531,16
"no_coverage","Quirusillas_2019_1st_sowing",0.513513513513513,17
"no_coverage","Quirusillas_2020_1st_sowing",0.315315315315315,25
"no_coverage","Quirusillas_2021_1st_sowing",0.36036036036036,23
"no_coverage","Quirusillas_2023_1st_sowing",0.225225225225225,33
"no_coverage","Quirusillas_2024_1st_sowing",0.0990990990990991,38
"no_coverage","Quirusillas_2018_2nd_sowing",0.405405405405405,21
"no_coverage","Quirusillas_2019_2nd_sowing",0.513513513513513,18
"no_coverage","Quirusillas_2020_2nd_sowing",0.279279279279279,29
"no_coverage","Quirusillas_2021_2nd_sowing",0.315315315315315,25
"no_coverage","Quirusillas_2023_2nd_sowing",0.189189189189189,35
"no_nonsaturation","Jashore_2018_1st_sowing",0.59009009009009,11
"no_nonsaturation","Jashore_2019_1st_sowing",0.918918918918919,1
"no_nonsaturation","Jashore_2020_1st_sowing",0.387387387387387,28
"no_nonsaturation","Jashore_2021_1st_sowing",0.585585585585586,12
"no_nonsaturation","Jashore_2022_1st_sowing",0.837837837837838,4
"no_nonsaturation","Jashore_2023_1st_sowing",0.797297297297297,6
"no_nonsaturation","Jashore_2024_1st_sowing",0.301801801801802,34
"no_nonsaturation","Jashore_2018_2nd_sowing",0.527027027027027,15
"no_nonsaturation","Jashore_2019_2nd_sowing",0.810810810810811,5
"no_nonsaturation","Jashore_2020_2nd_sowing",0.423423423423423,23
"no_nonsaturation","Jashore_2021_2nd_sowing",0.531531531531532,14
"no_nonsaturation","Jashore_2022_2nd_sowing",0.864864864864865,3
"no_nonsaturation","Jashore_2023_2nd_sowing",0.743243243243243,8
"no_nonsaturation","Jashore_2024_2nd_sowing",0.418918918918919,24
"no_nonsaturation","Okinawa_2018_1st_sowing",0.31981981981982,32
"no_nonsaturation","Okinawa_2019_1st_sowing",0.900900900900901,2
"no_nonsaturation","Okinawa_2020_1st_sowing",0.486486486486487,18
"no_nonsaturation","Okinawa_2021_1st_sowing",0.130630630630631,38
"no_nonsaturation","Okinawa_2023_1st_sowing",0.355855855855856,29
"no_nonsaturation","Okinawa_2024_1st_sowing",0.171171171171171,36
"no_nonsaturation","Okinawa_2018_2nd_sowing",0.527027027027027,15
"no_nonsaturation","Okinawa_2019_2nd_sowing",0.747747747747748,7
"no_nonsaturation","Okinawa_2020_2nd_sowing",0.414414414414414,26
"no_nonsaturation","Okinawa_2021_2nd_sowing",0.31981981981982,31
"no_nonsaturation","Okinawa_2022_2nd_sowing",0.549549549549549,13
"no_nonsaturation","Okinawa_2023_2nd_sowing",0.418918918918919,24
"no_nonsaturation","Okinawa_2024_2nd_sowing",0.18018018018018,35
"no_nonsaturation","Quirusillas_2018_1st_sowing",0.481981981981982,19
"no_nonsaturation","Quirusillas_2019_1st_sowing",0.594594594594595,10
"no_nonsaturation","Quirusillas_2020_1st_sowing",0.495495495495496,17
"no_nonsaturation","Quirusillas_2021_1st_sowing",0.445945945945946,21
"no_nonsaturation","Quirusillas_2023_1st_sowing",0.337837837837838,30
"no_nonsaturation","Quirusillas_2024_1st_sowing",0.162162162162162,37
"no_nonsaturation","Quirusillas_2018_2nd_sowing",0.436936936936937,22
"no_nonsaturation","Quirusillas_2019_2nd_sowing",0.612612612612613,9
"no_nonsaturation","Quirusillas_2020_2nd_sowing",0.45045045045045,20
"no_nonsaturation","Quirusillas_2021_2nd_sowing",0.40990990990991,27
"no_nonsaturation","Quirusillas_2023_2nd_sowing",0.310810810810811,33
"discrimination_emphasis","Jashore_2018_1st_sowing",0.710810810810811,8
"discrimination_emphasis","Jashore_2019_1st_sowing",0.924324324324324,1
"discrimination_emphasis","Jashore_2020_1st_sowing",0.335135135135135,29
"discrimination_emphasis","Jashore_2021_1st_sowing",0.67027027027027,10
"discrimination_emphasis","Jashore_2022_1st_sowing",0.854054054054054,5
"discrimination_emphasis","Jashore_2023_1st_sowing",0.867567567567568,4
"discrimination_emphasis","Jashore_2024_1st_sowing",0.424324324324324,21
"discrimination_emphasis","Jashore_2018_2nd_sowing",0.645945945945946,11
"discrimination_emphasis","Jashore_2019_2nd_sowing",0.8,7
"discrimination_emphasis","Jashore_2020_2nd_sowing",0.4,23
"discrimination_emphasis","Jashore_2021_2nd_sowing",0.605405405405405,12
"discrimination_emphasis","Jashore_2022_2nd_sowing",0.875675675675676,3
"discrimination_emphasis","Jashore_2023_2nd_sowing",0.813513513513514,6
"discrimination_emphasis","Jashore_2024_2nd_sowing",0.554054054054054,14
"discrimination_emphasis","Okinawa_2018_1st_sowing",0.321621621621622,31
"discrimination_emphasis","Okinawa_2019_1st_sowing",0.881081081081081,2
"discrimination_emphasis","Okinawa_2020_1st_sowing",0.432432432432432,20
"discrimination_emphasis","Okinawa_2021_1st_sowing",0.213513513513514,35
"discrimination_emphasis","Okinawa_2023_1st_sowing",0.294594594594595,32
"discrimination_emphasis","Okinawa_2024_1st_sowing",0.156756756756757,37
"discrimination_emphasis","Okinawa_2018_2nd_sowing",0.57027027027027,13
"discrimination_emphasis","Okinawa_2019_2nd_sowing",0.697297297297297,9
"discrimination_emphasis","Okinawa_2020_2nd_sowing",0.367567567567568,26
"discrimination_emphasis","Okinawa_2021_2nd_sowing",0.451351351351351,19
"discrimination_emphasis","Okinawa_2022_2nd_sowing",0.481081081081081,18
"discrimination_emphasis","Okinawa_2023_2nd_sowing",0.348648648648649,28
"discrimination_emphasis","Okinawa_2024_2nd_sowing",0.172972972972973,36
"discrimination_emphasis","Quirusillas_2018_1st_sowing",0.521621621621622,17
"discrimination_emphasis","Quirusillas_2019_1st_sowing",0.524324324324324,15
"discrimination_emphasis","Quirusillas_2020_1st_sowing",0.405405405405405,22
"discrimination_emphasis","Quirusillas_2021_1st_sowing",0.35945945945946,27
"discrimination_emphasis","Quirusillas_2023_1st_sowing",0.278378378378378,33
"discrimination_emphasis","Quirusillas_2024_1st_sowing",0.156756756756757,37
"discrimination_emphasis","Quirusillas_2018_2nd_sowing",0.386486486486486,24
"discrimination_emphasis","Quirusillas_2019_2nd_sowing",0.524324324324324,15
"discrimination_emphasis","Quirusillas_2020_2nd_sowing",0.383783783783784,25
"discrimination_emphasis","Quirusillas_2021_2nd_sowing",0.332432432432432,30
"discrimination_emphasis","Quirusillas_2023_2nd_sowing",0.256756756756757,34
"pressure_emphasis","Jashore_2018_1st_sowing",0.689189189189189,9
"pressure_emphasis","Jashore_2019_1st_sowing",0.913513513513514,1
"pressure_emphasis","Jashore_2020_1st_sowing",0.297297297297297,32
"pressure_emphasis","Jashore_2021_1st_sowing",0.654054054054054,10
"pressure_emphasis","Jashore_2022_1st_sowing",0.87027027027027,4
"pressure_emphasis","Jashore_2023_1st_sowing",0.878378378378378,3
"pressure_emphasis","Jashore_2024_1st_sowing",0.316216216216216,29
"pressure_emphasis","Jashore_2018_2nd_sowing",0.618918918918919,12
"pressure_emphasis","Jashore_2019_2nd_sowing",0.8,7
"pressure_emphasis","Jashore_2020_2nd_sowing",0.383783783783784,25
"pressure_emphasis","Jashore_2021_2nd_sowing",0.589189189189189,14
"pressure_emphasis","Jashore_2022_2nd_sowing",0.908108108108108,2
"pressure_emphasis","Jashore_2023_2nd_sowing",0.802702702702703,6
"pressure_emphasis","Jashore_2024_2nd_sowing",0.505405405405405,17
"pressure_emphasis","Okinawa_2018_1st_sowing",0.316216216216216,29
"pressure_emphasis","Okinawa_2019_1st_sowing",0.87027027027027,4
"pressure_emphasis","Okinawa_2020_1st_sowing",0.454054054054054,19
"pressure_emphasis","Okinawa_2021_1st_sowing",0.181081081081081,35
"pressure_emphasis","Okinawa_2023_1st_sowing",0.310810810810811,31
"pressure_emphasis","Okinawa_2024_1st_sowing",0.108108108108108,37
"pressure_emphasis","Okinawa_2018_2nd_sowing",0.537837837837838,16
"pressure_emphasis","Okinawa_2019_2nd_sowing",0.745945945945946,8
"pressure_emphasis","Okinawa_2020_2nd_sowing",0.345945945945946,28
"pressure_emphasis","Okinawa_2021_2nd_sowing",0.391891891891892,24
"pressure_emphasis","Okinawa_2022_2nd_sowing",0.540540540540541,15
"pressure_emphasis","Okinawa_2023_2nd_sowing",0.402702702702703,23
"pressure_emphasis","Okinawa_2024_2nd_sowing",0.12972972972973,36
"pressure_emphasis","Quirusillas_2018_1st_sowing",0.494594594594595,18
"pressure_emphasis","Quirusillas_2019_1st_sowing",0.610810810810811,13
"pressure_emphasis","Quirusillas_2020_1st_sowing",0.432432432432432,21
"pressure_emphasis","Quirusillas_2021_1st_sowing",0.42972972972973,22
"pressure_emphasis","Quirusillas_2023_1st_sowing",0.283783783783784,33
"pressure_emphasis","Quirusillas_2024_1st_sowing",0.102702702702703,38
"pressure_emphasis","Quirusillas_2018_2nd_sowing",0.451351351351351,20
"pressure_emphasis","Quirusillas_2019_2nd_sowing",0.621621621621622,11
"pressure_emphasis","Quirusillas_2020_2nd_sowing",0.383783783783784,25
"pressure_emphasis","Quirusillas_2021_2nd_sowing",0.381081081081081,27
"pressure_emphasis","Quirusillas_2023_2nd_sowing",0.245945945945946,34
