"environment","location","year","sowing","n_nurseries","balanced_mean","balanced_median","between_nursery_iqr","discrimination_iqr","discrimination_mad","discrimination_sd","floor_pct_balanced","ceiling_pct_balanced","pooled_n","pooled_mean","pooled_median","pooled_iqr","balanced_minus_pooled_mean","balanced_minus_pooled_median","pressure_change_from_previous_year","discrimination_change_from_previous_year"
"Jashore_2018_1st_sowing","Jashore",2018,"1st",2,12.8486689291101,7.2325,0.762499999999999,12.53625,7.1825,19.3556758472376,42.7601809954751,0.980392156862745,103,12.8535922330097,7.14,10,-0.00492330389960394,0.0925000000000002,NA,NA
"Jashore_2019_1st_sowing","Jashore",2019,"1st",5,19.4709316271841,6.345,10,30,6.345,25.8628825449677,46.9015595388794,3.34567807103841,1119,17.0756568364611,0,28.68,2.39527479072294,6.345,-0.887499999999999,17.46375
"Jashore_2020_1st_sowing","Jashore",2020,"1st",5,2.44307331786373,0,0,0,0,8.04486708186426,87.7376618966023,0.33112582781457,1227,2.66208638956805,0,0,-0.219013071704319,0,-6.345,-30
"Jashore_2021_1st_sowing","Jashore",2021,"1st",3,11.3434581986944,0,1.7525,10,0,24.1561609951591,58.0600151022686,2.16274335992646,622,12.5220430721576,0,10,-1.1785848734632,0,0,10
"Jashore_2022_1st_sowing","Jashore",2022,"1st",5,16.7641779555205,10,2.631578947,10,4.5559210525,23.0237171594064,38.5216894271032,2.87020841263799,1170,16.9546515514342,10,10,-0.190473595913669,0,10,0
"Jashore_2023_1st_sowing","Jashore",2023,"1st",4,21.0401687868048,10,0.764264263999999,15.594729038125,8.432040858,27.1839868968004,23.2810391363023,3.98909131803869,740,21.665687822627,10,14.117647059,-0.625519035822229,0,0,5.594729038125
"Jashore_2024_1st_sowing","Jashore",2024,"1st",2,3.63942879282247,0,0,3.399122807,0,9.38418944342227,81.1255411255411,0,281,4.39619390831317,0,3.333333333,-0.756765115490699,0,-10,-12.195606231125
"Jashore_2018_2nd_sowing","Jashore",2018,"2nd",2,8.43832390648567,4.04,1,10,4.04,13.3467315297002,53.4313725490196,0,103,8.42990291262136,3.33,10,0.00842099386431094,0.71,NA,NA
"Jashore_2019_2nd_sowing","Jashore",2019,"2nd",5,13.049965005475,0,2.86,10,0,27.161908260132,59.4799586322242,3.09772738421261,1075,12.5832093023256,0,10,0.466755703149431,0,-4.04,0
"Jashore_2020_2nd_sowing","Jashore",2020,"2nd",5,4.47730682969871,0,0,0,0,12.0046937304865,81.5995136500539,0.401301266411061,1227,4.9081499592502,0,0,-0.430843129551495,0,0,-10
"Jashore_2021_2nd_sowing","Jashore",2021,"2nd",3,8.07937729292192,0,0,5.26363636375,0,21.0234440529893,72.2602514856036,2.04455169243902,622,8.01500800328778,0,0,0.0643692896341381,0,0,5.26363636375
"Jashore_2022_2nd_sowing","Jashore",2022,"2nd",5,20.7964745783985,10,0,10,10,26.4875789141759,33.889230824134,3.98554910544347,1170,20.3038525294504,10,20,0.492622048948025,0,10,4.73636363625
"Jashore_2023_2nd_sowing","Jashore",2023,"2nd",4,15.0745445647959,7.01505602225,1.788923903125,14.6763182675,5.72420634925,20.9647142384009,38.683085919928,3.27260458839406,740,16.3499793031203,7.947368421,20,-1.27543473832439,-0.93231239875,-2.98494397775,4.6763182675
"Jashore_2024_2nd_sowing","Jashore",2024,"2nd",2,7.07065010857087,6.1904761905,3.8095238095,4.7744360905,3.2957393485,8.29538552655506,54.4782608695652,0,280,9.867500634875,6.5,7.368421053,-2.79685052630413,-0.3095238095,-0.82457983175,-9.901882177
"Okinawa_2018_1st_sowing","Okinawa",2018,"1st",4,4.67957256506712,0,0,0,0,12.5256062120444,84.0432672568396,0,667,5.66779610194903,0,0,-0.988223536881903,0,NA,NA
"Okinawa_2019_1st_sowing","Okinawa",2019,"1st",5,17.5537209581923,0,0,20.6475,0,29.9296005175776,65.4308763622665,4.27686091467872,1219,17.5644626743232,0,19.945,-0.0107417161309264,0,0,20.6475
"Okinawa_2020_1st_sowing","Okinawa",2020,"1st",5,5.9034960514424,0,0,0,0,15.1807964216207,82.5823366642119,0.0662251655629139,1210,6.67264462809917,0,0,-0.769148576656778,0,0,-20.6475
"Okinawa_2021_1st_sowing","Okinawa",2021,"1st",1,3.47075727019231,0,0,0,0,8.15660771072499,82.6923076923077,0,52,3.47075727019231,0,0,0,0,0,0
"Okinawa_2023_1st_sowing","Okinawa",2023,"1st",4,5.73489455523393,0,0,0,0,19.2362139543642,89.5972784525416,0.652271704903284,740,5.44657489517973,0,0,0.288319660054206,0,NA,NA
"Okinawa_2024_1st_sowing","Okinawa",2024,"1st",3,1.55010498357998,0,0,0,0,6.99347048204038,96.0503048071106,0,512,1.31828992627539,0,0,0.231815057304586,0,0,0
"Okinawa_2018_2nd_sowing","Okinawa",2018,"2nd",4,7.43858623426298,0,0,2.91125,0,16.271778051619,78.0522404207863,0,667,7.43389805097451,0,0,0.00468818328846687,0,NA,NA
"Okinawa_2019_2nd_sowing","Okinawa",2019,"2nd",5,13.4273889998493,0,0,1.1,0,27.5183164964336,73.5352286711385,1.56361340229397,1218,13.5774466338259,0,6.8,-0.150057633976655,0,0,-1.81125
"Okinawa_2020_2nd_sowing","Okinawa",2020,"2nd",5,3.9972730968343,0,0,0,0,14.1669001477509,86.7100365885657,0,1221,4.50312858312858,0,0,-0.50585548629428,0,0,-1.1
"Okinawa_2021_2nd_sowing","Okinawa",2021,"2nd",1,5.54650332134615,0,0,2.8273809525,0,10.349254760502,75,0,52,5.54650332134615,0,2.8273809525,0,0,0,2.8273809525
"Okinawa_2022_2nd_sowing","Okinawa",2022,"2nd",5,7.60081141006701,0,0,0,0,19.801204134195,81.7134976525822,0.148547535211268,1174,7.68125356557751,0,0,-0.080442155510501,0,0,-2.8273809525
"Okinawa_2023_2nd_sowing","Okinawa",2023,"2nd",4,7.5771642256761,0,0,0,0,21.3981399658543,87.8667341430499,0.759109311740891,740,6.76282423516081,0,0,0.814339990515285,0,0,0
"Okinawa_2024_2nd_sowing","Okinawa",2024,"2nd",3,2.25061758809366,0,0,0,0,10.4611524228083,94.5350401722216,0,514,2.2945287717179,0,0,-0.0439111836242336,0,0,0
"Quirusillas_2018_1st_sowing","Quirusillas",2018,"1st",4,6.54104065192558,0,0,0.1625,0,16.5898297979074,79.9831463245706,0,662,7.13628398791541,0,0,-0.595243335989829,0,NA,NA
"Quirusillas_2019_1st_sowing","Quirusillas",2019,"1st",5,9.98782716408064,0,0,0,0,23.8768375889985,79.7305224543196,1.04503628438272,1219,10.3665545529122,0,0,-0.378727388831583,0,0,-0.1625
"Quirusillas_2020_1st_sowing","Quirusillas",2020,"1st",5,6.45289315973906,0,0,0,0,19.5883263622422,85.5407990406248,1.8342559032695,1227,7.09092909535452,0,0,-0.638035935615459,0,0,0
"Quirusillas_2021_1st_sowing","Quirusillas",2021,"1st",4,8.06502925386144,0,0,0,0,22.6342189019921,88.0160485630543,1.27056263121913,906,8.55232852100442,0,0,-0.487299267142976,0,0,0
"Quirusillas_2023_1st_sowing","Quirusillas",2023,"1st",4,4.95593676253116,0,0,0,0,16.8336599077867,90.2351457826765,0.216486729644624,739,4.86304405396752,0,0,0.0928927085636335,0,NA,NA
"Quirusillas_2024_1st_sowing","Quirusillas",2024,"1st",3,1.54344599105468,0,0,0,0,7.41278056329349,95.8492401893949,0,498,1.14049241080321,0,0,0.402953580251463,0,0,0
"Quirusillas_2018_2nd_sowing","Quirusillas",2018,"2nd",4,7.76519959853473,0,0,0,0,19.7850050904981,83.6750290861197,1.05263157894737,667,8.73673163418291,0,0,-0.971532035648182,0,NA,NA
"Quirusillas_2019_2nd_sowing","Quirusillas",2019,"2nd",5,11.5200200920769,0,0,0,0,25.0326223443371,79.4164721369097,1.9961646621717,1220,11.782237704918,0,0,-0.262217612841097,0,0,0
"Quirusillas_2020_2nd_sowing","Quirusillas",2020,"2nd",5,4.78895555300979,0,0,0,0,14.1216837351182,87.2884389921685,0,1227,5.46237163814181,0,0,-0.673416085132022,0,0,0
"Quirusillas_2021_2nd_sowing","Quirusillas",2021,"2nd",4,7.51775805864657,0,0,0,0,20.7250141781926,88.2798263821604,1.49928708697539,906,8.42476846153642,0,0,-0.907010402889852,0,0,0
"Quirusillas_2023_2nd_sowing","Quirusillas",2023,"2nd",4,4.48986439822622,0,0,0,0,16.3675744539322,90.4685883068679,1.14383715699505,739,4.08473163721786,0,0,0.405132761008361,0,NA,NA
