"GID","n_environments","n_pressure_levels","n_years","adjusted_effect","adjusted_effect_ci_low","adjusted_effect_ci_high","pressure_sensitivity","sensitivity_ci_low","sensitivity_ci_high","reaction_r2","failure_environments","failure_fraction","max_relative_disease","worst_environment","portfolio_role","effect_class","sensitivity_class","background_minus_candidate","ci_low","ci_high"
8048389,16,3,3,-0.0561246181463169,-0.0622222222222222,-0.0498220640569395,0.0234880673690175,0.00245085470524588,0.0589317142879171,0.21116354701548,2,0.125,5.09,"52IBWSN::Jashore_2021_1st_sowing","intermediate_candidate","robust_advantage","advantage_erodes_under_pressure",0.0561246181463169,0.0498220640569395,0.0622222222222222
8048669,21,5,4,-0.0569395017793594,-0.079295154185022,-0.0498220640569395,-0.0628339504059262,-0.0985765768225046,0.00546971921402118,0.455762295796605,1,0.0476190476190476,0.119047619,"55IBWSN::Jashore_2023_2nd_sowing","intermediate_candidate","robust_advantage","pressure_stable",0.0569395017793594,0.0498220640569395,0.079295154185022
7398245,20,2,5,-0.0609783677482792,-0.100011480909798,-0.0292207792207792,NA,NA,NA,NA,4,0.2,25.14,"50IBWSN::Quirusillas_2019_2nd_sowing","long_term_anchor","robust_advantage","insufficient_pressure_range",0.0609783677482792,0.0292207792207792,0.100011480909798
6341870,39,6,5,-0.0912280701754386,-0.106761565836299,-0.0738831615120275,-0.0434759021057369,-0.11277509045529,0.0676522408530473,0.0333039110056552,5,0.128205128205128,45.40816327,"53IBWSN::Jashore_2021_1st_sowing","long_term_anchor","robust_advantage","pressure_stable",0.0912280701754386,0.0738831615120275,0.106761565836299
6176368,22,3,3,-0.100369694939645,-0.115235029215825,-0.0824742268041237,0.100677371297979,0.0481633100160833,0.190797219035943,0.146462547595814,2,0.0909090909090909,10,"51IBWSN::Jashore_2019_1st_sowing","intermediate_candidate","robust_advantage","advantage_erodes_under_pressure",0.100369694939645,0.0824742268041237,0.115235029215825
7694609,22,3,3,-0.100369694939645,-0.118556701030928,-0.0825556158437331,-0.152012588747777,-0.217677180698004,-0.112245102162759,0.15239420787855,4,0.181818181818182,10.81,"51IBWSN::Okinawa_2019_1st_sowing","intermediate_candidate","robust_advantage","advantage_strengthens_under_pressure",0.100369694939645,0.0825556158437331,0.118556701030928
7400724,15,4,2,-0.101083032490975,-0.128158844765343,-0.07,-0.0678352861125018,-0.127832844484489,0.0131542646463882,0.331780625767842,0,0,0,"50IBWSN::Okinawa_2018_1st_sowing","provisional_strong_unique_pedigree","robust_advantage","pressure_stable",0.101083032490975,0.07,0.128158844765343
7630418,15,1,3,-0.101724137931034,-0.152920962199313,-0.0893470790378007,NA,NA,NA,NA,1,0.0666666666666667,4.02,"51IBWSN::Okinawa_2019_1st_sowing","intermediate_candidate","robust_advantage","insufficient_pressure_range",0.101724137931034,0.0893470790378007,0.152920962199313
7310617,15,4,2,-0.110507246376812,-0.14,-0.0740072202166065,-0.0739910654415347,-0.116709758232901,-0.046122164261064,0.619898339688253,0,0,0,"50IBWSN::Okinawa_2018_1st_sowing","provisional_strong_unique_pedigree","robust_advantage","advantage_strengthens_under_pressure",0.110507246376812,0.0740072202166065,0.14
7624738,18,4,2,-0.117788988813336,-0.145609417269869,-0.0902875746066197,-0.0317901295714871,-0.0476425001703083,0.0731304021429013,0.266423600548269,1,0.0555555555555556,0,"10HLBSN::Jashore_2019_2nd_sowing","provisional_strong_unique_pedigree","robust_advantage","pressure_stable",0.117788988813336,0.0902875746066197,0.145609417269869
7626498,18,4,2,-0.122084521459384,-0.154639175257732,-0.0910458491589799,-0.0244286032110196,-0.110591238555276,-0.0090451905023411,0.0645317466588792,2,0.111111111111111,8.18,"51IBWSN::Jashore_2020_2nd_sowing","provisional_strong_unique_pedigree","robust_advantage","advantage_strengthens_under_pressure",0.122084521459384,0.0910458491589799,0.154639175257732
7462304,18,4,2,-0.122852233676976,-0.154639175257732,-0.0964761040532365,-0.0306579230417504,-0.0994195382945866,-0.0196833690844862,0.149023180255174,1,0.0555555555555556,2.82,"51IBWSN::Quirusillas_2020_1st_sowing","provisional_strong_unique_pedigree","robust_advantage","advantage_strengthens_under_pressure",0.122852233676976,0.0964761040532365,0.154639175257732
7627645,18,4,2,-0.122852233676976,-0.156357388316151,-0.0954422137818774,-0.0465182507974783,-0.0769817843133825,-0.0412593766238777,0.723945621513416,0,0,0,"10HLBSN::Okinawa_2019_2nd_sowing","provisional_strong_unique_pedigree","robust_advantage","advantage_strengthens_under_pressure",0.122852233676976,0.0954422137818774,0.156357388316151
7629600,18,4,2,-0.122852233676976,-0.152920962199313,-0.0964761040532365,-0.0256831894789721,-0.0771726072193948,-0.0193585707341252,0.391450238620269,0,0,0,"10HLBSN::Okinawa_2019_2nd_sowing","provisional_strong_unique_pedigree","robust_advantage","advantage_strengthens_under_pressure",0.122852233676976,0.0964761040532365,0.152920962199313
